outcome,min_cell_per_group,eligible_strata,total_strata,missing_total,present_total,missing_in_common_support,present_in_common_support,missing_coverage,present_coverage,overlap_weight_sum,weighted_missing_mean,weighted_present_mean,adjusted_difference_missing_minus_present,model,scheme,strata
in_gt_total,5,90,116,8854,17732,8758,17607,0.9891574429636323,0.9929505977893075,4388.946261963932,14.673278277376546,17.04470520818831,-2.371426930811765,E10a,coarse_class_size_density,class|size_bin|density_bin
in_gt_cap10,5,90,116,8854,17732,8758,17607,0.9891574429636323,0.9929505977893075,4388.946261963932,7.853886575185357,8.564825180310814,-0.7109386051254569,E10a,coarse_class_size_density,class|size_bin|density_bin
zero_in_gt,5,90,116,8854,17732,8758,17607,0.9891574429636323,0.9929505977893075,4388.946261963932,0.004303031108785876,0.0004072127082553218,0.003895818400530554,E10a,coarse_class_size_density,class|size_bin|density_bin
tal_preconflict_total,5,90,116,8854,17732,8758,17607,0.9891574429636323,0.9929505977893075,4388.946261963932,7.7937714917020005,8.541366950417757,-0.7475954587157565,E10a,coarse_class_size_density,class|size_bin|density_bin
tal_final_total,5,90,116,8854,17732,8758,17607,0.9891574429636323,0.9929505977893075,4388.946261963932,6.90254276684539,8.048636865591028,-1.146094098745638,E10a,coarse_class_size_density,class|size_bin|density_bin
zero_final_positive,5,90,116,8854,17732,8758,17607,0.9891574429636323,0.9929505977893075,4388.946261963932,0.020758142114883645,0.0012237179244543582,0.019534424190429285,E10a,coarse_class_size_density,class|size_bin|density_bin
conflict_loss_fraction,5,90,116,8854,17732,8758,17607,0.9891574429636323,0.9929505977893075,4388.946261963932,0.12627096474913263,0.062492121552687595,0.06377884319644503,E10a,coarse_class_size_density,class|size_bin|density_bin
target_weight_mean,5,90,116,8854,17732,8758,17607,0.9891574429636323,0.9929505977893075,4388.946261963932,0.32888962628675367,0.4961843325745428,-0.16729470628778914,E10a,coarse_class_size_density,class|size_bin|density_bin
target_weight_max,5,90,116,8854,17732,8758,17607,0.9891574429636323,0.9929505977893075,4388.946261963932,0.6239871893640013,0.8326465689560837,-0.20865937959208236,E10a,coarse_class_size_density,class|size_bin|density_bin
p2_final_share,5,90,116,8854,17732,8758,17607,0.9891574429636323,0.9929505977893075,4388.946261963932,0.7743714529286935,0.7725643801351485,0.0018070727935449726,E10a,coarse_class_size_density,class|size_bin|density_bin
in_gt_P2,5,90,116,8854,17732,8758,17607,0.9891574429636323,0.9929505977893075,4388.946261963932,11.031986828584918,12.842216345205488,-1.81022951662057,E10a,coarse_class_size_density,class|size_bin|density_bin
tal_preconflict_P2,5,90,116,8854,17732,8758,17607,0.9891574429636323,0.9929505977893075,4388.946261963932,6.105327329670969,6.610463057650682,-0.5051357279797131,E10a,coarse_class_size_density,class|size_bin|density_bin
tal_final_P2,5,90,116,8854,17732,8758,17607,0.9891574429636323,0.9929505977893075,4388.946261963932,5.420914502493041,6.246435758269043,-0.8255212557760023,E10a,coarse_class_size_density,class|size_bin|density_bin
in_gt_P3,5,90,116,8854,17732,8758,17607,0.9891574429636323,0.9929505977893075,4388.946261963932,2.7646526581203372,3.207126879072315,-0.44247422095197786,E10a,coarse_class_size_density,class|size_bin|density_bin
tal_preconflict_P3,5,90,116,8854,17732,8758,17607,0.9891574429636323,0.9929505977893075,4388.946261963932,1.3692531289193324,1.6187715689056528,-0.2495184399863204,E10a,coarse_class_size_density,class|size_bin|density_bin
tal_final_P3,5,90,116,8854,17732,8758,17607,0.9891574429636323,0.9929505977893075,4388.946261963932,1.2012996697037546,1.5174399705444666,-0.316140300840712,E10a,coarse_class_size_density,class|size_bin|density_bin
in_gt_P4,5,90,116,8854,17732,8758,17607,0.9891574429636323,0.9929505977893075,4388.946261963932,0.7089947326443607,0.789493926873584,-0.08049919422922325,E10a,coarse_class_size_density,class|size_bin|density_bin
tal_preconflict_P4,5,90,116,8854,17732,8758,17607,0.9891574429636323,0.9929505977893075,4388.946261963932,0.2685940085926149,0.26801820866129505,0.0005757999313198425,E10a,coarse_class_size_density,class|size_bin|density_bin
tal_final_P4,5,90,116,8854,17732,8758,17607,0.9891574429636323,0.9929505977893075,4388.946261963932,0.23506047753467577,0.24521542628783913,-0.010154948753163362,E10a,coarse_class_size_density,class|size_bin|density_bin
in_gt_P5,5,90,116,8854,17732,8758,17607,0.9891574429636323,0.9929505977893075,4388.946261963932,0.16764405802693017,0.20586805703692806,-0.0382239990099979,E10a,coarse_class_size_density,class|size_bin|density_bin
tal_preconflict_P5,5,90,116,8854,17732,8758,17607,0.9891574429636323,0.9929505977893075,4388.946261963932,0.050597024519085695,0.044114115200128846,0.006482909318956849,E10a,coarse_class_size_density,class|size_bin|density_bin
tal_final_P5,5,90,116,8854,17732,8758,17607,0.9891574429636323,0.9929505977893075,4388.946261963932,0.0452681171139192,0.03954571048968004,0.00572240662423916,E10a,coarse_class_size_density,class|size_bin|density_bin
in_gt_total,10,71,116,8854,17732,8263,17029,0.9332505082448611,0.9603541619670652,4289.15436865567,14.509283208483927,16.90617568667437,-2.396892478190443,E10a,coarse_class_size_density,class|size_bin|density_bin
in_gt_cap10,10,71,116,8854,17732,8263,17029,0.9332505082448611,0.9603541619670652,4289.15436865567,7.863931660236536,8.58130518181457,-0.7173735215780335,E10a,coarse_class_size_density,class|size_bin|density_bin
zero_in_gt,10,71,116,8854,17732,8263,17029,0.9332505082448611,0.9603541619670652,4289.15436865567,0.004222143072452196,0.00041668695973783954,0.003805456112714357,E10a,coarse_class_size_density,class|size_bin|density_bin
tal_preconflict_total,10,71,116,8854,17732,8263,17029,0.9332505082448611,0.9603541619670652,4289.15436865567,7.8030539997709,8.557860605025292,-0.7548066052543918,E10a,coarse_class_size_density,class|size_bin|density_bin
tal_final_total,10,71,116,8854,17732,8263,17029,0.9332505082448611,0.9603541619670652,4289.15436865567,6.906783783115674,8.059758774249419,-1.1529749911337444,E10a,coarse_class_size_density,class|size_bin|density_bin
zero_final_positive,10,71,116,8854,17732,8263,17029,0.9332505082448611,0.9603541619670652,4289.15436865567,0.020674970317363078,0.0012521890677288851,0.019422781249634192,E10a,coarse_class_size_density,class|size_bin|density_bin
conflict_loss_fraction,10,71,116,8854,17732,8263,17029,0.9332505082448611,0.9603541619670652,4289.15436865567,0.12689818984932355,0.06318462201901172,0.06371356783031183,E10a,coarse_class_size_density,class|size_bin|density_bin
target_weight_mean,10,71,116,8854,17732,8263,17029,0.9332505082448611,0.9603541619670652,4289.15436865567,0.3297560994921901,0.49602872241143287,-0.16627262291924277,E10a,coarse_class_size_density,class|size_bin|density_bin
target_weight_max,10,71,116,8854,17732,8263,17029,0.9332505082448611,0.9603541619670652,4289.15436865567,0.6246438854124057,0.8326836746138315,-0.20803978920142585,E10a,coarse_class_size_density,class|size_bin|density_bin
p2_final_share,10,71,116,8854,17732,8263,17029,0.9332505082448611,0.9603541619670652,4289.15436865567,0.7769599994192183,0.7750907644576279,0.0018692349615904158,E10a,coarse_class_size_density,class|size_bin|density_bin
in_gt_P2,10,71,116,8854,17732,8263,17029,0.9332505082448611,0.9603541619670652,4289.15436865567,10.91087202042531,12.738142734350784,-1.8272707139254738,E10a,coarse_class_size_density,class|size_bin|density_bin
tal_preconflict_P2,10,71,116,8854,17732,8263,17029,0.9332505082448611,0.9603541619670652,4289.15436865567,6.136412408229834,6.648629546520612,-0.5122171382907785,E10a,coarse_class_size_density,class|size_bin|density_bin
tal_final_P2,10,71,116,8854,17732,8263,17029,0.9332505082448611,0.9603541619670652,4289.15436865567,5.44622804589267,6.280612251899767,-0.8343842060070976,E10a,coarse_class_size_density,class|size_bin|density_bin
in_gt_P3,10,71,116,8854,17732,8263,17029,0.9332505082448611,0.9603541619670652,4289.15436865567,2.7333651656502322,3.1813611400083084,-0.44799597435807614,E10a,coarse_class_size_density,class|size_bin|density_bin
tal_preconflict_P3,10,71,116,8854,17732,8263,17029,0.9332505082448611,0.9603541619670652,4289.15436865567,1.352834065789125,1.5993059250893171,-0.24647185930019222,E10a,coarse_class_size_density,class|size_bin|density_bin
tal_final_P3,10,71,116,8854,17732,8263,17029,0.9332505082448611,0.9603541619670652,4289.15436865567,1.1857418964146744,1.4969549057171092,-0.3112130093024348,E10a,coarse_class_size_density,class|size_bin|density_bin
in_gt_P4,10,71,116,8854,17732,8263,17029,0.9332505082448611,0.9603541619670652,4289.15436865567,0.6986050908386652,0.7827478680547783,-0.08414277721611307,E10a,coarse_class_size_density,class|size_bin|density_bin
tal_preconflict_P4,10,71,116,8854,17732,8263,17029,0.9332505082448611,0.9603541619670652,4289.15436865567,0.26261429332659164,0.265239282793507,-0.0026249894669153617,E10a,coarse_class_size_density,class|size_bin|density_bin
tal_final_P4,10,71,116,8854,17732,8263,17029,0.9332505082448611,0.9603541619670652,4289.15436865567,0.22895483491028853,0.24218045968074428,-0.013225624770455746,E10a,coarse_class_size_density,class|size_bin|density_bin
in_gt_P5,10,71,116,8854,17732,8263,17029,0.9332505082448611,0.9603541619670652,4289.15436865567,0.16644093156972153,0.20392394426049756,-0.03748301269077603,E10a,coarse_class_size_density,class|size_bin|density_bin
tal_preconflict_P5,10,71,116,8854,17732,8263,17029,0.9332505082448611,0.9603541619670652,4289.15436865567,0.051193232425350094,0.044685850621856385,0.006507381803493709,E10a,coarse_class_size_density,class|size_bin|density_bin
tal_final_P5,10,71,116,8854,17732,8263,17029,0.9332505082448611,0.9603541619670652,4289.15436865567,0.045859005898041524,0.0400111569517969,0.005847848946244627,E10a,coarse_class_size_density,class|size_bin|density_bin
in_gt_total,20,54,116,8854,17732,7941,16313,0.8968827648520443,0.9199751861042184,4126.01549987888,14.176953845281917,16.621239071905826,-2.4442852266239097,E10a,coarse_class_size_density,class|size_bin|density_bin
in_gt_cap10,20,54,116,8854,17732,7941,16313,0.8968827648520443,0.9199751861042184,4126.01549987888,7.866595826023029,8.595813390593097,-0.7292175645700683,E10a,coarse_class_size_density,class|size_bin|density_bin
zero_in_gt,20,54,116,8854,17732,7941,16313,0.8968827648520443,0.9199751861042184,4126.01549987888,0.003989580863255424,0.00043316237997018385,0.0035564184832852404,E10a,coarse_class_size_density,class|size_bin|density_bin
tal_preconflict_total,20,54,116,8854,17732,7941,16313,0.8968827648520443,0.9199751861042184,4126.01549987888,7.804270527069538,8.571842969979627,-0.7675724429100894,E10a,coarse_class_size_density,class|size_bin|density_bin
tal_final_total,20,54,116,8854,17732,7941,16313,0.8968827648520443,0.9199751861042184,4126.01549987888,6.902902405776777,8.065201569958706,-1.1622991641819294,E10a,coarse_class_size_density,class|size_bin|density_bin
zero_final_positive,20,54,116,8854,17732,7941,16313,0.8968827648520443,0.9199751861042184,4126.01549987888,0.020948344132957087,0.001301699475047992,0.019646644657909097,E10a,coarse_class_size_density,class|size_bin|density_bin
conflict_loss_fraction,20,54,116,8854,17732,7941,16313,0.8968827648520443,0.9199751861042184,4126.01549987888,0.12835405086844162,0.06432689411174802,0.0640271567566936,E10a,coarse_class_size_density,class|size_bin|density_bin
target_weight_mean,20,54,116,8854,17732,7941,16313,0.8968827648520443,0.9199751861042184,4126.01549987888,0.32991665455192865,0.4961330953405566,-0.16621644078862796,E10a,coarse_class_size_density,class|size_bin|density_bin
target_weight_max,20,54,116,8854,17732,7941,16313,0.8968827648520443,0.9199751861042184,4126.01549987888,0.6242705325807407,0.8326303527785994,-0.2083598201978587,E10a,coarse_class_size_density,class|size_bin|density_bin
p2_final_share,20,54,116,8854,17732,7941,16313,0.8968827648520443,0.9199751861042184,4126.01549987888,0.7809365902756911,0.7794600153096862,0.00147657496600484,E10a,coarse_class_size_density,class|size_bin|density_bin
in_gt_P2,20,54,116,8854,17732,7941,16313,0.8968827648520443,0.9199751861042184,4126.01549987888,10.660998607132434,12.520164267512651,-1.8591656603802171,E10a,coarse_class_size_density,class|size_bin|density_bin
tal_preconflict_P2,20,54,116,8854,17732,7941,16313,0.8968827648520443,0.9199751861042184,4126.01549987888,6.1745495221831295,6.701979386135689,-0.5274298639525599,E10a,coarse_class_size_density,class|size_bin|density_bin
tal_final_P2,20,54,116,8854,17732,7941,16313,0.8968827648520443,0.9199751861042184,4126.01549987888,5.479230029016053,6.32800808837355,-0.848778059357497,E10a,coarse_class_size_density,class|size_bin|density_bin
in_gt_P3,20,54,116,8854,17732,7941,16313,0.8968827648520443,0.9199751861042184,4126.01549987888,2.6683620876238674,3.1291451039058735,-0.46078301628200613,E10a,coarse_class_size_density,class|size_bin|density_bin
tal_preconflict_P3,20,54,116,8854,17732,7941,16313,0.8968827648520443,0.9199751861042184,4126.01549987888,1.3216980181794318,1.5651597390454302,-0.24346172086599838,E10a,coarse_class_size_density,class|size_bin|density_bin
tal_final_P3,20,54,116,8854,17732,7941,16313,0.8968827648520443,0.9199751861042184,4126.01549987888,1.154613726858113,1.4611657626586614,-0.30655203580054846,E10a,coarse_class_size_density,class|size_bin|density_bin
in_gt_P4,20,54,116,8854,17732,7941,16313,0.8968827648520443,0.9199751861042184,4126.01549987888,0.6844240202170873,0.7705031917699893,-0.08607917155290201,E10a,coarse_class_size_density,class|size_bin|density_bin
tal_preconflict_P4,20,54,116,8854,17732,7941,16313,0.8968827648520443,0.9199751861042184,4126.01549987888,0.25579418395088865,0.25877420006340507,-0.002980016112516415,E10a,coarse_class_size_density,class|size_bin|density_bin
tal_final_P4,20,54,116,8854,17732,7941,16313,0.8968827648520443,0.9199751861042184,4126.01549987888,0.2222974274340098,0.2349576009618681,-0.01266017352785831,E10a,coarse_class_size_density,class|size_bin|density_bin
in_gt_P5,20,54,116,8854,17732,7941,16313,0.8968827648520443,0.9199751861042184,4126.01549987888,0.16316913030852712,0.2014265087173106,-0.03825737840878349,E10a,coarse_class_size_density,class|size_bin|density_bin
tal_preconflict_P5,20,54,116,8854,17732,7941,16313,0.8968827648520443,0.9199751861042184,4126.01549987888,0.052228802756088405,0.045929644735101485,0.00629915802098692,E10a,coarse_class_size_density,class|size_bin|density_bin
tal_final_P5,20,54,116,8854,17732,7941,16313,0.8968827648520443,0.9199751861042184,4126.01549987888,0.046761222468601184,0.04107011796462491,0.005691104503976273,E10a,coarse_class_size_density,class|size_bin|density_bin
in_gt_total,5,245,889,8854,17732,7280,13950,0.8222272419245539,0.7867132867132867,3637.002606614156,14.092755928710467,15.486823759229354,-1.3940678305188872,E10a,fine_class_side2_nnlog2,class|side2_bin|nnlog2_bin
in_gt_cap10,5,245,889,8854,17732,7280,13950,0.8222272419245539,0.7867132867132867,3637.002606614156,8.033393375339518,8.36678374386316,-0.33339036852364146,E10a,fine_class_side2_nnlog2,class|side2_bin|nnlog2_bin
zero_in_gt,5,245,889,8854,17732,7280,13950,0.8222272419245539,0.7867132867132867,3637.002606614156,0.0018985926035712003,0.0006195107067667281,0.0012790818968044723,E10a,fine_class_side2_nnlog2,class|side2_bin|nnlog2_bin
tal_preconflict_total,5,245,889,8854,17732,7280,13950,0.8222272419245539,0.7867132867132867,3637.002606614156,7.969679648002319,8.339754082607842,-0.3700744346055229,E10a,fine_class_side2_nnlog2,class|side2_bin|nnlog2_bin
tal_final_total,5,245,889,8854,17732,7280,13950,0.8222272419245539,0.7867132867132867,3637.002606614156,7.070245977636632,7.83619743912452,-0.7659514614878882,E10a,fine_class_side2_nnlog2,class|side2_bin|nnlog2_bin
zero_final_positive,5,245,889,8854,17732,7280,13950,0.8222272419245539,0.7867132867132867,3637.002606614156,0.012495360738189392,0.001209501141292622,0.01128585959689677,E10a,fine_class_side2_nnlog2,class|side2_bin|nnlog2_bin
conflict_loss_fraction,5,245,889,8854,17732,7280,13950,0.8222272419245539,0.7867132867132867,3637.002606614156,0.12232549179902057,0.06501557309407706,0.05730991870494351,E10a,fine_class_side2_nnlog2,class|side2_bin|nnlog2_bin
target_weight_mean,5,245,889,8854,17732,7280,13950,0.8222272419245539,0.7867132867132867,3637.002606614156,0.3279815498371116,0.4919155687530139,-0.1639340189159023,E10a,fine_class_side2_nnlog2,class|side2_bin|nnlog2_bin
target_weight_max,5,245,889,8854,17732,7280,13950,0.8222272419245539,0.7867132867132867,3637.002606614156,0.6270940091844723,0.8306167038405023,-0.20352269465603,E10a,fine_class_side2_nnlog2,class|side2_bin|nnlog2_bin
p2_final_share,5,245,889,8854,17732,7280,13950,0.8222272419245539,0.7867132867132867,3637.002606614156,0.7833747864525594,0.7825417778890015,0.0008330085635579465,E10a,fine_class_side2_nnlog2,class|side2_bin|nnlog2_bin
in_gt_P2,5,245,889,8854,17732,7280,13950,0.8222272419245539,0.7867132867132867,3637.002606614156,10.594391447888238,11.66353327586751,-1.069141827979271,E10a,fine_class_side2_nnlog2,class|side2_bin|nnlog2_bin
tal_preconflict_P2,5,245,889,8854,17732,7280,13950,0.8222272419245539,0.7867132867132867,3637.002606614156,6.325604908222104,6.556550231793401,-0.23094532357129705,E10a,fine_class_side2_nnlog2,class|side2_bin|nnlog2_bin
tal_final_P2,5,245,889,8854,17732,7280,13950,0.8222272419245539,0.7867132867132867,3637.002606614156,5.628837685535002,6.18728180751551,-0.5584441219805081,E10a,fine_class_side2_nnlog2,class|side2_bin|nnlog2_bin
in_gt_P3,5,245,889,8854,17732,7280,13950,0.8222272419245539,0.7867132867132867,3637.002606614156,2.6609240385378214,2.9167333818084793,-0.25580934327065785,E10a,fine_class_side2_nnlog2,class|side2_bin|nnlog2_bin
tal_preconflict_P3,5,245,889,8854,17732,7280,13950,0.8222272419245539,0.7867132867132867,3637.002606614156,1.3334806505655794,1.4850881107050784,-0.151607460139499,E10a,fine_class_side2_nnlog2,class|side2_bin|nnlog2_bin
tal_final_P3,5,245,889,8854,17732,7280,13950,0.8222272419245539,0.7867132867132867,3637.002606614156,1.169234114735594,1.3797408874377115,-0.21050677270211748,E10a,fine_class_side2_nnlog2,class|side2_bin|nnlog2_bin
in_gt_P4,5,245,889,8854,17732,7280,13950,0.8222272419245539,0.7867132867132867,3637.002606614156,0.6764503399964457,0.7184254769235086,-0.041975136927062895,E10a,fine_class_side2_nnlog2,class|side2_bin|nnlog2_bin
tal_preconflict_P4,5,245,889,8854,17732,7280,13950,0.8222272419245539,0.7867132867132867,3637.002606614156,0.2567343540106944,0.25028259864020763,0.006451755370486756,E10a,fine_class_side2_nnlog2,class|side2_bin|nnlog2_bin
tal_final_P4,5,245,889,8854,17732,7280,13950,0.8222272419245539,0.7867132867132867,3637.002606614156,0.22367714175959025,0.22619604733720428,-0.002518905577614028,E10a,fine_class_side2_nnlog2,class|side2_bin|nnlog2_bin
in_gt_P5,5,245,889,8854,17732,7280,13950,0.8222272419245539,0.7867132867132867,3637.002606614156,0.16099010228796815,0.18813162462985505,-0.02714152234188691,E10a,fine_class_side2_nnlog2,class|side2_bin|nnlog2_bin
tal_preconflict_P5,5,245,889,8854,17732,7280,13950,0.8222272419245539,0.7867132867132867,3637.002606614156,0.05385973520394155,0.0478331414691529,0.00602659373478865,E10a,fine_class_side2_nnlog2,class|side2_bin|nnlog2_bin
tal_final_P5,5,245,889,8854,17732,7280,13950,0.8222272419245539,0.7867132867132867,3637.002606614156,0.04849703560644622,0.0429786968340937,0.00551833877235252,E10a,fine_class_side2_nnlog2,class|side2_bin|nnlog2_bin
in_gt_total,10,150,889,8854,17732,6358,10580,0.7180935170544387,0.596661403113016,3168.2875241144975,12.675514418343147,14.047545713714381,-1.3720312953712348,E10a,fine_class_side2_nnlog2,class|side2_bin|nnlog2_bin
in_gt_cap10,10,150,889,8854,17732,6358,10580,0.7180935170544387,0.596661403113016,3168.2875241144975,7.9233819521940045,8.284114926649089,-0.36073297445508423,E10a,fine_class_side2_nnlog2,class|side2_bin|nnlog2_bin
zero_in_gt,10,150,889,8854,17732,6358,10580,0.7180935170544387,0.596661403113016,3168.2875241144975,0.0019810496661173856,0.00043570375860837074,0.0015453459075090148,E10a,fine_class_side2_nnlog2,class|side2_bin|nnlog2_bin
tal_preconflict_total,10,150,889,8854,17732,6358,10580,0.7180935170544387,0.596661403113016,3168.2875241144975,7.85366582573836,8.255348057992435,-0.4016822322540756,E10a,fine_class_side2_nnlog2,class|side2_bin|nnlog2_bin
tal_final_total,10,150,889,8854,17732,6358,10580,0.7180935170544387,0.596661403113016,3168.2875241144975,6.929020387239746,7.72452059588542,-0.7955002086456746,E10a,fine_class_side2_nnlog2,class|side2_bin|nnlog2_bin
zero_final_positive,10,150,889,8854,17732,6358,10580,0.7180935170544387,0.596661403113016,3168.2875241144975,0.012281544105415489,0.0010393306076107423,0.011242213497804746,E10a,fine_class_side2_nnlog2,class|side2_bin|nnlog2_bin
conflict_loss_fraction,10,150,889,8854,17732,6358,10580,0.7180935170544387,0.596661403113016,3168.2875241144975,0.12626132791607395,0.06818385260637122,0.058077475309702725,E10a,fine_class_side2_nnlog2,class|side2_bin|nnlog2_bin
target_weight_mean,10,150,889,8854,17732,6358,10580,0.7180935170544387,0.596661403113016,3168.2875241144975,0.32785951569213434,0.48712384587279567,-0.15926433018066133,E10a,fine_class_side2_nnlog2,class|side2_bin|nnlog2_bin
target_weight_max,10,150,889,8854,17732,6358,10580,0.7180935170544387,0.596661403113016,3168.2875241144975,0.6262865976381503,0.8293206789015263,-0.20303408126337597,E10a,fine_class_side2_nnlog2,class|side2_bin|nnlog2_bin
p2_final_share,10,150,889,8854,17732,6358,10580,0.7180935170544387,0.596661403113016,3168.2875241144975,0.7866519462399869,0.7918589795650169,-0.0052070333250300305,E10a,fine_class_side2_nnlog2,class|side2_bin|nnlog2_bin
in_gt_P2,10,150,889,8854,17732,6358,10580,0.7180935170544387,0.596661403113016,3168.2875241144975,9.521563084363342,10.58620293956822,-1.064639855204879,E10a,fine_class_side2_nnlog2,class|side2_bin|nnlog2_bin
tal_preconflict_P2,10,150,889,8854,17732,6358,10580,0.7180935170544387,0.596661403113016,3168.2875241144975,6.262388500852621,6.583908904496444,-0.32152040364382284,E10a,fine_class_side2_nnlog2,class|side2_bin|nnlog2_bin
tal_final_P2,10,150,889,8854,17732,6358,10580,0.7180935170544387,0.596661403113016,3168.2875241144975,5.551126933233654,6.195826820036962,-0.6446998868033083,E10a,fine_class_side2_nnlog2,class|side2_bin|nnlog2_bin
in_gt_P3,10,150,889,8854,17732,6358,10580,0.7180935170544387,0.596661403113016,3168.2875241144975,2.3986994164847313,2.6463801327811813,-0.24768071629645005,E10a,fine_class_side2_nnlog2,class|side2_bin|nnlog2_bin
tal_preconflict_P3,10,150,889,8854,17732,6358,10580,0.7180935170544387,0.596661403113016,3168.2875241144975,1.2760504868211067,1.377250048555811,-0.10119956173470435,E10a,fine_class_side2_nnlog2,class|side2_bin|nnlog2_bin
tal_final_P3,10,150,889,8854,17732,6358,10580,0.7180935170544387,0.596661403113016,3168.2875241144975,1.104858453099104,1.2654214906731522,-0.16056303757404833,E10a,fine_class_side2_nnlog2,class|side2_bin|nnlog2_bin
in_gt_P4,10,150,889,8854,17732,6358,10580,0.7180935170544387,0.596661403113016,3168.2875241144975,0.6139305664741436,0.6448817952532295,-0.03095122877908596,E10a,fine_class_side2_nnlog2,class|side2_bin|nnlog2_bin
tal_preconflict_P4,10,150,889,8854,17732,6358,10580,0.7180935170544387,0.596661403113016,3168.2875241144975,0.2588300901487223,0.2435404949975838,0.015289595151138535,E10a,fine_class_side2_nnlog2,class|side2_bin|nnlog2_bin
tal_final_P4,10,150,889,8854,17732,6358,10580,0.7180935170544387,0.596661403113016,3168.2875241144975,0.22196453818966586,0.2181102039604018,0.003854334229264067,E10a,fine_class_side2_nnlog2,class|side2_bin|nnlog2_bin
in_gt_P5,10,150,889,8854,17732,6358,10580,0.7180935170544387,0.596661403113016,3168.2875241144975,0.1413213510209332,0.17008084611175017,-0.02875949509081696,E10a,fine_class_side2_nnlog2,class|side2_bin|nnlog2_bin
tal_preconflict_P5,10,150,889,8854,17732,6358,10580,0.7180935170544387,0.596661403113016,3168.2875241144975,0.056396747915908665,0.050648609942596554,0.005748137973312112,E10a,fine_class_side2_nnlog2,class|side2_bin|nnlog2_bin
tal_final_P5,10,150,889,8854,17732,6358,10580,0.7180935170544387,0.596661403113016,3168.2875241144975,0.05107046271732259,0.04516208121490304,0.005908381502419548,E10a,fine_class_side2_nnlog2,class|side2_bin|nnlog2_bin
in_gt_total,20,75,889,8854,17732,4717,7135,0.5327535577140275,0.4023798781863298,2416.103706600369,11.12496803652848,12.523154635465865,-1.398186598937384,E10a,fine_class_side2_nnlog2,class|side2_bin|nnlog2_bin
in_gt_cap10,20,75,889,8854,17732,4717,7135,0.5327535577140275,0.4023798781863298,2416.103706600369,7.821912422643889,8.207061667838763,-0.38514924519487437,E10a,fine_class_side2_nnlog2,class|side2_bin|nnlog2_bin
zero_in_gt,20,75,889,8854,17732,4717,7135,0.5327535577140275,0.4023798781863298,2416.103706600369,0.001675919299554003,0.0005713474876254654,0.0011045718119285376,E10a,fine_class_side2_nnlog2,class|side2_bin|nnlog2_bin
tal_preconflict_total,20,75,889,8854,17732,4717,7135,0.5327535577140275,0.4023798781863298,2416.103706600369,7.74047377188721,8.172403006769768,-0.4319292348825581,E10a,fine_class_side2_nnlog2,class|side2_bin|nnlog2_bin
tal_final_total,20,75,889,8854,17732,4717,7135,0.5327535577140275,0.4023798781863298,2416.103706600369,6.8057450654686,7.618630847011606,-0.812885781543006,E10a,fine_class_side2_nnlog2,class|side2_bin|nnlog2_bin
zero_final_positive,20,75,889,8854,17732,4717,7135,0.5327535577140275,0.4023798781863298,2416.103706600369,0.010390817472761807,0.0010270988931589493,0.009363718579602859,E10a,fine_class_side2_nnlog2,class|side2_bin|nnlog2_bin
conflict_loss_fraction,20,75,889,8854,17732,4717,7135,0.5327535577140275,0.4023798781863298,2416.103706600369,0.12789833177651516,0.07135392860018817,0.05654440317632699,E10a,fine_class_side2_nnlog2,class|side2_bin|nnlog2_bin
target_weight_mean,20,75,889,8854,17732,4717,7135,0.5327535577140275,0.4023798781863298,2416.103706600369,0.32128545422349775,0.4806165791899309,-0.15933112496643315,E10a,fine_class_side2_nnlog2,class|side2_bin|nnlog2_bin
target_weight_max,20,75,889,8854,17732,4717,7135,0.5327535577140275,0.4023798781863298,2416.103706600369,0.6248925269128297,0.8282178921659745,-0.20332536525314482,E10a,fine_class_side2_nnlog2,class|side2_bin|nnlog2_bin
p2_final_share,20,75,889,8854,17732,4717,7135,0.5327535577140275,0.4023798781863298,2416.103706600369,0.7842660478984168,0.7932714603223082,-0.009005412423891412,E10a,fine_class_side2_nnlog2,class|side2_bin|nnlog2_bin
in_gt_P2,20,75,889,8854,17732,4717,7135,0.5327535577140275,0.4023798781863298,2416.103706600369,8.366018454730737,9.445525828994178,-1.0795073742634411,E10a,fine_class_side2_nnlog2,class|side2_bin|nnlog2_bin
tal_preconflict_P2,20,75,889,8854,17732,4717,7135,0.5327535577140275,0.4023798781863298,2416.103706600369,6.14300273344711,6.5208568756238945,-0.37785414217678426,E10a,fine_class_side2_nnlog2,class|side2_bin|nnlog2_bin
tal_final_P2,20,75,889,8854,17732,4717,7135,0.5327535577140275,0.4023798781863298,2416.103706600369,5.429992038474047,6.121698969220164,-0.6917069307461166,E10a,fine_class_side2_nnlog2,class|side2_bin|nnlog2_bin
in_gt_P3,20,75,889,8854,17732,4717,7135,0.5327535577140275,0.4023798781863298,2416.103706600369,2.0942312225455972,2.3548791596812357,-0.2606479371356385,E10a,fine_class_side2_nnlog2,class|side2_bin|nnlog2_bin
tal_preconflict_P3,20,75,889,8854,17732,4717,7135,0.5327535577140275,0.4023798781863298,2416.103706600369,1.2693520975249306,1.3409238535015089,-0.07157175597657828,E10a,fine_class_side2_nnlog2,class|side2_bin|nnlog2_bin
tal_final_P3,20,75,889,8854,17732,4717,7135,0.5327535577140275,0.4023798781863298,2416.103706600369,1.0927187731792476,1.2201792480205482,-0.12746047484130063,E10a,fine_class_side2_nnlog2,class|side2_bin|nnlog2_bin
in_gt_P4,20,75,889,8854,17732,4717,7135,0.5327535577140275,0.4023798781863298,2416.103706600369,0.5443326609646857,0.5719125973014517,-0.02757993633676603,E10a,fine_class_side2_nnlog2,class|side2_bin|nnlog2_bin
tal_preconflict_P4,20,75,889,8854,17732,4717,7135,0.5327535577140275,0.4023798781863298,2416.103706600369,0.2686457995634948,0.25553822490548544,0.01310757465800938,E10a,fine_class_side2_nnlog2,class|side2_bin|nnlog2_bin
tal_final_P4,20,75,889,8854,17732,4717,7135,0.5327535577140275,0.4023798781863298,2416.103706600369,0.2286734767590704,0.22745205163215684,0.0012214251269135612,E10a,fine_class_side2_nnlog2,class|side2_bin|nnlog2_bin
in_gt_P5,20,75,889,8854,17732,4717,7135,0.5327535577140275,0.4023798781863298,2416.103706600369,0.12038569828746058,0.15083704948899898,-0.0304513512015384,E10a,fine_class_side2_nnlog2,class|side2_bin|nnlog2_bin
tal_preconflict_P5,20,75,889,8854,17732,4717,7135,0.5327535577140275,0.4023798781863298,2416.103706600369,0.059473141351674946,0.05508405273887963,0.004389088612795314,E10a,fine_class_side2_nnlog2,class|side2_bin|nnlog2_bin
tal_final_P5,20,75,889,8854,17732,4717,7135,0.5327535577140275,0.4023798781863298,2416.103706600369,0.05436077705623559,0.04930057813873787,0.0050601989174977186,E10a,fine_class_side2_nnlog2,class|side2_bin|nnlog2_bin
in_gt_total,5,172,506,8854,17732,7261,17116,0.8200813191777727,0.9652605459057072,3926.142682556979,16.270264217510075,17.543202635432188,-1.2729384179221128,E10a,eligibility_controlled,class|size_bin|density_bin|in_gt_cap10
zero_in_gt,5,172,506,8854,17732,7261,17116,0.8200813191777727,0.9652605459057072,3926.142682556979,0.0,0.0,0.0,E10a,eligibility_controlled,class|size_bin|density_bin|in_gt_cap10
tal_preconflict_total,5,172,506,8854,17732,7261,17116,0.8200813191777727,0.9652605459057072,3926.142682556979,8.452857540202482,8.487870260942996,-0.035012720740514425,E10a,eligibility_controlled,class|size_bin|density_bin|in_gt_cap10
tal_final_total,5,172,506,8854,17732,7261,17116,0.8200813191777727,0.9652605459057072,3926.142682556979,7.488312664116425,8.027396611451115,-0.5390839473346904,E10a,eligibility_controlled,class|size_bin|density_bin|in_gt_cap10
zero_final_positive,5,172,506,8854,17732,7261,17116,0.8200813191777727,0.9652605459057072,3926.142682556979,0.01043753225409874,0.0011069664266610483,0.009330565827437692,E10a,eligibility_controlled,class|size_bin|density_bin|in_gt_cap10
conflict_loss_fraction,5,172,506,8854,17732,7261,17116,0.8200813191777727,0.9652605459057072,3926.142682556979,0.1223075156813353,0.060378151465686404,0.061929364215648895,E10a,eligibility_controlled,class|size_bin|density_bin|in_gt_cap10
target_weight_mean,5,172,506,8854,17732,7261,17116,0.8200813191777727,0.9652605459057072,3926.142682556979,0.3238493658801255,0.49862482579591166,-0.1747754599157862,E10a,eligibility_controlled,class|size_bin|density_bin|in_gt_cap10
target_weight_max,5,172,506,8854,17732,7261,17116,0.8200813191777727,0.9652605459057072,3926.142682556979,0.6328508341053865,0.8333577482091623,-0.20050691410377586,E10a,eligibility_controlled,class|size_bin|density_bin|in_gt_cap10
p2_final_share,5,172,506,8854,17732,7261,17116,0.8200813191777727,0.9652605459057072,3926.142682556979,0.7784911295009179,0.7688947821013077,0.009596347399610239,E10a,eligibility_controlled,class|size_bin|density_bin|in_gt_cap10
in_gt_P2,5,172,506,8854,17732,7261,17116,0.8200813191777727,0.9652605459057072,3926.142682556979,12.244006356122059,13.19933336320114,-0.9553270070790809,E10a,eligibility_controlled,class|size_bin|density_bin|in_gt_cap10
tal_preconflict_P2,5,172,506,8854,17732,7261,17116,0.8200813191777727,0.9652605459057072,3926.142682556979,6.655565314001008,6.539183857943457,0.11638145605755046,E10a,eligibility_controlled,class|size_bin|density_bin|in_gt_cap10
tal_final_P2,5,172,506,8854,17732,7261,17116,0.8200813191777727,0.9652605459057072,3926.142682556979,5.908461117677469,6.203110858884251,-0.2946497412067828,E10a,eligibility_controlled,class|size_bin|density_bin|in_gt_cap10
in_gt_P3,5,172,506,8854,17732,7261,17116,0.8200813191777727,0.9652605459057072,3926.142682556979,3.0610905233098427,3.311420042791969,-0.25032951948212645,E10a,eligibility_controlled,class|size_bin|density_bin|in_gt_cap10
tal_preconflict_P3,5,172,506,8854,17732,7261,17116,0.8200813191777727,0.9652605459057072,3926.142682556979,1.4675659274142605,1.6377917338337051,-0.17022580641944463,E10a,eligibility_controlled,class|size_bin|density_bin|in_gt_cap10
tal_final_P3,5,172,506,8854,17732,7261,17116,0.8200813191777727,0.9652605459057072,3926.142682556979,1.2894841343852836,1.5401117237909199,-0.25062758940563623,E10a,eligibility_controlled,class|size_bin|density_bin|in_gt_cap10
in_gt_P4,5,172,506,8854,17732,7261,17116,0.8200813191777727,0.9652605459057072,3926.142682556979,0.7800789769375488,0.8185342820439527,-0.038455305106403936,E10a,eligibility_controlled,class|size_bin|density_bin|in_gt_cap10
tal_preconflict_P4,5,172,506,8854,17732,7261,17116,0.8200813191777727,0.9652605459057072,3926.142682556979,0.2773595301339977,0.2668256530594005,0.010533877074597242,E10a,eligibility_controlled,class|size_bin|density_bin|in_gt_cap10
tal_final_P4,5,172,506,8854,17732,7261,17116,0.8200813191777727,0.9652605459057072,3926.142682556979,0.2433070674201956,0.24450177477442664,-0.0011947073542310505,E10a,eligibility_controlled,class|size_bin|density_bin|in_gt_cap10
in_gt_P5,5,172,506,8854,17732,7261,17116,0.8200813191777727,0.9652605459057072,3926.142682556979,0.18508836114062654,0.2139149473951266,-0.028826586254500047,E10a,eligibility_controlled,class|size_bin|density_bin|in_gt_cap10
tal_preconflict_P5,5,172,506,8854,17732,7261,17116,0.8200813191777727,0.9652605459057072,3926.142682556979,0.052366768653218015,0.04406901610643335,0.008297752546784665,E10a,eligibility_controlled,class|size_bin|density_bin|in_gt_cap10
tal_final_P5,5,172,506,8854,17732,7261,17116,0.8200813191777727,0.9652605459057072,3926.142682556979,0.04706034463347681,0.039672254001516645,0.007388090631960165,E10a,eligibility_controlled,class|size_bin|density_bin|in_gt_cap10
in_gt_total,10,124,506,8854,17732,6656,16256,0.7517506211881635,0.9167606586961425,3697.3709723899456,16.43540465693885,17.764193419241163,-1.3287887623023131,E10a,eligibility_controlled,class|size_bin|density_bin|in_gt_cap10
zero_in_gt,10,124,506,8854,17732,6656,16256,0.7517506211881635,0.9167606586961425,3697.3709723899456,0.0,0.0,0.0,E10a,eligibility_controlled,class|size_bin|density_bin|in_gt_cap10
tal_preconflict_total,10,124,506,8854,17732,6656,16256,0.7517506211881635,0.9167606586961425,3697.3709723899456,8.552374614577147,8.586972948208146,-0.03459833363099918,E10a,eligibility_controlled,class|size_bin|density_bin|in_gt_cap10
tal_final_total,10,124,506,8854,17732,6656,16256,0.7517506211881635,0.9167606586961425,3697.3709723899456,7.574779903627663,8.120458606750338,-0.5456787031226753,E10a,eligibility_controlled,class|size_bin|density_bin|in_gt_cap10
zero_final_positive,10,124,506,8854,17732,6656,16256,0.7517506211881635,0.9167606586961425,3697.3709723899456,0.01070193803178313,0.001175459040579376,0.009526478991203752,E10a,eligibility_controlled,class|size_bin|density_bin|in_gt_cap10
conflict_loss_fraction,10,124,506,8854,17732,6656,16256,0.7517506211881635,0.9167606586961425,3697.3709723899456,0.12289564147838745,0.06061003865405512,0.062285602824332334,E10a,eligibility_controlled,class|size_bin|density_bin|in_gt_cap10
target_weight_mean,10,124,506,8854,17732,6656,16256,0.7517506211881635,0.9167606586961425,3697.3709723899456,0.3249297455409482,0.4994704012202076,-0.17454065567925936,E10a,eligibility_controlled,class|size_bin|density_bin|in_gt_cap10
target_weight_max,10,124,506,8854,17732,6656,16256,0.7517506211881635,0.9167606586961425,3697.3709723899456,0.6347765692718521,0.8339336801684923,-0.19915711089664023,E10a,eligibility_controlled,class|size_bin|density_bin|in_gt_cap10
p2_final_share,10,124,506,8854,17732,6656,16256,0.7517506211881635,0.9167606586961425,3697.3709723899456,0.7827214649872248,0.7729826069832622,0.00973885800396268,E10a,eligibility_controlled,class|size_bin|density_bin|in_gt_cap10
in_gt_P2,10,124,506,8854,17732,6656,16256,0.7517506211881635,0.9167606586961425,3697.3709723899456,12.374610223687794,13.370806924752923,-0.9961967010651289,E10a,eligibility_controlled,class|size_bin|density_bin|in_gt_cap10
tal_preconflict_P2,10,124,506,8854,17732,6656,16256,0.7517506211881635,0.9167606586961425,3697.3709723899456,6.773217913940855,6.655183782240349,0.11803413170050625,E10a,eligibility_controlled,class|size_bin|density_bin|in_gt_cap10
tal_final_P2,10,124,506,8854,17732,6656,16256,0.7517506211881635,0.9167606586961425,3697.3709723899456,6.012860206398535,6.313915567686672,-0.30105536128813704,E10a,eligibility_controlled,class|size_bin|density_bin|in_gt_cap10
in_gt_P3,10,124,506,8854,17732,6656,16256,0.7517506211881635,0.9167606586961425,3697.3709723899456,3.0890018547108626,3.349908465735297,-0.26090661102443446,E10a,eligibility_controlled,class|size_bin|density_bin|in_gt_cap10
tal_preconflict_P3,10,124,506,8854,17732,6656,16256,0.7517506211881635,0.9167606586961425,3697.3709723899456,1.4573947368224038,1.6255987613150602,-0.16820402449265637,E10a,eligibility_controlled,class|size_bin|density_bin|in_gt_cap10
tal_final_P3,10,124,506,8854,17732,6656,16256,0.7517506211881635,0.9167606586961425,3697.3709723899456,1.2792523544456744,1.5269101733883783,-0.2476578189427039,E10a,eligibility_controlled,class|size_bin|density_bin|in_gt_cap10
in_gt_P4,10,124,506,8854,17732,6656,16256,0.7517506211881635,0.9167606586961425,3697.3709723899456,0.7836468222921321,0.8278739843096006,-0.04422716201746846,E10a,eligibility_controlled,class|size_bin|density_bin|in_gt_cap10
tal_preconflict_P4,10,124,506,8854,17732,6656,16256,0.7517506211881635,0.9167606586961425,3697.3709723899456,0.26872623850353144,0.2628135486822638,0.005912689821267636,E10a,eligibility_controlled,class|size_bin|density_bin|in_gt_cap10
tal_final_P4,10,124,506,8854,17732,6656,16256,0.7517506211881635,0.9167606586961425,3697.3709723899456,0.234980000000551,0.2401930386879876,-0.005213038687436611,E10a,eligibility_controlled,class|size_bin|density_bin|in_gt_cap10
in_gt_P5,10,124,506,8854,17732,6656,16256,0.7517506211881635,0.9167606586961425,3697.3709723899456,0.18814575624806482,0.21560404444334583,-0.02745828819528101,E10a,eligibility_controlled,class|size_bin|density_bin|in_gt_cap10
tal_preconflict_P5,10,124,506,8854,17732,6656,16256,0.7517506211881635,0.9167606586961425,3697.3709723899456,0.053035725310355976,0.04337685597047376,0.009658869339882213,E10a,eligibility_controlled,class|size_bin|density_bin|in_gt_cap10
tal_final_P5,10,124,506,8854,17732,6656,16256,0.7517506211881635,0.9167606586961425,3697.3709723899456,0.04768734278290366,0.03943982698730047,0.008247515795603191,E10a,eligibility_controlled,class|size_bin|density_bin|in_gt_cap10
in_gt_total,20,81,506,8854,17732,5371,14931,0.6066184775242828,0.8420369952628017,3266.1941381994698,16.93556244415217,18.379774125804914,-1.444211681652746,E10a,eligibility_controlled,class|size_bin|density_bin|in_gt_cap10
zero_in_gt,20,81,506,8854,17732,5371,14931,0.6066184775242828,0.8420369952628017,3266.1941381994698,0.0,0.0,0.0,E10a,eligibility_controlled,class|size_bin|density_bin|in_gt_cap10
tal_preconflict_total,20,81,506,8854,17732,5371,14931,0.6066184775242828,0.8420369952628017,3266.1941381994698,8.80855162143286,8.843946696955859,-0.03539507552299881,E10a,eligibility_controlled,class|size_bin|density_bin|in_gt_cap10
tal_final_total,20,81,506,8854,17732,5371,14931,0.6066184775242828,0.8420369952628017,3266.1941381994698,7.822020119828133,8.38529299995988,-0.5632728801317466,E10a,eligibility_controlled,class|size_bin|density_bin|in_gt_cap10
zero_final_positive,20,81,506,8854,17732,5371,14931,0.6066184775242828,0.8420369952628017,3266.1941381994698,0.007462247770269785,0.0006406492874974151,0.006821598482772371,E10a,eligibility_controlled,class|size_bin|density_bin|in_gt_cap10
conflict_loss_fraction,20,81,506,8854,17732,5371,14931,0.6066184775242828,0.8420369952628017,3266.1941381994698,0.11711654842326041,0.05557211929724083,0.06154442912601958,E10a,eligibility_controlled,class|size_bin|density_bin|in_gt_cap10
target_weight_mean,20,81,506,8854,17732,5371,14931,0.6066184775242828,0.8420369952628017,3266.1941381994698,0.323119209216984,0.5010037257279188,-0.17788451651093484,E10a,eligibility_controlled,class|size_bin|density_bin|in_gt_cap10
target_weight_max,20,81,506,8854,17732,5371,14931,0.6066184775242828,0.8420369952628017,3266.1941381994698,0.6380208073540314,0.8356494741704048,-0.19762866681637337,E10a,eligibility_controlled,class|size_bin|density_bin|in_gt_cap10
p2_final_share,20,81,506,8854,17732,5371,14931,0.6066184775242828,0.8420369952628017,3266.1941381994698,0.7903278239231348,0.780789229969098,0.009538593954036778,E10a,eligibility_controlled,class|size_bin|density_bin|in_gt_cap10
in_gt_P2,20,81,506,8854,17732,5371,14931,0.6066184775242828,0.8420369952628017,3266.1941381994698,12.754559469859439,13.837305450294762,-1.0827459804353232,E10a,eligibility_controlled,class|size_bin|density_bin|in_gt_cap10
tal_preconflict_P2,20,81,506,8854,17732,5371,14931,0.6066184775242828,0.8420369952628017,3266.1941381994698,7.0415029066205355,6.921048204159845,0.12045470246069012,E10a,eligibility_controlled,class|size_bin|density_bin|in_gt_cap10
tal_final_P2,20,81,506,8854,17732,5371,14931,0.6066184775242828,0.8420369952628017,3266.1941381994698,6.270833831414666,6.586703298563357,-0.31586946714869146,E10a,eligibility_controlled,class|size_bin|density_bin|in_gt_cap10
in_gt_P3,20,81,506,8854,17732,5371,14931,0.6066184775242828,0.8420369952628017,3266.1941381994698,3.1834487871370416,3.4636758675478103,-0.2802270804107687,E10a,eligibility_controlled,class|size_bin|density_bin|in_gt_cap10
tal_preconflict_P3,20,81,506,8854,17732,5371,14931,0.6066184775242828,0.8420369952628017,3266.1941381994698,1.4568356554783506,1.627409219735769,-0.17057356425741843,E10a,eligibility_controlled,class|size_bin|density_bin|in_gt_cap10
tal_final_P3,20,81,506,8854,17732,5371,14931,0.6066184775242828,0.8420369952628017,3266.1941381994698,1.2781291702055568,1.5293045974007577,-0.2511754271952009,E10a,eligibility_controlled,class|size_bin|density_bin|in_gt_cap10
in_gt_P4,20,81,506,8854,17732,5371,14931,0.6066184775242828,0.8420369952628017,3266.1941381994698,0.8047568872316399,0.8586481234374697,-0.05389123620582981,E10a,eligibility_controlled,class|size_bin|density_bin|in_gt_cap10
tal_preconflict_P4,20,81,506,8854,17732,5371,14931,0.6066184775242828,0.8420369952628017,3266.1941381994698,0.2582979879767149,0.2556386190869928,0.002659368889722069,E10a,eligibility_controlled,class|size_bin|density_bin|in_gt_cap10
tal_final_P4,20,81,506,8854,17732,5371,14931,0.6066184775242828,0.8420369952628017,3266.1941381994698,0.22608343943842632,0.23287175361958523,-0.006788314181158911,E10a,eligibility_controlled,class|size_bin|density_bin|in_gt_cap10
in_gt_P5,20,81,506,8854,17732,5371,14931,0.6066184775242828,0.8420369952628017,3266.1941381994698,0.19279729992405267,0.22014468452487246,-0.027347384600819785,E10a,eligibility_controlled,class|size_bin|density_bin|in_gt_cap10
tal_preconflict_P5,20,81,506,8854,17732,5371,14931,0.6066184775242828,0.8420369952628017,3266.1941381994698,0.05191507135725911,0.03985065397325005,0.012064417384009062,E10a,eligibility_controlled,class|size_bin|density_bin|in_gt_cap10
tal_final_P5,20,81,506,8854,17732,5371,14931,0.6066184775242828,0.8420369952628017,3266.1941381994698,0.04697367876948612,0.03641335037618072,0.010560328393305396,E10a,eligibility_controlled,class|size_bin|density_bin|in_gt_cap10
in_gt_total,5,86,116,8849,17737,8729,17474,0.986439145666177,0.9851722388227998,4400.74280490669,14.710871988271547,17.10860938885121,-2.397737400579663,E16a,coarse_class_size_density,class|size_bin|density_bin
in_gt_cap10,5,86,116,8849,17737,8729,17474,0.986439145666177,0.9851722388227998,4400.74280490669,7.864409359873305,8.563785797404247,-0.6993764375309421,E16a,coarse_class_size_density,class|size_bin|density_bin
zero_in_gt,5,86,116,8849,17737,8729,17474,0.986439145666177,0.9851722388227998,4400.74280490669,0.004538891709807328,0.0002476974373322246,0.004291194272475103,E16a,coarse_class_size_density,class|size_bin|density_bin
tal_preconflict_total,5,86,116,8849,17737,8729,17474,0.986439145666177,0.9851722388227998,4400.74280490669,7.807138272747926,8.540082863292156,-0.7329445905442302,E16a,coarse_class_size_density,class|size_bin|density_bin
tal_final_total,5,86,116,8849,17737,8729,17474,0.986439145666177,0.9851722388227998,4400.74280490669,6.924681669283783,8.0401002322106,-1.1154185629268172,E16a,coarse_class_size_density,class|size_bin|density_bin
zero_final_positive,5,86,116,8849,17737,8729,17474,0.986439145666177,0.9851722388227998,4400.74280490669,0.021017661743530015,0.001236699238301639,0.019780962505228376,E16a,coarse_class_size_density,class|size_bin|density_bin
conflict_loss_fraction,5,86,116,8849,17737,8729,17474,0.986439145666177,0.9851722388227998,4400.74280490669,0.12512608502456823,0.06357662698732823,0.061549458037240004,E16a,coarse_class_size_density,class|size_bin|density_bin
target_weight_mean,5,86,116,8849,17737,8729,17474,0.986439145666177,0.9851722388227998,4400.74280490669,0.3276761692866498,0.49937610184256204,-0.17169993255591226,E16a,coarse_class_size_density,class|size_bin|density_bin
target_weight_max,5,86,116,8849,17737,8729,17474,0.986439145666177,0.9851722388227998,4400.74280490669,0.6241961569460317,0.8322442714427382,-0.20804811449670646,E16a,coarse_class_size_density,class|size_bin|density_bin
p2_final_share,5,86,116,8849,17737,8729,17474,0.986439145666177,0.9851722388227998,4400.74280490669,0.7761648477560351,0.7731226265604133,0.003042221195621808,E16a,coarse_class_size_density,class|size_bin|density_bin
in_gt_P2,5,86,116,8849,17737,8729,17474,0.986439145666177,0.9851722388227998,4400.74280490669,11.071454301536809,12.890709138458615,-1.8192548369218056,E16a,coarse_class_size_density,class|size_bin|density_bin
tal_preconflict_P2,5,86,116,8849,17737,8729,17474,0.986439145666177,0.9851722388227998,4400.74280490669,6.138885324763501,6.611332612167624,-0.47244728740412345,E16a,coarse_class_size_density,class|size_bin|density_bin
tal_final_P2,5,86,116,8849,17737,8729,17474,0.986439145666177,0.9851722388227998,4400.74280490669,5.456075671130209,6.243435877479507,-0.7873602063492973,E16a,coarse_class_size_density,class|size_bin|density_bin
in_gt_P3,5,86,116,8849,17737,8729,17474,0.986439145666177,0.9851722388227998,4400.74280490669,2.7681378531086422,3.2172986297911006,-0.44916077668245835,E16a,coarse_class_size_density,class|size_bin|density_bin
tal_preconflict_P3,5,86,116,8849,17737,8729,17474,0.986439145666177,0.9851722388227998,4400.74280490669,1.354304006976255,1.609696525145009,-0.25539251816875397,E16a,coarse_class_size_density,class|size_bin|density_bin
tal_final_P3,5,86,116,8849,17737,8729,17474,0.986439145666177,0.9851722388227998,4400.74280490669,1.1928522706859401,1.504945543313157,-0.312093272627217,E16a,coarse_class_size_density,class|size_bin|density_bin
in_gt_P4,5,86,116,8849,17737,8729,17474,0.986439145666177,0.9851722388227998,4400.74280490669,0.6992087168973175,0.7958205583405875,-0.09661184144327006,E16a,coarse_class_size_density,class|size_bin|density_bin
tal_preconflict_P4,5,86,116,8849,17737,8729,17474,0.986439145666177,0.9851722388227998,4400.74280490669,0.2641536865405655,0.2738445345511383,-0.009690848010572795,E16a,coarse_class_size_density,class|size_bin|density_bin
tal_final_P4,5,86,116,8849,17737,8729,17474,0.986439145666177,0.9851722388227998,4400.74280490669,0.23103522707359625,0.25126265149194627,-0.020227424418350015,E16a,coarse_class_size_density,class|size_bin|density_bin
in_gt_P5,5,86,116,8849,17737,8729,17474,0.986439145666177,0.9851722388227998,4400.74280490669,0.1720711167287791,0.2047810622609102,-0.03270994553213111,E16a,coarse_class_size_density,class|size_bin|density_bin
tal_preconflict_P5,5,86,116,8849,17737,8729,17474,0.986439145666177,0.9851722388227998,4400.74280490669,0.04979525446760615,0.04520919142838342,0.0045860630392227306,E16a,coarse_class_size_density,class|size_bin|density_bin
tal_final_P5,5,86,116,8849,17737,8729,17474,0.986439145666177,0.9851722388227998,4400.74280490669,0.044718500394038026,0.040456159925991164,0.0042623404680468616,E16a,coarse_class_size_density,class|size_bin|density_bin
in_gt_total,10,72,116,8849,17737,8537,17041,0.9647417787320601,0.9607599932344816,4321.387659013639,14.54380980620678,16.97121140859067,-2.4274016023838882,E16a,coarse_class_size_density,class|size_bin|density_bin
in_gt_cap10,10,72,116,8849,17737,8537,17041,0.9647417787320601,0.9607599932344816,4321.387659013639,7.864498676906215,8.569595206689998,-0.7050965297837832,E16a,coarse_class_size_density,class|size_bin|density_bin
zero_in_gt,10,72,116,8849,17737,8537,17041,0.9647417787320601,0.9607599932344816,4321.387659013639,0.004593711309733182,0.00025224599159947127,0.004341465318133711,E16a,coarse_class_size_density,class|size_bin|density_bin
tal_preconflict_total,10,72,116,8849,17737,8537,17041,0.9647417787320601,0.9607599932344816,4321.387659013639,7.806631517674507,8.545963028214365,-0.7393315105398575,E16a,coarse_class_size_density,class|size_bin|density_bin
tal_final_total,10,72,116,8849,17737,8537,17041,0.9647417787320601,0.9607599932344816,4321.387659013639,6.928294894704604,8.043695532709853,-1.1154006380052488,E16a,coarse_class_size_density,class|size_bin|density_bin
zero_final_positive,10,72,116,8849,17737,8537,17041,0.9647417787320601,0.9607599932344816,4321.387659013639,0.020895698822496738,0.0012594091769197477,0.01963628964557699,E16a,coarse_class_size_density,class|size_bin|density_bin
conflict_loss_fraction,10,72,116,8849,17737,8537,17041,0.9647417787320601,0.9607599932344816,4321.387659013639,0.12491090651094863,0.06394587204874258,0.06096503446220605,E16a,coarse_class_size_density,class|size_bin|density_bin
target_weight_mean,10,72,116,8849,17737,8537,17041,0.9647417787320601,0.9607599932344816,4321.387659013639,0.3280502835500983,0.49920903753732476,-0.17115875398722646,E16a,coarse_class_size_density,class|size_bin|density_bin
target_weight_max,10,72,116,8849,17737,8537,17041,0.9647417787320601,0.9607599932344816,4321.387659013639,0.6247105177270099,0.8321166731392792,-0.20740615541226926,E16a,coarse_class_size_density,class|size_bin|density_bin
p2_final_share,10,72,116,8849,17737,8537,17041,0.9647417787320601,0.9607599932344816,4321.387659013639,0.7774692289335114,0.7749900544132722,0.002479174520239269,E16a,coarse_class_size_density,class|size_bin|density_bin
in_gt_P2,10,72,116,8849,17737,8537,17041,0.9647417787320601,0.9607599932344816,4321.387659013639,10.95135288527244,12.786139475522653,-1.8347865902502125,E16a,coarse_class_size_density,class|size_bin|density_bin
tal_preconflict_P2,10,72,116,8849,17737,8537,17041,0.9647417787320601,0.9607599932344816,4321.387659013639,6.148534647439292,6.633179589691891,-0.4846449422525989,E16a,coarse_class_size_density,class|size_bin|density_bin
tal_final_P2,10,72,116,8849,17737,8537,17041,0.9647417787320601,0.9607599932344816,4321.387659013639,5.469037127983135,6.264074440123582,-0.7950373121404466,E16a,coarse_class_size_density,class|size_bin|density_bin
in_gt_P3,10,72,116,8849,17737,8537,17041,0.9647417787320601,0.9607599932344816,4321.387659013639,2.7321142052789433,3.1923040260073807,-0.4601898207284374,E16a,coarse_class_size_density,class|size_bin|density_bin
tal_preconflict_P3,10,72,116,8849,17737,8537,17041,0.9647417787320601,0.9607599932344816,4321.387659013639,1.346583927338876,1.5958404699764428,-0.2492565426375668,E16a,coarse_class_size_density,class|size_bin|density_bin
tal_final_P3,10,72,116,8849,17737,8537,17041,0.9647417787320601,0.9607599932344816,4321.387659013639,1.1858664001714876,1.490493962139837,-0.3046275619683494,E16a,coarse_class_size_density,class|size_bin|density_bin
in_gt_P4,10,72,116,8849,17737,8537,17041,0.9647417787320601,0.9607599932344816,4321.387659013639,0.6919769317862717,0.7895731087288231,-0.0975961769425514,E16a,coarse_class_size_density,class|size_bin|density_bin
tal_preconflict_P4,10,72,116,8849,17737,8537,17041,0.9647417787320601,0.9607599932344816,4321.387659013639,0.2610778628544579,0.2713596212383468,-0.010281758383888895,E16a,coarse_class_size_density,class|size_bin|density_bin
tal_final_P4,10,72,116,8849,17737,8537,17041,0.9647417787320601,0.9607599932344816,4321.387659013639,0.22807072906810286,0.24838409621318935,-0.020313367145086497,E16a,coarse_class_size_density,class|size_bin|density_bin
in_gt_P5,10,72,116,8849,17737,8537,17041,0.9647417787320601,0.9607599932344816,4321.387659013639,0.16836578386912607,0.20319479833181084,-0.03482901446268477,E16a,coarse_class_size_density,class|size_bin|density_bin
tal_preconflict_P5,10,72,116,8849,17737,8537,17041,0.9647417787320601,0.9607599932344816,4321.387659013639,0.05043508004188101,0.04558334730768362,0.004851732734197395,E16a,coarse_class_size_density,class|size_bin|density_bin
tal_final_P5,10,72,116,8849,17737,8537,17041,0.9647417787320601,0.9607599932344816,4321.387659013639,0.04532063748187696,0.04074303423324357,0.004577603248633391,E16a,coarse_class_size_density,class|size_bin|density_bin
in_gt_total,20,55,116,8849,17737,7964,16347,0.8999886992880551,0.921632745109094,4154.703454411596,14.264201384216559,16.75547441570593,-2.4912730314893707,E16a,coarse_class_size_density,class|size_bin|density_bin
in_gt_cap10,20,55,116,8849,17737,7964,16347,0.8999886992880551,0.921632745109094,4154.703454411596,7.871252764143708,8.591922664064162,-0.7206698999204546,E16a,coarse_class_size_density,class|size_bin|density_bin
zero_in_gt,20,55,116,8849,17737,7964,16347,0.8999886992880551,0.921632745109094,4154.703454411596,0.004062212090109724,0.0002623659491211486,0.003799846140988576,E16a,coarse_class_size_density,class|size_bin|density_bin
tal_preconflict_total,20,55,116,8849,17737,7964,16347,0.8999886992880551,0.921632745109094,4154.703454411596,7.811627933320182,8.567342376796786,-0.7557144434766041,E16a,coarse_class_size_density,class|size_bin|density_bin
tal_final_total,20,55,116,8849,17737,7964,16347,0.8999886992880551,0.921632745109094,4154.703454411596,6.914172822506195,8.048781780272936,-1.1346089577667406,E16a,coarse_class_size_density,class|size_bin|density_bin
zero_final_positive,20,55,116,8849,17737,7964,16347,0.8999886992880551,0.921632745109094,4154.703454411596,0.020664557036463478,0.0013099359158860338,0.019354621120577443,E16a,coarse_class_size_density,class|size_bin|density_bin
conflict_loss_fraction,20,55,116,8849,17737,7964,16347,0.8999886992880551,0.921632745109094,4154.703454411596,0.12760637473197714,0.06590286984145423,0.06170350489052291,E16a,coarse_class_size_density,class|size_bin|density_bin
target_weight_mean,20,55,116,8849,17737,7964,16347,0.8999886992880551,0.921632745109094,4154.703454411596,0.32811615472325967,0.49929197940480663,-0.17117582468154696,E16a,coarse_class_size_density,class|size_bin|density_bin
target_weight_max,20,55,116,8849,17737,7964,16347,0.8999886992880551,0.921632745109094,4154.703454411596,0.625204904989766,0.832291596896178,-0.20708669190641205,E16a,coarse_class_size_density,class|size_bin|density_bin
p2_final_share,20,55,116,8849,17737,7964,16347,0.8999886992880551,0.921632745109094,4154.703454411596,0.7804373893171334,0.7780617826797391,0.002375606637394223,E16a,coarse_class_size_density,class|size_bin|density_bin
in_gt_P2,20,55,116,8849,17737,7964,16347,0.8999886992880551,0.921632745109094,4154.703454411596,10.743966086438357,12.623859803192799,-1.8798937167544416,E16a,coarse_class_size_density,class|size_bin|density_bin
tal_preconflict_P2,20,55,116,8849,17737,7964,16347,0.8999886992880551,0.921632745109094,4154.703454411596,6.181713469197233,6.6824249651932925,-0.5007114959960592,E16a,coarse_class_size_density,class|size_bin|density_bin
tal_final_P2,20,55,116,8849,17737,7964,16347,0.8999886992880551,0.921632745109094,4154.703454411596,5.485557497569612,6.300604653038749,-0.815047155469137,E16a,coarse_class_size_density,class|size_bin|density_bin
in_gt_P3,20,55,116,8849,17737,7964,16347,0.8999886992880551,0.921632745109094,4154.703454411596,2.6732407088975094,3.151135580115529,-0.47789487121801955,E16a,coarse_class_size_density,class|size_bin|density_bin
tal_preconflict_P3,20,55,116,8849,17737,7964,16347,0.8999886992880551,0.921632745109094,4154.703454411596,1.323207558463143,1.5689758609788842,-0.2457683025157411,E16a,coarse_class_size_density,class|size_bin|density_bin
tal_final_P3,20,55,116,8849,17737,7964,16347,0.8999886992880551,0.921632745109094,4154.703454411596,1.16095026734357,1.4608718899544075,-0.29992162261083744,E16a,coarse_class_size_density,class|size_bin|density_bin
in_gt_P4,20,55,116,8849,17737,7964,16347,0.8999886992880551,0.921632745109094,4154.703454411596,0.6819607311125387,0.7796331303541421,-0.09767239924160331,E16a,coarse_class_size_density,class|size_bin|density_bin
tal_preconflict_P4,20,55,116,8849,17737,7964,16347,0.8999886992880551,0.921632745109094,4154.703454411596,0.2551352959667904,0.26908349256346076,-0.013948196596670348,E16a,coarse_class_size_density,class|size_bin|density_bin
tal_final_P4,20,55,116,8849,17737,7964,16347,0.8999886992880551,0.921632745109094,4154.703454411596,0.22138688115352384,0.24548168274340998,-0.02409480158988614,E16a,coarse_class_size_density,class|size_bin|density_bin
in_gt_P5,20,55,116,8849,17737,7964,16347,0.8999886992880551,0.921632745109094,4154.703454411596,0.16503385776815202,0.20084590204346467,-0.03581204427531265,E16a,coarse_class_size_density,class|size_bin|density_bin
tal_preconflict_P5,20,55,116,8849,17737,7964,16347,0.8999886992880551,0.921632745109094,4154.703454411596,0.051571609693014865,0.04685805806114864,0.004713551631866222,E16a,coarse_class_size_density,class|size_bin|density_bin
tal_final_P5,20,55,116,8849,17737,7964,16347,0.8999886992880551,0.921632745109094,4154.703454411596,0.04627817643948911,0.04182355453636941,0.004454621903119696,E16a,coarse_class_size_density,class|size_bin|density_bin
in_gt_total,5,247,889,8849,17737,7316,14173,0.8267600858854108,0.7990641032869144,3675.29842729936,14.208006814358674,15.714609979348117,-1.5066031649894427,E16a,fine_class_side2_nnlog2,class|side2_bin|nnlog2_bin
in_gt_cap10,5,247,889,8849,17737,7316,14173,0.8267600858854108,0.7990641032869144,3675.29842729936,8.049136398906933,8.396699795293658,-0.3475633963867253,E16a,fine_class_side2_nnlog2,class|side2_bin|nnlog2_bin
zero_in_gt,5,247,889,8849,17737,7316,14173,0.8267600858854108,0.7990641032869144,3675.29842729936,0.002047352747694337,0.0004087940438571077,0.0016385587038372294,E16a,fine_class_side2_nnlog2,class|side2_bin|nnlog2_bin
tal_preconflict_total,5,247,889,8849,17737,7316,14173,0.8267600858854108,0.7990641032869144,3675.29842729936,7.990417471987287,8.369084078804669,-0.3786666068173812,E16a,fine_class_side2_nnlog2,class|side2_bin|nnlog2_bin
tal_final_total,5,247,889,8849,17737,7316,14173,0.8267600858854108,0.7990641032869144,3675.29842729936,7.096691811356702,7.845726953723584,-0.749035142366882,E16a,fine_class_side2_nnlog2,class|side2_bin|nnlog2_bin
zero_final_positive,5,247,889,8849,17737,7316,14173,0.8267600858854108,0.7990641032869144,3675.29842729936,0.013323719136610885,0.001176974419782587,0.012146744716828299,E16a,fine_class_side2_nnlog2,class|side2_bin|nnlog2_bin
conflict_loss_fraction,5,247,889,8849,17737,7316,14173,0.8267600858854108,0.7990641032869144,3675.29842729936,0.12197118742715095,0.06752557889556271,0.05444560853158824,E16a,fine_class_side2_nnlog2,class|side2_bin|nnlog2_bin
target_weight_mean,5,247,889,8849,17737,7316,14173,0.8267600858854108,0.7990641032869144,3675.29842729936,0.3262516170965406,0.49631176490227963,-0.17006014780573903,E16a,fine_class_side2_nnlog2,class|side2_bin|nnlog2_bin
target_weight_max,5,247,889,8849,17737,7316,14173,0.8267600858854108,0.7990641032869144,3675.29842729936,0.6280153428281002,0.8306531237343175,-0.2026377809062173,E16a,fine_class_side2_nnlog2,class|side2_bin|nnlog2_bin
p2_final_share,5,247,889,8849,17737,7316,14173,0.8267600858854108,0.7990641032869144,3675.29842729936,0.7845971752562083,0.7837063283437871,0.0008908469124212504,E16a,fine_class_side2_nnlog2,class|side2_bin|nnlog2_bin
in_gt_P2,5,247,889,8849,17737,7316,14173,0.8267600858854108,0.7990641032869144,3675.29842729936,10.701812906310655,11.839895050638486,-1.1380821443278304,E16a,fine_class_side2_nnlog2,class|side2_bin|nnlog2_bin
tal_preconflict_P2,5,247,889,8849,17737,7316,14173,0.8267600858854108,0.7990641032869144,3675.29842729936,6.362942111175827,6.580674264804602,-0.2177321536287753,E16a,fine_class_side2_nnlog2,class|side2_bin|nnlog2_bin
tal_final_P2,5,247,889,8849,17737,7316,14173,0.8267600858854108,0.7990641032869144,3675.29842729936,5.6661471248592035,6.199079728500527,-0.5329326036413233,E16a,fine_class_side2_nnlog2,class|side2_bin|nnlog2_bin
in_gt_P3,5,247,889,8849,17737,7316,14173,0.8267600858854108,0.7990641032869144,3675.29842729936,2.6698780547286316,2.954894855311604,-0.2850168005829725,E16a,fine_class_side2_nnlog2,class|side2_bin|nnlog2_bin
tal_preconflict_P3,5,247,889,8849,17737,7316,14173,0.8267600858854108,0.7990641032869144,3675.29842729936,1.3240382287770507,1.4832456332013058,-0.15920740442425507,E16a,fine_class_side2_nnlog2,class|side2_bin|nnlog2_bin
tal_final_P3,5,247,889,8849,17737,7316,14173,0.8267600858854108,0.7990641032869144,3675.29842729936,1.1649936814300534,1.371412070276495,-0.20641838884644148,E16a,fine_class_side2_nnlog2,class|side2_bin|nnlog2_bin
in_gt_P4,5,247,889,8849,17737,7316,14173,0.8267600858854108,0.7990641032869144,3675.29842729936,0.6717515591776566,0.7309759153242165,-0.05922435614655985,E16a,fine_class_side2_nnlog2,class|side2_bin|nnlog2_bin
tal_preconflict_P4,5,247,889,8849,17737,7316,14173,0.8267600858854108,0.7990641032869144,3675.29842729936,0.2517713536852504,0.25673977437936757,-0.004968420694117182,E16a,fine_class_side2_nnlog2,class|side2_bin|nnlog2_bin
tal_final_P4,5,247,889,8849,17737,7316,14173,0.8267600858854108,0.7990641032869144,3675.29842729936,0.21945894733585922,0.2318630338105758,-0.01240408647471658,E16a,fine_class_side2_nnlog2,class|side2_bin|nnlog2_bin
in_gt_P5,5,247,889,8849,17737,7316,14173,0.8267600858854108,0.7990641032869144,3675.29842729936,0.16456429414172608,0.18884415807381108,-0.024279863932085005,E16a,fine_class_side2_nnlog2,class|side2_bin|nnlog2_bin
tal_preconflict_P5,5,247,889,8849,17737,7316,14173,0.8267600858854108,0.7990641032869144,3675.29842729936,0.051665778349160224,0.048424406419392774,0.0032413719297674504,E16a,fine_class_side2_nnlog2,class|side2_bin|nnlog2_bin
tal_final_P5,5,247,889,8849,17737,7316,14173,0.8267600858854108,0.7990641032869144,3675.29842729936,0.046092057731585194,0.043372121135988456,0.0027199365955967378,E16a,fine_class_side2_nnlog2,class|side2_bin|nnlog2_bin
in_gt_total,10,150,889,8849,17737,6293,10880,0.7111538026895694,0.6134070023115521,3193.283701796473,13.009678672350246,14.488766555906446,-1.4790878835562005,E16a,fine_class_side2_nnlog2,class|side2_bin|nnlog2_bin
in_gt_cap10,10,150,889,8849,17737,6293,10880,0.7111538026895694,0.6134070023115521,3193.283701796473,7.950934061786124,8.3310220608939,-0.3800879991077766,E16a,fine_class_side2_nnlog2,class|side2_bin|nnlog2_bin
zero_in_gt,10,150,889,8849,17737,6293,10880,0.7111538026895694,0.6134070023115521,3193.283701796473,0.002077041351285494,0.00047050003907643187,0.0016065413122090624,E16a,fine_class_side2_nnlog2,class|side2_bin|nnlog2_bin
tal_preconflict_total,10,150,889,8849,17737,6293,10880,0.7111538026895694,0.6134070023115521,3193.283701796473,7.886057548976832,8.302141045893668,-0.4160834969168361,E16a,fine_class_side2_nnlog2,class|side2_bin|nnlog2_bin
tal_final_total,10,150,889,8849,17737,6293,10880,0.7111538026895694,0.6134070023115521,3193.283701796473,6.981323700617846,7.765309893861274,-0.783986193243428,E16a,fine_class_side2_nnlog2,class|side2_bin|nnlog2_bin
zero_final_positive,10,150,889,8849,17737,6293,10880,0.7111538026895694,0.6134070023115521,3193.283701796473,0.011319389741083607,0.0006144803921793747,0.010704909348904232,E16a,fine_class_side2_nnlog2,class|side2_bin|nnlog2_bin
conflict_loss_fraction,10,150,889,8849,17737,6293,10880,0.7111538026895694,0.6134070023115521,3193.283701796473,0.12291393558208089,0.06852879415314558,0.0543851414289353,E16a,fine_class_side2_nnlog2,class|side2_bin|nnlog2_bin
target_weight_mean,10,150,889,8849,17737,6293,10880,0.7111538026895694,0.6134070023115521,3193.283701796473,0.3255680591058479,0.4910700353116062,-0.1655019762057583,E16a,fine_class_side2_nnlog2,class|side2_bin|nnlog2_bin
target_weight_max,10,150,889,8849,17737,6293,10880,0.7111538026895694,0.6134070023115521,3193.283701796473,0.6271287465589213,0.8295196733389595,-0.20239092678003823,E16a,fine_class_side2_nnlog2,class|side2_bin|nnlog2_bin
p2_final_share,10,150,889,8849,17737,6293,10880,0.7111538026895694,0.6134070023115521,3193.283701796473,0.7856550557389116,0.7903271366258934,-0.004672080886981789,E16a,fine_class_side2_nnlog2,class|side2_bin|nnlog2_bin
in_gt_P2,10,150,889,8849,17737,6293,10880,0.7111538026895694,0.6134070023115521,3193.283701796473,9.804122809036521,10.915194053502427,-1.111071244465906,E16a,fine_class_side2_nnlog2,class|side2_bin|nnlog2_bin
tal_preconflict_P2,10,150,889,8849,17737,6293,10880,0.7111538026895694,0.6134070023115521,3193.283701796473,6.2913997725587425,6.589125283621074,-0.2977255110623318,E16a,fine_class_side2_nnlog2,class|side2_bin|nnlog2_bin
tal_final_P2,10,150,889,8849,17737,6293,10880,0.7111538026895694,0.6134070023115521,3193.283701796473,5.5897143711820965,6.201595599395362,-0.6118812282132655,E16a,fine_class_side2_nnlog2,class|side2_bin|nnlog2_bin
in_gt_P3,10,150,889,8849,17737,6293,10880,0.7111538026895694,0.6134070023115521,3193.283701796473,2.4385138658772476,2.7291413628049077,-0.2906274969276601,E16a,fine_class_side2_nnlog2,class|side2_bin|nnlog2_bin
tal_preconflict_P3,10,150,889,8849,17737,6293,10880,0.7111538026895694,0.6134070023115521,3193.283701796473,1.2853607691704987,1.4069813545943433,-0.12162058542384457,E16a,fine_class_side2_nnlog2,class|side2_bin|nnlog2_bin
tal_final_P3,10,150,889,8849,17737,6293,10880,0.7111538026895694,0.6134070023115521,3193.283701796473,1.1219562343940466,1.2886097203995057,-0.16665348600545915,E16a,fine_class_side2_nnlog2,class|side2_bin|nnlog2_bin
in_gt_P4,10,150,889,8849,17737,6293,10880,0.7111538026895694,0.6134070023115521,3193.283701796473,0.6186567914697091,0.6719257202462167,-0.053268928776507574,E16a,fine_class_side2_nnlog2,class|side2_bin|nnlog2_bin
tal_preconflict_P4,10,150,889,8849,17737,6293,10880,0.7111538026895694,0.6134070023115521,3193.283701796473,0.2541855611046096,0.25629437873682853,-0.002108817632218929,E16a,fine_class_side2_nnlog2,class|side2_bin|nnlog2_bin
tal_final_P4,10,150,889,8849,17737,6293,10880,0.7111538026895694,0.6134070023115521,3193.283701796473,0.22022108930492637,0.2302989043164535,-0.01007781501152713,E16a,fine_class_side2_nnlog2,class|side2_bin|nnlog2_bin
in_gt_P5,10,150,889,8849,17737,6293,10880,0.7111538026895694,0.6134070023115521,3193.283701796473,0.14838520596676813,0.17250541935289254,-0.02412021338612441,E16a,fine_class_side2_nnlog2,class|side2_bin|nnlog2_bin
tal_preconflict_P5,10,150,889,8849,17737,6293,10880,0.7111538026895694,0.6134070023115521,3193.283701796473,0.05511144614298268,0.049740028941422716,0.0053714172015599665,E16a,fine_class_side2_nnlog2,class|side2_bin|nnlog2_bin
tal_final_P5,10,150,889,8849,17737,6293,10880,0.7111538026895694,0.6134070023115521,3193.283701796473,0.049432005736776016,0.044805669749951926,0.00462633598682409,E16a,fine_class_side2_nnlog2,class|side2_bin|nnlog2_bin
in_gt_total,20,76,889,8849,17737,4792,7149,0.5415301163973331,0.40305575914754466,2450.7734109552844,11.140188994562651,12.628276460166145,-1.4880874656034937,E16a,fine_class_side2_nnlog2,class|side2_bin|nnlog2_bin
in_gt_cap10,20,76,889,8849,17737,4792,7149,0.5415301163973331,0.40305575914754466,2450.7734109552844,7.805021039007731,8.211156506920426,-0.40613546791269517,E16a,fine_class_side2_nnlog2,class|side2_bin|nnlog2_bin
zero_in_gt,20,76,889,8849,17737,4792,7149,0.5415301163973331,0.40305575914754466,2450.7734109552844,0.0019504932029602749,0.00028828521477023875,0.001662207988190036,E16a,fine_class_side2_nnlog2,class|side2_bin|nnlog2_bin
tal_preconflict_total,20,76,889,8849,17737,4792,7149,0.5415301163973331,0.40305575914754466,2450.7734109552844,7.7290862817740065,8.176870074693444,-0.44778379291943704,E16a,fine_class_side2_nnlog2,class|side2_bin|nnlog2_bin
tal_final_total,20,76,889,8849,17737,4792,7149,0.5415301163973331,0.40305575914754466,2450.7734109552844,6.784871028731091,7.597052158426842,-0.8121811296957508,E16a,fine_class_side2_nnlog2,class|side2_bin|nnlog2_bin
zero_final_positive,20,76,889,8849,17737,4792,7149,0.5415301163973331,0.40305575914754466,2450.7734109552844,0.011750743620031538,0.0004758872643466275,0.01127485635568491,E16a,fine_class_side2_nnlog2,class|side2_bin|nnlog2_bin
conflict_loss_fraction,20,76,889,8849,17737,4792,7149,0.5415301163973331,0.40305575914754466,2450.7734109552844,0.13028107162487343,0.07488878603225257,0.055392285592620855,E16a,fine_class_side2_nnlog2,class|side2_bin|nnlog2_bin
target_weight_mean,20,76,889,8849,17737,4792,7149,0.5415301163973331,0.40305575914754466,2450.7734109552844,0.32056808355673005,0.4832860101430599,-0.16271792658632983,E16a,fine_class_side2_nnlog2,class|side2_bin|nnlog2_bin
target_weight_max,20,76,889,8849,17737,4792,7149,0.5415301163973331,0.40305575914754466,2450.7734109552844,0.6246794872991298,0.8276479383727795,-0.2029684510736497,E16a,fine_class_side2_nnlog2,class|side2_bin|nnlog2_bin
p2_final_share,20,76,889,8849,17737,4792,7149,0.5415301163973331,0.40305575914754466,2450.7734109552844,0.7842833117912077,0.7963567401490508,-0.012073428357843086,E16a,fine_class_side2_nnlog2,class|side2_bin|nnlog2_bin
in_gt_P2,20,76,889,8849,17737,4792,7149,0.5415301163973331,0.40305575914754466,2450.7734109552844,8.377759395528782,9.52454362512933,-1.1467842296005468,E16a,fine_class_side2_nnlog2,class|side2_bin|nnlog2_bin
tal_preconflict_P2,20,76,889,8849,17737,4792,7149,0.5415301163973331,0.40305575914754466,2450.7734109552844,6.151587298989542,6.535872789013125,-0.3842854900235837,E16a,fine_class_side2_nnlog2,class|side2_bin|nnlog2_bin
tal_final_P2,20,76,889,8849,17737,4792,7149,0.5415301163973331,0.40305575914754466,2450.7734109552844,5.425862724889983,6.126131622279132,-0.7002688973891491,E16a,fine_class_side2_nnlog2,class|side2_bin|nnlog2_bin
in_gt_P3,20,76,889,8849,17737,4792,7149,0.5415301163973331,0.40305575914754466,2450.7734109552844,2.101490479392674,2.3717867214902593,-0.2702962420975852,E16a,fine_class_side2_nnlog2,class|side2_bin|nnlog2_bin
tal_preconflict_P3,20,76,889,8849,17737,4792,7149,0.5415301163973331,0.40305575914754466,2450.7734109552844,1.2556288601719836,1.329647942841329,-0.07401908266934543,E16a,fine_class_side2_nnlog2,class|side2_bin|nnlog2_bin
tal_final_P3,20,76,889,8849,17737,4792,7149,0.5415301163973331,0.40305575914754466,2450.7734109552844,1.0807277986691826,1.1947866352360441,-0.11405883656686155,E16a,fine_class_side2_nnlog2,class|side2_bin|nnlog2_bin
in_gt_P4,20,76,889,8849,17737,4792,7149,0.5415301163973331,0.40305575914754466,2450.7734109552844,0.5370158758777119,0.5823752623154993,-0.04535938643778736,E16a,fine_class_side2_nnlog2,class|side2_bin|nnlog2_bin
tal_preconflict_P4,20,76,889,8849,17737,4792,7149,0.5415301163973331,0.40305575914754466,2450.7734109552844,0.26285335388963227,0.25732019147254737,0.0055331624170849025,E16a,fine_class_side2_nnlog2,class|side2_bin|nnlog2_bin
tal_final_P4,20,76,889,8849,17737,4792,7149,0.5415301163973331,0.40305575914754466,2450.7734109552844,0.2249860581750751,0.22712401942909208,-0.002137961254016968,E16a,fine_class_side2_nnlog2,class|side2_bin|nnlog2_bin
in_gt_P5,20,76,889,8849,17737,4792,7149,0.5415301163973331,0.40305575914754466,2450.7734109552844,0.12392324376348253,0.14957085123105843,-0.025647607467575897,E16a,fine_class_side2_nnlog2,class|side2_bin|nnlog2_bin
tal_preconflict_P5,20,76,889,8849,17737,4792,7149,0.5415301163973331,0.40305575914754466,2450.7734109552844,0.059016768722852116,0.054029151366443054,0.004987617356409062,E16a,fine_class_side2_nnlog2,class|side2_bin|nnlog2_bin
tal_final_P5,20,76,889,8849,17737,4792,7149,0.5415301163973331,0.40305575914754466,2450.7734109552844,0.05329444699685168,0.04900988148257597,0.004284565514275709,E16a,fine_class_side2_nnlog2,class|side2_bin|nnlog2_bin
in_gt_total,5,174,506,8849,17737,7392,17000,0.8353486269634987,0.9584484411118002,3966.857350600033,16.226209090519887,17.579704058639585,-1.3534949681196977,E16a,eligibility_controlled,class|size_bin|density_bin|in_gt_cap10
zero_in_gt,5,174,506,8849,17737,7392,17000,0.8353486269634987,0.9584484411118002,3966.857350600033,0.0,0.0,0.0,E16a,eligibility_controlled,class|size_bin|density_bin|in_gt_cap10
tal_preconflict_total,5,174,506,8849,17737,7392,17000,0.8353486269634987,0.9584484411118002,3966.857350600033,8.448539394410487,8.480049164529085,-0.03150977011859801,E16a,eligibility_controlled,class|size_bin|density_bin|in_gt_cap10
tal_final_total,5,174,506,8849,17737,7392,17000,0.8353486269634987,0.9584484411118002,3966.857350600033,7.495468678209378,8.00938987876338,-0.5139212005540026,E16a,eligibility_controlled,class|size_bin|density_bin|in_gt_cap10
zero_final_positive,5,174,506,8849,17737,7392,17000,0.8353486269634987,0.9584484411118002,3966.857350600033,0.010046731738033193,0.0012207344756147336,0.00882599726241846,E16a,eligibility_controlled,class|size_bin|density_bin|in_gt_cap10
conflict_loss_fraction,5,174,506,8849,17737,7392,17000,0.8353486269634987,0.9584484411118002,3966.857350600033,0.1206653438426018,0.06193142358506461,0.058733920257537195,E16a,eligibility_controlled,class|size_bin|density_bin|in_gt_cap10
target_weight_mean,5,174,506,8849,17737,7392,17000,0.8353486269634987,0.9584484411118002,3966.857350600033,0.32273268020901696,0.5027193841095319,-0.1799867039005149,E16a,eligibility_controlled,class|size_bin|density_bin|in_gt_cap10
target_weight_max,5,174,506,8849,17737,7392,17000,0.8353486269634987,0.9584484411118002,3966.857350600033,0.6327062766509634,0.8329932397429278,-0.20028696309196448,E16a,eligibility_controlled,class|size_bin|density_bin|in_gt_cap10
p2_final_share,5,174,506,8849,17737,7392,17000,0.8353486269634987,0.9584484411118002,3966.857350600033,0.7807765214321142,0.7700651644513067,0.010711356980807496,E16a,eligibility_controlled,class|size_bin|density_bin|in_gt_cap10
in_gt_P2,5,174,506,8849,17737,7392,17000,0.8353486269634987,0.9584484411118002,3966.857350600033,12.224396338454136,13.22688161114238,-1.0024852726882436,E16a,eligibility_controlled,class|size_bin|density_bin|in_gt_cap10
tal_preconflict_P2,5,174,506,8849,17737,7392,17000,0.8353486269634987,0.9584484411118002,3966.857350600033,6.677158349650146,6.5367387566149,0.14041959303524543,E16a,eligibility_controlled,class|size_bin|density_bin|in_gt_cap10
tal_final_P2,5,174,506,8849,17737,7392,17000,0.8353486269634987,0.9584484411118002,3966.857350600033,5.932627582659112,6.193883179020617,-0.2612555963615044,E16a,eligibility_controlled,class|size_bin|density_bin|in_gt_cap10
in_gt_P3,5,174,506,8849,17737,7392,17000,0.8353486269634987,0.9584484411118002,3966.857350600033,3.0474314613573177,3.317291606449861,-0.2698601450925433,E16a,eligibility_controlled,class|size_bin|density_bin|in_gt_cap10
tal_preconflict_P3,5,174,506,8849,17737,7392,17000,0.8353486269634987,0.9584484411118002,3966.857350600033,1.4474936950363888,1.6255591742926048,-0.17806547925621596,E16a,eligibility_controlled,class|size_bin|density_bin|in_gt_cap10
tal_final_P3,5,174,506,8849,17737,7392,17000,0.8353486269634987,0.9584484411118002,3966.857350600033,1.2771628388623746,1.5240408241926622,-0.2468779853302876,E16a,eligibility_controlled,class|size_bin|density_bin|in_gt_cap10
in_gt_P4,5,174,506,8849,17737,7392,17000,0.8353486269634987,0.9584484411118002,3966.857350600033,0.7651526149771676,0.8245368174455153,-0.059384202468347747,E16a,eligibility_controlled,class|size_bin|density_bin|in_gt_cap10
tal_preconflict_P4,5,174,506,8849,17737,7392,17000,0.8353486269634987,0.9584484411118002,3966.857350600033,0.2726240953927621,0.27440999721055953,-0.0017859018177974195,E16a,eligibility_controlled,class|size_bin|density_bin|in_gt_cap10
tal_final_P4,5,174,506,8849,17737,7392,17000,0.8353486269634987,0.9584484411118002,3966.857350600033,0.23951515440693838,0.25227626141201803,-0.012761107005079653,E16a,eligibility_controlled,class|size_bin|density_bin|in_gt_cap10
in_gt_P5,5,174,506,8849,17737,7392,17000,0.8353486269634987,0.9584484411118002,3966.857350600033,0.18922867573126936,0.2109940236018297,-0.021765347870560336,E16a,eligibility_controlled,class|size_bin|density_bin|in_gt_cap10
tal_preconflict_P5,5,174,506,8849,17737,7392,17000,0.8353486269634987,0.9584484411118002,3966.857350600033,0.05126325433118954,0.0433412364110203,0.007922017920169243,E16a,eligibility_controlled,class|size_bin|density_bin|in_gt_cap10
tal_final_P5,5,174,506,8849,17737,7392,17000,0.8353486269634987,0.9584484411118002,3966.857350600033,0.04616310228095195,0.03918961413808328,0.006973488142868668,E16a,eligibility_controlled,class|size_bin|density_bin|in_gt_cap10
in_gt_total,10,125,506,8849,17737,6623,16276,0.7484461521075828,0.9176298133844506,3737.7439510341255,16.45532483869926,17.884331021559916,-1.4290061828606575,E16a,eligibility_controlled,class|size_bin|density_bin|in_gt_cap10
zero_in_gt,10,125,506,8849,17737,6623,16276,0.7484461521075828,0.9176298133844506,3737.7439510341255,0.0,0.0,0.0,E16a,eligibility_controlled,class|size_bin|density_bin|in_gt_cap10
tal_preconflict_total,10,125,506,8849,17737,6623,16276,0.7484461521075828,0.9176298133844506,3737.7439510341255,8.567787262690032,8.599770426034016,-0.03198316334398399,E16a,eligibility_controlled,class|size_bin|density_bin|in_gt_cap10
tal_final_total,10,125,506,8849,17737,6623,16276,0.7484461521075828,0.9176298133844506,3737.7439510341255,7.608773083033665,8.127798165120906,-0.5190250820872411,E16a,eligibility_controlled,class|size_bin|density_bin|in_gt_cap10
zero_final_positive,10,125,506,8849,17737,6623,16276,0.7484461521075828,0.9176298133844506,3737.7439510341255,0.009692521395875085,0.0012955621335119568,0.008396959262363128,E16a,eligibility_controlled,class|size_bin|density_bin|in_gt_cap10
conflict_loss_fraction,10,125,506,8849,17737,6623,16276,0.7484461521075828,0.9176298133844506,3737.7439510341255,0.12002243162964461,0.06147982078001995,0.058542610849624664,E16a,eligibility_controlled,class|size_bin|density_bin|in_gt_cap10
target_weight_mean,10,125,506,8849,17737,6623,16276,0.7484461521075828,0.9176298133844506,3737.7439510341255,0.3228645687498527,0.5031553189344368,-0.18029075018458407,E16a,eligibility_controlled,class|size_bin|density_bin|in_gt_cap10
target_weight_max,10,125,506,8849,17737,6623,16276,0.7484461521075828,0.9176298133844506,3737.7439510341255,0.6350463739453148,0.8336497497895613,-0.19860337584424648,E16a,eligibility_controlled,class|size_bin|density_bin|in_gt_cap10
p2_final_share,10,125,506,8849,17737,6623,16276,0.7484461521075828,0.9176298133844506,3737.7439510341255,0.7837997082440559,0.7731582162026018,0.010641492041454037,E16a,eligibility_controlled,class|size_bin|density_bin|in_gt_cap10
in_gt_P2,10,125,506,8849,17737,6623,16276,0.7484461521075828,0.9176298133844506,3737.7439510341255,12.407500912908777,13.45838601002936,-1.0508850971205828,E16a,eligibility_controlled,class|size_bin|density_bin|in_gt_cap10
tal_preconflict_P2,10,125,506,8849,17737,6623,16276,0.7484461521075828,0.9176298133844506,3737.7439510341255,6.795039259087687,6.656517862914934,0.13852139617275316,E16a,eligibility_controlled,class|size_bin|density_bin|in_gt_cap10
tal_final_P2,10,125,506,8849,17737,6623,16276,0.7484461521075828,0.9176298133844506,3737.7439510341255,6.045000211441262,6.313519121211191,-0.268518909769929,E16a,eligibility_controlled,class|size_bin|density_bin|in_gt_cap10
in_gt_P3,10,125,506,8849,17737,6623,16276,0.7484461521075828,0.9176298133844506,3737.7439510341255,3.0824030886616027,3.371157255749564,-0.2887541670879612,E16a,eligibility_controlled,class|size_bin|density_bin|in_gt_cap10
tal_preconflict_P3,10,125,506,8849,17737,6623,16276,0.7484461521075828,0.9176298133844506,3737.7439510341255,1.4518833241890927,1.6269149114563104,-0.17503158726721768,E16a,eligibility_controlled,class|size_bin|density_bin|in_gt_cap10
tal_final_P3,10,125,506,8849,17737,6623,16276,0.7484461521075828,0.9176298133844506,3737.7439510341255,1.2806897920842537,1.5248265988448175,-0.24413680676056382,E16a,eligibility_controlled,class|size_bin|density_bin|in_gt_cap10
in_gt_P4,10,125,506,8849,17737,6623,16276,0.7484461521075828,0.9176298133844506,3737.7439510341255,0.7761833920817041,0.8400818282818547,-0.06389843620015068,E16a,eligibility_controlled,class|size_bin|density_bin|in_gt_cap10
tal_preconflict_P4,10,125,506,8849,17737,6623,16276,0.7484461521075828,0.9176298133844506,3737.7439510341255,0.26935048616019863,0.2733657763071646,-0.004015290146965944,E16a,eligibility_controlled,class|size_bin|density_bin|in_gt_cap10
tal_final_P4,10,125,506,8849,17737,6623,16276,0.7484461521075828,0.9176298133844506,3737.7439510341255,0.23647303132891434,0.25055543366245303,-0.01408240233353869,E16a,eligibility_controlled,class|size_bin|density_bin|in_gt_cap10
in_gt_P5,10,125,506,8849,17737,6623,16276,0.7484461521075828,0.9176298133844506,3737.7439510341255,0.1892374450471751,0.21470592749913836,-0.02546848245196326,E16a,eligibility_controlled,class|size_bin|density_bin|in_gt_cap10
tal_preconflict_P5,10,125,506,8849,17737,6623,16276,0.7484461521075828,0.9176298133844506,3737.7439510341255,0.05151419325305681,0.0429718753556088,0.008542317897448012,E16a,eligibility_controlled,class|size_bin|density_bin|in_gt_cap10
tal_final_P5,10,125,506,8849,17737,6623,16276,0.7484461521075828,0.9176298133844506,3737.7439510341255,0.04661004817923606,0.03889701140244639,0.007713036776789667,E16a,eligibility_controlled,class|size_bin|density_bin|in_gt_cap10
in_gt_total,20,87,506,8849,17737,5566,15078,0.6289976268504915,0.8500873879461014,3364.8142473101375,16.770703729066746,18.301768814565154,-1.5310650854984083,E16a,eligibility_controlled,class|size_bin|density_bin|in_gt_cap10
zero_in_gt,20,87,506,8849,17737,5566,15078,0.6289976268504915,0.8500873879461014,3364.8142473101375,0.0,0.0,0.0,E16a,eligibility_controlled,class|size_bin|density_bin|in_gt_cap10
tal_preconflict_total,20,87,506,8849,17737,5566,15078,0.6289976268504915,0.8500873879461014,3364.8142473101375,8.731879614395936,8.765156857834597,-0.03327724343866123,E16a,eligibility_controlled,class|size_bin|density_bin|in_gt_cap10
tal_final_total,20,87,506,8849,17737,5566,15078,0.6289976268504915,0.8500873879461014,3364.8142473101375,7.752658370441882,8.29130757075001,-0.5386492003081287,E16a,eligibility_controlled,class|size_bin|density_bin|in_gt_cap10
zero_final_positive,20,87,506,8849,17737,5566,15078,0.6289976268504915,0.8500873879461014,3364.8142473101375,0.008457144584800106,0.0012268712356819052,0.0072302733491182,E16a,eligibility_controlled,class|size_bin|density_bin|in_gt_cap10
conflict_loss_fraction,20,87,506,8849,17737,5566,15078,0.6289976268504915,0.8500873879461014,3364.8142473101375,0.11836611197281373,0.058851117192613205,0.059514994780200524,E16a,eligibility_controlled,class|size_bin|density_bin|in_gt_cap10
target_weight_mean,20,87,506,8849,17737,5566,15078,0.6289976268504915,0.8500873879461014,3364.8142473101375,0.321783942686933,0.5038008965822667,-0.18201695389533368,E16a,eligibility_controlled,class|size_bin|density_bin|in_gt_cap10
target_weight_max,20,87,506,8849,17737,5566,15078,0.6289976268504915,0.8500873879461014,3364.8142473101375,0.6375102411513859,0.834833242513627,-0.19732300136224112,E16a,eligibility_controlled,class|size_bin|density_bin|in_gt_cap10
p2_final_share,20,87,506,8849,17737,5566,15078,0.6289976268504915,0.8500873879461014,3364.8142473101375,0.7893491938714008,0.7774757893860781,0.011873404485322703,E16a,eligibility_controlled,class|size_bin|density_bin|in_gt_cap10
in_gt_P2,20,87,506,8849,17737,5566,15078,0.6289976268504915,0.8500873879461014,3364.8142473101375,12.653714746630028,13.771278006194365,-1.1175632595643368,E16a,eligibility_controlled,class|size_bin|density_bin|in_gt_cap10
tal_preconflict_P2,20,87,506,8849,17737,5566,15078,0.6289976268504915,0.8500873879461014,3364.8142473101375,6.979369097491028,6.831526194594522,0.1478429028965058,E16a,eligibility_controlled,class|size_bin|density_bin|in_gt_cap10
tal_final_P2,20,87,506,8849,17737,5566,15078,0.6289976268504915,0.8500873879461014,3364.8142473101375,6.208335411510792,6.487477008763021,-0.2791415972522291,E16a,eligibility_controlled,class|size_bin|density_bin|in_gt_cap10
in_gt_P3,20,87,506,8849,17737,5566,15078,0.6289976268504915,0.8500873879461014,3364.8142473101375,3.133927876470119,3.4531404668401127,-0.3192125903699936,E16a,eligibility_controlled,class|size_bin|density_bin|in_gt_cap10
tal_preconflict_P3,20,87,506,8849,17737,5566,15078,0.6289976268504915,0.8500873879461014,3364.8142473101375,1.443751617033445,1.623748399777551,-0.17999678274410602,E16a,eligibility_controlled,class|size_bin|density_bin|in_gt_cap10
tal_final_P3,20,87,506,8849,17737,5566,15078,0.6289976268504915,0.8500873879461014,3364.8142473101375,1.2714635487432293,1.5207544055937212,-0.2492908568504919,E16a,eligibility_controlled,class|size_bin|density_bin|in_gt_cap10
in_gt_P4,20,87,506,8849,17737,5566,15078,0.6289976268504915,0.8500873879461014,3364.8142473101375,0.790014130996999,0.8576695150524072,-0.06765538405540816,E16a,eligibility_controlled,class|size_bin|density_bin|in_gt_cap10
tal_preconflict_P4,20,87,506,8849,17737,5566,15078,0.6289976268504915,0.8500873879461014,3364.8142473101375,0.2569101078159636,0.26694328033964765,-0.010033172523684075,E16a,eligibility_controlled,class|size_bin|density_bin|in_gt_cap10
tal_final_P4,20,87,506,8849,17737,5566,15078,0.6289976268504915,0.8500873879461014,3364.8142473101375,0.2256331053728543,0.24412789634175877,-0.018494790968904468,E16a,eligibility_controlled,class|size_bin|density_bin|in_gt_cap10
in_gt_P5,20,87,506,8849,17737,5566,15078,0.6289976268504915,0.8500873879461014,3364.8142473101375,0.19304697496960355,0.21968082647826764,-0.026633851508664097,E16a,eligibility_controlled,class|size_bin|density_bin|in_gt_cap10
tal_preconflict_P5,20,87,506,8849,17737,5566,15078,0.6289976268504915,0.8500873879461014,3364.8142473101375,0.05184879205550019,0.04293898312287754,0.008909808932622651,E16a,eligibility_controlled,class|size_bin|density_bin|in_gt_cap10
tal_final_P5,20,87,506,8849,17737,5566,15078,0.6289976268504915,0.8500873879461014,3364.8142473101375,0.04722630481500747,0.03894826005151109,0.008278044763496376,E16a,eligibility_controlled,class|size_bin|density_bin|in_gt_cap10
in_gt_total,5,85,116,8889,17697,8780,17324,0.987737653279334,0.9789229812962649,4449.565534729699,14.912855149688449,17.13258160290676,-2.2197264532183123,E21a,coarse_class_size_density,class|size_bin|density_bin
in_gt_cap10,5,85,116,8889,17697,8780,17324,0.987737653279334,0.9789229812962649,4449.565534729699,7.876934709322572,8.559877552092873,-0.6829428427703013,E21a,coarse_class_size_density,class|size_bin|density_bin
zero_in_gt,5,85,116,8889,17697,8780,17324,0.987737653279334,0.9789229812962649,4449.565534729699,0.004464880241746032,0.00021861602523761672,0.004246264216508415,E21a,coarse_class_size_density,class|size_bin|density_bin
tal_preconflict_total,5,85,116,8889,17697,8780,17324,0.987737653279334,0.9789229812962649,4449.565534729699,7.8203783103619084,8.534906850889776,-0.7145285405278674,E21a,coarse_class_size_density,class|size_bin|density_bin
tal_final_total,5,85,116,8889,17697,8780,17324,0.987737653279334,0.9789229812962649,4449.565534729699,6.951926607664807,8.033961527081031,-1.0820349194162242,E21a,coarse_class_size_density,class|size_bin|density_bin
zero_final_positive,5,85,116,8889,17697,8780,17324,0.987737653279334,0.9789229812962649,4449.565534729699,0.02051966834473083,0.000943559275519525,0.019576109069211305,E21a,coarse_class_size_density,class|size_bin|density_bin
conflict_loss_fraction,5,85,116,8889,17697,8780,17324,0.987737653279334,0.9789229812962649,4449.565534729699,0.12323462142187244,0.0636470978523515,0.05958752356952095,E21a,coarse_class_size_density,class|size_bin|density_bin
target_weight_mean,5,85,116,8889,17697,8780,17324,0.987737653279334,0.9789229812962649,4449.565534729699,0.3305155173649109,0.5006444508382392,-0.17012893347332825,E21a,coarse_class_size_density,class|size_bin|density_bin
target_weight_max,5,85,116,8889,17697,8780,17324,0.987737653279334,0.9789229812962649,4449.565534729699,0.6252594984843831,0.8324775315900615,-0.20721803310567843,E21a,coarse_class_size_density,class|size_bin|density_bin
p2_final_share,5,85,116,8889,17697,8780,17324,0.987737653279334,0.9789229812962649,4449.565534729699,0.7788637588150386,0.7753318279046983,0.0035319309103402086,E21a,coarse_class_size_density,class|size_bin|density_bin
in_gt_P2,5,85,116,8889,17697,8780,17324,0.987737653279334,0.9789229812962649,4449.565534729699,11.232930374326315,12.905974300510175,-1.67304392618386,E21a,coarse_class_size_density,class|size_bin|density_bin
tal_preconflict_P2,5,85,116,8889,17697,8780,17324,0.987737653279334,0.9789229812962649,4449.565534729699,6.172526351953299,6.629878779080375,-0.45735242712707613,E21a,coarse_class_size_density,class|size_bin|density_bin
tal_final_P2,5,85,116,8889,17697,8780,17324,0.987737653279334,0.9789229812962649,4449.565534729699,5.503849610208058,6.260035055095685,-0.7561854448876266,E21a,coarse_class_size_density,class|size_bin|density_bin
in_gt_P3,5,85,116,8889,17697,8780,17324,0.987737653279334,0.9789229812962649,4449.565534729699,2.799868214370778,3.2248844312321605,-0.42501621686138247,E21a,coarse_class_size_density,class|size_bin|density_bin
tal_preconflict_P3,5,85,116,8889,17697,8780,17324,0.987737653279334,0.9789229812962649,4449.565534729699,1.339685242155529,1.5949802690914539,-0.2552950269359249,E21a,coarse_class_size_density,class|size_bin|density_bin
tal_final_P3,5,85,116,8889,17697,8780,17324,0.987737653279334,0.9789229812962649,4449.565534729699,1.1760070739386386,1.492192104700772,-0.31618503076213345,E21a,coarse_class_size_density,class|size_bin|density_bin
in_gt_P4,5,85,116,8889,17697,8780,17324,0.987737653279334,0.9789229812962649,4449.565534729699,0.7078859575313123,0.7951349017328283,-0.08724894420151597,E21a,coarse_class_size_density,class|size_bin|density_bin
tal_preconflict_P4,5,85,116,8889,17697,8780,17324,0.987737653279334,0.9789229812962649,4449.565534729699,0.2588261949521069,0.26399913854530893,-0.0051729435932020285,E21a,coarse_class_size_density,class|size_bin|density_bin
tal_final_P4,5,85,116,8889,17697,8780,17324,0.987737653279334,0.9789229812962649,4449.565534729699,0.22795886614934133,0.2406719879599394,-0.012713121810598083,E21a,coarse_class_size_density,class|size_bin|density_bin
in_gt_P5,5,85,116,8889,17697,8780,17324,0.987737653279334,0.9789229812962649,4449.565534729699,0.172170603460039,0.20658796943159324,-0.03441736597155423,E21a,coarse_class_size_density,class|size_bin|density_bin
tal_preconflict_P5,5,85,116,8889,17697,8780,17324,0.987737653279334,0.9789229812962649,4449.565534729699,0.049340521300973626,0.046048664172635076,0.0032918571283385503,E21a,coarse_class_size_density,class|size_bin|density_bin
tal_final_P5,5,85,116,8889,17697,8780,17324,0.987737653279334,0.9789229812962649,4449.565534729699,0.04411105736876832,0.04106237932463454,0.003048678044133779,E21a,coarse_class_size_density,class|size_bin|density_bin
in_gt_total,10,73,116,8889,17697,8312,17026,0.9350883113961076,0.9620839690342996,4382.014178183938,14.833309724937541,17.06786491919112,-2.234555194253579,E21a,coarse_class_size_density,class|size_bin|density_bin
in_gt_cap10,10,73,116,8889,17697,8312,17026,0.9350883113961076,0.9620839690342996,4382.014178183938,7.890045271725458,8.573050318230452,-0.6830050465049942,E21a,coarse_class_size_density,class|size_bin|density_bin
zero_in_gt,10,73,116,8889,17697,8312,17026,0.9350883113961076,0.9620839690342996,4382.014178183938,0.004300718615463979,0.00022198612137764415,0.004078732494086334,E21a,coarse_class_size_density,class|size_bin|density_bin
tal_preconflict_total,10,73,116,8889,17697,8312,17026,0.9350883113961076,0.9620839690342996,4382.014178183938,7.83285337265704,8.54843267976633,-0.71557930710929,E21a,coarse_class_size_density,class|size_bin|density_bin
tal_final_total,10,73,116,8889,17697,8312,17026,0.9350883113961076,0.9620839690342996,4382.014178183938,6.967707437512972,8.04970366459894,-1.081996227085968,E21a,coarse_class_size_density,class|size_bin|density_bin
zero_final_positive,10,73,116,8889,17697,8312,17026,0.9350883113961076,0.9620839690342996,4382.014178183938,0.0200932452002222,0.0009581048033181353,0.019135140396904064,E21a,coarse_class_size_density,class|size_bin|density_bin
conflict_loss_fraction,10,73,116,8889,17697,8312,17026,0.9350883113961076,0.9620839690342996,4382.014178183938,0.12256115664186083,0.06329655796307339,0.059264598678787445,E21a,coarse_class_size_density,class|size_bin|density_bin
target_weight_mean,10,73,116,8889,17697,8312,17026,0.9350883113961076,0.9620839690342996,4382.014178183938,0.3307231919635222,0.5006094583745153,-0.16988626641099314,E21a,coarse_class_size_density,class|size_bin|density_bin
target_weight_max,10,73,116,8889,17697,8312,17026,0.9350883113961076,0.9620839690342996,4382.014178183938,0.6258718370474988,0.8324632083313046,-0.20659137128380578,E21a,coarse_class_size_density,class|size_bin|density_bin
p2_final_share,10,73,116,8889,17697,8312,17026,0.9350883113961076,0.9620839690342996,4382.014178183938,0.7799835591432066,0.7766239751589314,0.0033595839842751607,E21a,coarse_class_size_density,class|size_bin|density_bin
in_gt_P2,10,73,116,8889,17697,8312,17026,0.9350883113961076,0.9620839690342996,4382.014178183938,11.172265237235234,12.857686858840042,-1.6854216216048084,E21a,coarse_class_size_density,class|size_bin|density_bin
tal_preconflict_P2,10,73,116,8889,17697,8312,17026,0.9350883113961076,0.9620839690342996,4382.014178183938,6.194728889849566,6.654343777504678,-0.45961488765511227,E21a,coarse_class_size_density,class|size_bin|density_bin
tal_final_P2,10,73,116,8889,17697,8312,17026,0.9350883113961076,0.9620839690342996,4382.014178183938,5.527403312030015,6.286297420048966,-0.7588941080189509,E21a,coarse_class_size_density,class|size_bin|density_bin
in_gt_P3,10,73,116,8889,17697,8312,17026,0.9350883113961076,0.9620839690342996,4382.014178183938,2.785053524700755,3.211540048138351,-0.4264865234375961,E21a,coarse_class_size_density,class|size_bin|density_bin
tal_preconflict_P3,10,73,116,8889,17697,8312,17026,0.9350883113961076,0.9620839690342996,4382.014178183938,1.330949006623865,1.5844655490332231,-0.25351654240935817,E21a,coarse_class_size_density,class|size_bin|density_bin
tal_final_P3,10,73,116,8889,17697,8312,17026,0.9350883113961076,0.9620839690342996,4382.014178183938,1.1693603808030046,1.4822054736849262,-0.3128450928819215,E21a,coarse_class_size_density,class|size_bin|density_bin
in_gt_P4,10,73,116,8889,17697,8312,17026,0.9350883113961076,0.9620839690342996,4382.014178183938,0.7047423176631606,0.7928013852144776,-0.08805906755131698,E21a,coarse_class_size_density,class|size_bin|density_bin
tal_preconflict_P4,10,73,116,8889,17697,8312,17026,0.9350883113961076,0.9620839690342996,4382.014178183938,0.25730168439212636,0.26306042625717835,-0.005758741865051986,E21a,coarse_class_size_density,class|size_bin|density_bin
tal_final_P4,10,73,116,8889,17697,8312,17026,0.9350883113961076,0.9620839690342996,4382.014178183938,0.22626006119650885,0.23970099529035582,-0.013440934093846973,E21a,coarse_class_size_density,class|size_bin|density_bin
in_gt_P5,10,73,116,8889,17697,8312,17026,0.9350883113961076,0.9620839690342996,4382.014178183938,0.1712486453383922,0.20583662699825092,-0.03458798165985871,E21a,coarse_class_size_density,class|size_bin|density_bin
tal_preconflict_P5,10,73,116,8889,17697,8312,17026,0.9350883113961076,0.9620839690342996,4382.014178183938,0.04987379179148275,0.046562926971249,0.0033108648202337457,E21a,coarse_class_size_density,class|size_bin|density_bin
tal_final_P5,10,73,116,8889,17697,8312,17026,0.9350883113961076,0.9620839690342996,4382.014178183938,0.04468368348344343,0.04149977557469121,0.003183907908752226,E21a,coarse_class_size_density,class|size_bin|density_bin
in_gt_total,20,55,116,8889,17697,7985,16292,0.8983012712341095,0.9206080126575126,4210.360137730172,14.457794350112335,16.749175667683584,-2.2913813175712487,E21a,coarse_class_size_density,class|size_bin|density_bin
in_gt_cap10,20,55,116,8889,17697,7985,16292,0.8983012712341095,0.9206080126575126,4210.360137730172,7.892722327096706,8.591490205620973,-0.6987678785242668,E21a,coarse_class_size_density,class|size_bin|density_bin
zero_in_gt,20,55,116,8889,17697,7985,16292,0.8983012712341095,0.9206080126575126,4210.360137730172,0.004038627106829794,0.0002310363720480477,0.003807590734781746,E21a,coarse_class_size_density,class|size_bin|density_bin
tal_preconflict_total,20,55,116,8889,17697,7985,16292,0.8983012712341095,0.9206080126575126,4210.360137730172,7.833765379490177,8.566632861647692,-0.7328674821575154,E21a,coarse_class_size_density,class|size_bin|density_bin
tal_final_total,20,55,116,8889,17697,7985,16292,0.8983012712341095,0.9206080126575126,4210.360137730172,6.950511158044155,8.056542346970058,-1.1060311889259031,E21a,coarse_class_size_density,class|size_bin|density_bin
zero_final_positive,20,55,116,8889,17697,7985,16292,0.8983012712341095,0.9206080126575126,4210.360137730172,0.020322161946904883,0.0009971662031242768,0.019324995743780604,E21a,coarse_class_size_density,class|size_bin|density_bin
conflict_loss_fraction,20,55,116,8889,17697,7985,16292,0.8983012712341095,0.9206080126575126,4210.360137730172,0.1254258625522331,0.06480860449804342,0.060617258054189674,E21a,coarse_class_size_density,class|size_bin|density_bin
target_weight_mean,20,55,116,8889,17697,7985,16292,0.8983012712341095,0.9206080126575126,4210.360137730172,0.33105461298119543,0.5006572781878242,-0.1696026652066288,E21a,coarse_class_size_density,class|size_bin|density_bin
target_weight_max,20,55,116,8889,17697,7985,16292,0.8983012712341095,0.9206080126575126,4210.360137730172,0.6255629550481517,0.8323861180458983,-0.2068231629977466,E21a,coarse_class_size_density,class|size_bin|density_bin
p2_final_share,20,55,116,8889,17697,7985,16292,0.8983012712341095,0.9206080126575126,4210.360137730172,0.7833123205614021,0.7799707261653896,0.0033415943960124483,E21a,coarse_class_size_density,class|size_bin|density_bin
in_gt_P2,20,55,116,8889,17697,7985,16292,0.8983012712341095,0.9206080126575126,4210.360137730172,10.888310542208227,12.615969794994095,-1.7276592527858678,E21a,coarse_class_size_density,class|size_bin|density_bin
tal_preconflict_P2,20,55,116,8889,17697,7985,16292,0.8983012712341095,0.9206080126575126,4210.360137730172,6.2243671303333805,6.702936786567585,-0.4785696562342041,E21a,coarse_class_size_density,class|size_bin|density_bin
tal_final_P2,20,55,116,8889,17697,7985,16292,0.8983012712341095,0.9206080126575126,4210.360137730172,5.543115188987035,6.326532557059734,-0.7834173680726986,E21a,coarse_class_size_density,class|size_bin|density_bin
in_gt_P3,20,55,116,8889,17697,7985,16292,0.8983012712341095,0.9206080126575126,4210.360137730172,2.7130569649854683,3.152411701638822,-0.4393547366533537,E21a,coarse_class_size_density,class|size_bin|density_bin
tal_preconflict_P3,20,55,116,8889,17697,7985,16292,0.8983012712341095,0.9206080126575126,4210.360137730172,1.3062896760815814,1.5558582603940714,-0.24956858431248996,E21a,coarse_class_size_density,class|size_bin|density_bin
tal_final_P3,20,55,116,8889,17697,7985,16292,0.8983012712341095,0.9206080126575126,4210.360137730172,1.1415874710088898,1.4516875792756174,-0.3101001082667276,E21a,coarse_class_size_density,class|size_bin|density_bin
in_gt_P4,20,55,116,8889,17697,7985,16292,0.8983012712341095,0.9206080126575126,4210.360137730172,0.6897944074048414,0.7783001922561671,-0.08850578485132565,E21a,coarse_class_size_density,class|size_bin|density_bin
tal_preconflict_P4,20,55,116,8889,17697,7985,16292,0.8983012712341095,0.9206080126575126,4210.360137730172,0.25248118909250045,0.2599471143633158,-0.0074659252708153545,E21a,coarse_class_size_density,class|size_bin|density_bin
tal_final_P4,20,55,116,8889,17697,7985,16292,0.8983012712341095,0.9206080126575126,4210.360137730172,0.22050681720221277,0.23570108357418543,-0.015194266371972659,E21a,coarse_class_size_density,class|size_bin|density_bin
in_gt_P5,20,55,116,8889,17697,7985,16292,0.8983012712341095,0.9206080126575126,4210.360137730172,0.1666324355137989,0.2024939787945043,-0.0358615432807054,E21a,coarse_class_size_density,class|size_bin|density_bin
tal_preconflict_P5,20,55,116,8889,17697,7985,16292,0.8983012712341095,0.9206080126575126,4210.360137730172,0.05062738398271467,0.047890700322717264,0.0027366836599974076,E21a,coarse_class_size_density,class|size_bin|density_bin
tal_final_P5,20,55,116,8889,17697,7985,16292,0.8983012712341095,0.9206080126575126,4210.360137730172,0.0453016808460165,0.04262112706051906,0.00268055378549744,E21a,coarse_class_size_density,class|size_bin|density_bin
in_gt_total,5,254,889,8889,17697,7401,14137,0.8326020924738441,0.7988359608973272,3744.2860652059103,14.48200395423233,15.825114237234223,-1.3431102830018933,E21a,fine_class_side2_nnlog2,class|side2_bin|nnlog2_bin
in_gt_cap10,5,254,889,8889,17697,7401,14137,0.8326020924738441,0.7988359608973272,3744.2860652059103,8.050553746144407,8.387496804687363,-0.33694305854295514,E21a,fine_class_side2_nnlog2,class|side2_bin|nnlog2_bin
zero_in_gt,5,254,889,8889,17697,7401,14137,0.8326020924738441,0.7988359608973272,3744.2860652059103,0.0019618655719201043,0.0003744836501872268,0.0015873819217328774,E21a,fine_class_side2_nnlog2,class|side2_bin|nnlog2_bin
tal_preconflict_total,5,254,889,8889,17697,7401,14137,0.8326020924738441,0.7988359608973272,3744.2860652059103,7.989906937894783,8.35998075373246,-0.37007381583767707,E21a,fine_class_side2_nnlog2,class|side2_bin|nnlog2_bin
tal_final_total,5,254,889,8889,17697,7401,14137,0.8326020924738441,0.7988359608973272,3744.2860652059103,7.09964152944132,7.850208016126726,-0.7505664866854058,E21a,fine_class_side2_nnlog2,class|side2_bin|nnlog2_bin
zero_final_positive,5,254,889,8889,17697,7401,14137,0.8326020924738441,0.7988359608973272,3744.2860652059103,0.013037168927421369,0.0009022599787439961,0.012134908948677373,E21a,fine_class_side2_nnlog2,class|side2_bin|nnlog2_bin
conflict_loss_fraction,5,254,889,8889,17697,7401,14137,0.8326020924738441,0.7988359608973272,3744.2860652059103,0.12190765738705843,0.06634523575832739,0.05556242162873104,E21a,fine_class_side2_nnlog2,class|side2_bin|nnlog2_bin
target_weight_mean,5,254,889,8889,17697,7401,14137,0.8326020924738441,0.7988359608973272,3744.2860652059103,0.3301384284906738,0.496504330614106,-0.16636590212343216,E21a,fine_class_side2_nnlog2,class|side2_bin|nnlog2_bin
target_weight_max,5,254,889,8889,17697,7401,14137,0.8326020924738441,0.7988359608973272,3744.2860652059103,0.6281992274524109,0.8306246450634597,-0.20242541761104882,E21a,fine_class_side2_nnlog2,class|side2_bin|nnlog2_bin
p2_final_share,5,254,889,8889,17697,7401,14137,0.8326020924738441,0.7988359608973272,3744.2860652059103,0.7862049678162191,0.7838038219012989,0.002401145914920133,E21a,fine_class_side2_nnlog2,class|side2_bin|nnlog2_bin
in_gt_P2,5,254,889,8889,17697,7401,14137,0.8326020924738441,0.7988359608973272,3744.2860652059103,10.910722286411634,11.919308810788293,-1.0085865243766587,E21a,fine_class_side2_nnlog2,class|side2_bin|nnlog2_bin
tal_preconflict_P2,5,254,889,8889,17697,7401,14137,0.8326020924738441,0.7988359608973272,3744.2860652059103,6.374448818464264,6.577409016250991,-0.20296019778672747,E21a,fine_class_side2_nnlog2,class|side2_bin|nnlog2_bin
tal_final_P2,5,254,889,8889,17697,7401,14137,0.8326020924738441,0.7988359608973272,3744.2860652059103,5.687337416610732,6.20532162738458,-0.5179842107738484,E21a,fine_class_side2_nnlog2,class|side2_bin|nnlog2_bin
in_gt_P3,5,254,889,8889,17697,7401,14137,0.8326020924738441,0.7988359608973272,3744.2860652059103,2.716272286143653,2.978851744894852,-0.26257945875119937,E21a,fine_class_side2_nnlog2,class|side2_bin|nnlog2_bin
tal_preconflict_P3,5,254,889,8889,17697,7401,14137,0.8326020924738441,0.7988359608973272,3744.2860652059103,1.3120205764810273,1.4798648767268716,-0.1678443002458443,E21a,fine_class_side2_nnlog2,class|side2_bin|nnlog2_bin
tal_final_P3,5,254,889,8889,17697,7401,14137,0.8326020924738441,0.7988359608973272,3744.2860652059103,1.145026659878728,1.3729428874121845,-0.22791622753345653,E21a,fine_class_side2_nnlog2,class|side2_bin|nnlog2_bin
in_gt_P4,5,254,889,8889,17697,7401,14137,0.8326020924738441,0.7988359608973272,3744.2860652059103,0.6880666783572852,0.7347837884072005,-0.0467171100499153,E21a,fine_class_side2_nnlog2,class|side2_bin|nnlog2_bin
tal_preconflict_P4,5,254,889,8889,17697,7401,14137,0.8326020924738441,0.7988359608973272,3744.2860652059103,0.2523864730288411,0.2530581684827586,-0.0006716954539174869,E21a,fine_class_side2_nnlog2,class|side2_bin|nnlog2_bin
tal_final_P4,5,254,889,8889,17697,7401,14137,0.8326020924738441,0.7988359608973272,3744.2860652059103,0.22107627855681655,0.22771301981004125,-0.006636741253224693,E21a,fine_class_side2_nnlog2,class|side2_bin|nnlog2_bin
in_gt_P5,5,254,889,8889,17697,7401,14137,0.8326020924738441,0.7988359608973272,3744.2860652059103,0.1669427033197582,0.19216989314387536,-0.025227189824117174,E21a,fine_class_side2_nnlog2,class|side2_bin|nnlog2_bin
tal_preconflict_P5,5,254,889,8889,17697,7401,14137,0.8326020924738441,0.7988359608973272,3744.2860652059103,0.05105106992065113,0.049648692271840676,0.001402377648810453,E21a,fine_class_side2_nnlog2,class|side2_bin|nnlog2_bin
tal_final_P5,5,254,889,8889,17697,7401,14137,0.8326020924738441,0.7988359608973272,3744.2860652059103,0.046201174395043725,0.04423048151991792,0.0019706928751258013,E21a,fine_class_side2_nnlog2,class|side2_bin|nnlog2_bin
in_gt_total,10,156,889,8889,17697,6415,11089,0.7216784790190123,0.6266033791038029,3279.6817327726358,13.348229127181824,14.631020372327063,-1.2827912451452388,E21a,fine_class_side2_nnlog2,class|side2_bin|nnlog2_bin
in_gt_cap10,10,156,889,8889,17697,6415,11089,0.7216784790190123,0.6266033791038029,3279.6817327726358,7.954857977139142,8.316665798846604,-0.36180782170746184,E21a,fine_class_side2_nnlog2,class|side2_bin|nnlog2_bin
zero_in_gt,10,156,889,8889,17697,6415,11089,0.7216784790190123,0.6266033791038029,3279.6817327726358,0.0019154431191365064,0.0004275335313887556,0.0014879095877477508,E21a,fine_class_side2_nnlog2,class|side2_bin|nnlog2_bin
tal_preconflict_total,10,156,889,8889,17697,6415,11089,0.7216784790190123,0.6266033791038029,3279.6817327726358,7.888979542992233,8.28787746467306,-0.3988979216808275,E21a,fine_class_side2_nnlog2,class|side2_bin|nnlog2_bin
tal_final_total,10,156,889,8889,17697,6415,11089,0.7216784790190123,0.6266033791038029,3279.6817327726358,6.986082787961127,7.759430033143314,-0.7733472451821868,E21a,fine_class_side2_nnlog2,class|side2_bin|nnlog2_bin
zero_final_positive,10,156,889,8889,17697,6415,11089,0.7216784790190123,0.6266033791038029,3279.6817327726358,0.012635104998444344,0.0006576525010407406,0.011977452497403604,E21a,fine_class_side2_nnlog2,class|side2_bin|nnlog2_bin
conflict_loss_fraction,10,156,889,8889,17697,6415,11089,0.7216784790190123,0.6266033791038029,3279.6817327726358,0.12413594606834986,0.06825751144889408,0.05587843461945578,E21a,fine_class_side2_nnlog2,class|side2_bin|nnlog2_bin
target_weight_mean,10,156,889,8889,17697,6415,11089,0.7216784790190123,0.6266033791038029,3279.6817327726358,0.32975430752049806,0.49355206857350664,-0.16379776105300858,E21a,fine_class_side2_nnlog2,class|side2_bin|nnlog2_bin
target_weight_max,10,156,889,8889,17697,6415,11089,0.7216784790190123,0.6266033791038029,3279.6817327726358,0.6272388472348299,0.829605018392975,-0.20236617115814504,E21a,fine_class_side2_nnlog2,class|side2_bin|nnlog2_bin
p2_final_share,10,156,889,8889,17697,6415,11089,0.7216784790190123,0.6266033791038029,3279.6817327726358,0.7906267108734331,0.7918514439784773,-0.001224733105044229,E21a,fine_class_side2_nnlog2,class|side2_bin|nnlog2_bin
in_gt_P2,10,156,889,8889,17697,6415,11089,0.7216784790190123,0.6266033791038029,3279.6817327726358,10.045829758201267,11.023512292043675,-0.9776825338424082,E21a,fine_class_side2_nnlog2,class|side2_bin|nnlog2_bin
tal_preconflict_P2,10,156,889,8889,17697,6415,11089,0.7216784790190123,0.6266033791038029,3279.6817327726358,6.3248705553869415,6.604415719528675,-0.2795451641417337,E21a,fine_class_side2_nnlog2,class|side2_bin|nnlog2_bin
tal_final_P2,10,156,889,8889,17697,6415,11089,0.7216784790190123,0.6266033791038029,3279.6817327726358,5.6334722430813695,6.220527018318473,-0.5870547752371031,E21a,fine_class_side2_nnlog2,class|side2_bin|nnlog2_bin
in_gt_P3,10,156,889,8889,17697,6415,11089,0.7216784790190123,0.6266033791038029,3279.6817327726358,2.512180771248623,2.7545833669909645,-0.24240259574234146,E21a,fine_class_side2_nnlog2,class|side2_bin|nnlog2_bin
tal_preconflict_P3,10,156,889,8889,17697,6415,11089,0.7216784790190123,0.6266033791038029,3279.6817327726358,1.2601761075984914,1.3844442524027187,-0.12426814480422732,E21a,fine_class_side2_nnlog2,class|side2_bin|nnlog2_bin
tal_final_P3,10,156,889,8889,17697,6415,11089,0.7216784790190123,0.6266033791038029,3279.6817327726358,1.0866843256156582,1.2721111252517106,-0.18542679963605235,E21a,fine_class_side2_nnlog2,class|side2_bin|nnlog2_bin
in_gt_P4,10,156,889,8889,17697,6415,11089,0.7216784790190123,0.6266033791038029,3279.6817327726358,0.6396873503950227,0.6761389285602759,-0.03645157816525324,E21a,fine_class_side2_nnlog2,class|side2_bin|nnlog2_bin
tal_preconflict_P4,10,156,889,8889,17697,6415,11089,0.7216784790190123,0.6266033791038029,3279.6817327726358,0.2509502786904694,0.2461723987774801,0.00477787991298928,E21a,fine_class_side2_nnlog2,class|side2_bin|nnlog2_bin
tal_final_P4,10,156,889,8889,17697,6415,11089,0.7216784790190123,0.6266033791038029,3279.6817327726358,0.21792445976959893,0.2198742746613877,-0.0019498148917887759,E21a,fine_class_side2_nnlog2,class|side2_bin|nnlog2_bin
in_gt_P5,10,156,889,8889,17697,6415,11089,0.7216784790190123,0.6266033791038029,3279.6817327726358,0.1505312473369117,0.17678578473214898,-0.026254537395237282,E21a,fine_class_side2_nnlog2,class|side2_bin|nnlog2_bin
tal_preconflict_P5,10,156,889,8889,17697,6415,11089,0.7216784790190123,0.6266033791038029,3279.6817327726358,0.0529826013163318,0.052845093964186476,0.00013750735214532184,E21a,fine_class_side2_nnlog2,class|side2_bin|nnlog2_bin
tal_final_P5,10,156,889,8889,17697,6415,11089,0.7216784790190123,0.6266033791038029,3279.6817327726358,0.048001759494501556,0.04691761491174432,0.0010841445827572335,E21a,fine_class_side2_nnlog2,class|side2_bin|nnlog2_bin
in_gt_total,20,78,889,8889,17697,4679,7223,0.526380920238497,0.4081482737187094,2492.2715797042383,11.535440119249346,12.805897003401277,-1.2704568841519315,E21a,fine_class_side2_nnlog2,class|side2_bin|nnlog2_bin
in_gt_cap10,20,78,889,8889,17697,4679,7223,0.526380920238497,0.4081482737187094,2492.2715797042383,7.860611020699109,8.245620826328667,-0.3850098056295579,E21a,fine_class_side2_nnlog2,class|side2_bin|nnlog2_bin
zero_in_gt,20,78,889,8889,17697,4679,7223,0.526380920238497,0.4081482737187094,2492.2715797042383,0.0014816084935559714,0.000562608796112772,0.0009189996974431994,E21a,fine_class_side2_nnlog2,class|side2_bin|nnlog2_bin
tal_preconflict_total,20,78,889,8889,17697,4679,7223,0.526380920238497,0.4081482737187094,2492.2715797042383,7.783406259613181,8.210646541049439,-0.4272402814362577,E21a,fine_class_side2_nnlog2,class|side2_bin|nnlog2_bin
tal_final_total,20,78,889,8889,17697,4679,7223,0.526380920238497,0.4081482737187094,2492.2715797042383,6.833191012504832,7.638965273359552,-0.8057742608547196,E21a,fine_class_side2_nnlog2,class|side2_bin|nnlog2_bin
zero_final_positive,20,78,889,8889,17697,4679,7223,0.526380920238497,0.4081482737187094,2492.2715797042383,0.008962311089323098,0.000562608796112772,0.008399702293210326,E21a,fine_class_side2_nnlog2,class|side2_bin|nnlog2_bin
conflict_loss_fraction,20,78,889,8889,17697,4679,7223,0.526380920238497,0.4081482737187094,2492.2715797042383,0.12857543650405198,0.07250726811103951,0.05606816839301247,E21a,fine_class_side2_nnlog2,class|side2_bin|nnlog2_bin
target_weight_mean,20,78,889,8889,17697,4679,7223,0.526380920238497,0.4081482737187094,2492.2715797042383,0.32284346699555994,0.4835117835495217,-0.16066831655396174,E21a,fine_class_side2_nnlog2,class|side2_bin|nnlog2_bin
target_weight_max,20,78,889,8889,17697,4679,7223,0.526380920238497,0.4081482737187094,2492.2715797042383,0.6256973673331492,0.8278718600405538,-0.20217449270740462,E21a,fine_class_side2_nnlog2,class|side2_bin|nnlog2_bin
p2_final_share,20,78,889,8889,17697,4679,7223,0.526380920238497,0.4081482737187094,2492.2715797042383,0.7860198826023551,0.7948159555138338,-0.008796072911478658,E21a,fine_class_side2_nnlog2,class|side2_bin|nnlog2_bin
in_gt_P2,20,78,889,8889,17697,4679,7223,0.526380920238497,0.4081482737187094,2492.2715797042383,8.670955795697791,9.656309138679427,-0.9853533429816359,E21a,fine_class_side2_nnlog2,class|side2_bin|nnlog2_bin
tal_preconflict_P2,20,78,889,8889,17697,4679,7223,0.526380920238497,0.4081482737187094,2492.2715797042383,6.208022408805224,6.5658412342017325,-0.35781882539650844,E21a,fine_class_side2_nnlog2,class|side2_bin|nnlog2_bin
tal_final_P2,20,78,889,8889,17697,4679,7223,0.526380920238497,0.4081482737187094,2492.2715797042383,5.481869598676061,6.153222337914442,-0.6713527392383805,E21a,fine_class_side2_nnlog2,class|side2_bin|nnlog2_bin
in_gt_P3,20,78,889,8889,17697,4679,7223,0.526380920238497,0.4081482737187094,2492.2715797042383,2.1773013785598363,2.4062340222315557,-0.2289326436717194,E21a,fine_class_side2_nnlog2,class|side2_bin|nnlog2_bin
tal_preconflict_P3,20,78,889,8889,17697,4679,7223,0.526380920238497,0.4081482737187094,2492.2715797042383,1.2514779608091384,1.3309417081204302,-0.0794637473112918,E21a,fine_class_side2_nnlog2,class|side2_bin|nnlog2_bin
tal_final_P3,20,78,889,8889,17697,4679,7223,0.526380920238497,0.4081482737187094,2492.2715797042383,1.067877005693479,1.2081193829046941,-0.14024237721121513,E21a,fine_class_side2_nnlog2,class|side2_bin|nnlog2_bin
in_gt_P4,20,78,889,8889,17697,4679,7223,0.526380920238497,0.4081482737187094,2492.2715797042383,0.5606353254223352,0.589084197269327,-0.028448871846991852,E21a,fine_class_side2_nnlog2,class|side2_bin|nnlog2_bin
tal_preconflict_P4,20,78,889,8889,17697,4679,7223,0.526380920238497,0.4081482737187094,2492.2715797042383,0.2671207913915571,0.25619786055092314,0.010922930840633949,E21a,fine_class_side2_nnlog2,class|side2_bin|nnlog2_bin
tal_final_P4,20,78,889,8889,17697,4679,7223,0.526380920238497,0.4081482737187094,2492.2715797042383,0.23148136857601476,0.22543133857955402,0.006050029996460732,E21a,fine_class_side2_nnlog2,class|side2_bin|nnlog2_bin
in_gt_P5,20,78,889,8889,17697,4679,7223,0.526380920238497,0.4081482737187094,2492.2715797042383,0.12654761956938035,0.15426964522096634,-0.02772202565158599,E21a,fine_class_side2_nnlog2,class|side2_bin|nnlog2_bin
tal_preconflict_P5,20,78,889,8889,17697,4679,7223,0.526380920238497,0.4081482737187094,2492.2715797042383,0.05678509860725994,0.05766573817635432,-0.0008806395690943783,E21a,fine_class_side2_nnlog2,class|side2_bin|nnlog2_bin
tal_final_P5,20,78,889,8889,17697,4679,7223,0.526380920238497,0.4081482737187094,2492.2715797042383,0.05196303955927535,0.05219221396086409,-0.00022917440158874008,E21a,fine_class_side2_nnlog2,class|side2_bin|nnlog2_bin
in_gt_total,5,172,506,8889,17697,7383,16853,0.8305771177860277,0.9523083008419506,4018.7072474693787,16.39993682393595,17.567771917609697,-1.167835093673748,E21a,eligibility_controlled,class|size_bin|density_bin|in_gt_cap10
zero_in_gt,5,172,506,8889,17697,7383,16853,0.8305771177860277,0.9523083008419506,4018.7072474693787,0.0,0.0,0.0,E21a,eligibility_controlled,class|size_bin|density_bin|in_gt_cap10
tal_preconflict_total,5,172,506,8889,17697,7383,16853,0.8305771177860277,0.9523083008419506,4018.7072474693787,8.424621270768109,8.455753514613377,-0.031132243845268803,E21a,eligibility_controlled,class|size_bin|density_bin|in_gt_cap10
tal_final_total,5,172,506,8889,17697,7383,16853,0.8305771177860277,0.9523083008419506,4018.7072474693787,7.495362645418049,7.989627624185643,-0.49426497876759434,E21a,eligibility_controlled,class|size_bin|density_bin|in_gt_cap10
zero_final_positive,5,172,506,8889,17697,7383,16853,0.8305771177860277,0.9523083008419506,4018.7072474693787,0.01020684547559118,0.0008855790934689402,0.00932126638212224,E21a,eligibility_controlled,class|size_bin|density_bin|in_gt_cap10
conflict_loss_fraction,5,172,506,8889,17697,7383,16853,0.8305771177860277,0.9523083008419506,4018.7072474693787,0.11862923879404733,0.06142257018959877,0.057206668604448556,E21a,eligibility_controlled,class|size_bin|density_bin|in_gt_cap10
target_weight_mean,5,172,506,8889,17697,7383,16853,0.8305771177860277,0.9523083008419506,4018.7072474693787,0.32624602953014986,0.5040875163363616,-0.17784148680621176,E21a,eligibility_controlled,class|size_bin|density_bin|in_gt_cap10
target_weight_max,5,172,506,8889,17697,7383,16853,0.8305771177860277,0.9523083008419506,4018.7072474693787,0.6327544625342447,0.8328891976701281,-0.20013473513588342,E21a,eligibility_controlled,class|size_bin|density_bin|in_gt_cap10
p2_final_share,5,172,506,8889,17697,7383,16853,0.8305771177860277,0.9523083008419506,4018.7072474693787,0.7840915797448543,0.7727193232093762,0.011372256535478131,E21a,eligibility_controlled,class|size_bin|density_bin|in_gt_cap10
in_gt_P2,5,172,506,8889,17697,7383,16853,0.8305771177860277,0.9523083008419506,4018.7072474693787,12.36825233772578,13.218212335432838,-0.8499599977070584,E21a,eligibility_controlled,class|size_bin|density_bin|in_gt_cap10
tal_preconflict_P2,5,172,506,8889,17697,7383,16853,0.8305771177860277,0.9523083008419506,4018.7072474693787,6.68771126001263,6.544717702780717,0.14299355723191365,E21a,eligibility_controlled,class|size_bin|density_bin|in_gt_cap10
tal_final_P2,5,172,506,8889,17697,7383,16853,0.8305771177860277,0.9523083008419506,4018.7072474693787,5.964798399590318,6.2038030597366,-0.23900466014628208,E21a,eligibility_controlled,class|size_bin|density_bin|in_gt_cap10
in_gt_P3,5,172,506,8889,17697,7383,16853,0.8305771177860277,0.9523083008419506,4018.7072474693787,3.0710122534858684,3.3150717481363894,-0.24405949465052101,E21a,eligibility_controlled,class|size_bin|density_bin|in_gt_cap10
tal_preconflict_P3,5,172,506,8889,17697,7383,16853,0.8305771177860277,0.9523083008419506,4018.7072474693787,1.4217429326358635,1.6033497531511542,-0.18160682051529076,E21a,eligibility_controlled,class|size_bin|density_bin|in_gt_cap10
tal_final_P3,5,172,506,8889,17697,7383,16853,0.8305771177860277,0.9523083008419506,4018.7072474693787,1.250853743415699,1.5055897092527821,-0.25473596583708313,E21a,eligibility_controlled,class|size_bin|density_bin|in_gt_cap10
in_gt_P4,5,172,506,8889,17697,7383,16853,0.8305771177860277,0.9523083008419506,4018.7072474693787,0.7718038213784518,0.8218467189436478,-0.050042897565195976,E21a,eligibility_controlled,class|size_bin|density_bin|in_gt_cap10
tal_preconflict_P4,5,172,506,8889,17697,7383,16853,0.8305771177860277,0.9523083008419506,4018.7072474693787,0.26444912674615784,0.26321316276904577,0.0012359639771120645,E21a,eligibility_controlled,class|size_bin|density_bin|in_gt_cap10
tal_final_P4,5,172,506,8889,17697,7383,16853,0.8305771177860277,0.9523083008419506,4018.7072474693787,0.23408745686783483,0.24030505008221797,-0.006217593214383144,E21a,eligibility_controlled,class|size_bin|density_bin|in_gt_cap10
in_gt_P5,5,172,506,8889,17697,7383,16853,0.8305771177860277,0.9523083008419506,4018.7072474693787,0.18886841134585167,0.2126411150968176,-0.023772703750965934,E21a,eligibility_controlled,class|size_bin|density_bin|in_gt_cap10
tal_preconflict_P5,5,172,506,8889,17697,7383,16853,0.8305771177860277,0.9523083008419506,4018.7072474693787,0.05071795137345614,0.04447289591246235,0.006245055460993791,E21a,eligibility_controlled,class|size_bin|density_bin|in_gt_cap10
tal_final_P5,5,172,506,8889,17697,7383,16853,0.8305771177860277,0.9523083008419506,4018.7072474693787,0.04562304554419683,0.03992980511404382,0.005693240430153006,E21a,eligibility_controlled,class|size_bin|density_bin|in_gt_cap10
in_gt_total,10,130,506,8889,17697,6787,16289,0.7635279559005512,0.9204384923998418,3826.300873811815,16.668781567290296,17.883063419720237,-1.2142818524299415,E21a,eligibility_controlled,class|size_bin|density_bin|in_gt_cap10
zero_in_gt,10,130,506,8889,17697,6787,16289,0.7635279559005512,0.9204384923998418,3826.300873811815,0.0,0.0,0.0,E21a,eligibility_controlled,class|size_bin|density_bin|in_gt_cap10
tal_preconflict_total,10,130,506,8889,17697,6787,16289,0.7635279559005512,0.9204384923998418,3826.300873811815,8.537732484937496,8.57000586116448,-0.032273376226983785,E21a,eligibility_controlled,class|size_bin|density_bin|in_gt_cap10
tal_final_total,10,130,506,8889,17697,6787,16289,0.7635279559005512,0.9204384923998418,3826.300873811815,7.605024272254034,8.102823121227432,-0.49779884897339866,E21a,eligibility_controlled,class|size_bin|density_bin|in_gt_cap10
zero_final_positive,10,130,506,8889,17697,6787,16289,0.7635279559005512,0.9204384923998418,3826.300873811815,0.009988067374006973,0.0009301106312597897,0.009057956742747182,E21a,eligibility_controlled,class|size_bin|density_bin|in_gt_cap10
conflict_loss_fraction,10,130,506,8889,17697,6787,16289,0.7635279559005512,0.9204384923998418,3826.300873811815,0.11781376154800491,0.060864649177233505,0.0569491123707714,E21a,eligibility_controlled,class|size_bin|density_bin|in_gt_cap10
target_weight_mean,10,130,506,8889,17697,6787,16289,0.7635279559005512,0.9204384923998418,3826.300873811815,0.32570994692495486,0.5032212418836374,-0.1775112949586825,E21a,eligibility_controlled,class|size_bin|density_bin|in_gt_cap10
target_weight_max,10,130,506,8889,17697,6787,16289,0.7635279559005512,0.9204384923998418,3826.300873811815,0.634603047726367,0.8333451073091526,-0.19874205958278557,E21a,eligibility_controlled,class|size_bin|density_bin|in_gt_cap10
p2_final_share,10,130,506,8889,17697,6787,16289,0.7635279559005512,0.9204384923998418,3826.300873811815,0.7864055015265498,0.7745541745625003,0.011851326964049447,E21a,eligibility_controlled,class|size_bin|density_bin|in_gt_cap10
in_gt_P2,10,130,506,8889,17697,6787,16289,0.7635279559005512,0.9204384923998418,3826.300873811815,12.57502705879224,13.458446928685191,-0.8834198698929505,E21a,eligibility_controlled,class|size_bin|density_bin|in_gt_cap10
tal_preconflict_P2,10,130,506,8889,17697,6787,16289,0.7635279559005512,0.9204384923998418,3826.300873811815,6.802441132724258,6.655609560901266,0.14683157182299222,E21a,eligibility_controlled,class|size_bin|density_bin|in_gt_cap10
tal_final_P2,10,130,506,8889,17697,6787,16289,0.7635279559005512,0.9204384923998418,3826.300873811815,6.074649167636683,6.314088579538725,-0.2394394119020422,E21a,eligibility_controlled,class|size_bin|density_bin|in_gt_cap10
in_gt_P3,10,130,506,8889,17697,6787,16289,0.7635279559005512,0.9204384923998418,3826.300873811815,3.1170677505645354,3.3714043937847484,-0.254336643220213,E21a,eligibility_controlled,class|size_bin|density_bin|in_gt_cap10
tal_preconflict_P3,10,130,506,8889,17697,6787,16289,0.7635279559005512,0.9204384923998418,3826.300873811815,1.4216845305144494,1.607831305516649,-0.18614677500219967,E21a,eligibility_controlled,class|size_bin|density_bin|in_gt_cap10
tal_final_P3,10,130,506,8889,17697,6787,16289,0.7635279559005512,0.9204384923998418,3826.300873811815,1.2523176304753876,1.5097801363364731,-0.25746250586108554,E21a,eligibility_controlled,class|size_bin|density_bin|in_gt_cap10
in_gt_P4,10,130,506,8889,17697,6787,16289,0.7635279559005512,0.9204384923998418,3826.300873811815,0.7848648682074874,0.8366697902098946,-0.05180492200240727,E21a,eligibility_controlled,class|size_bin|density_bin|in_gt_cap10
tal_preconflict_P4,10,130,506,8889,17697,6787,16289,0.7635279559005512,0.9204384923998418,3826.300873811815,0.262550919583922,0.26212204561857466,0.0004288739653473539,E21a,eligibility_controlled,class|size_bin|density_bin|in_gt_cap10
tal_final_P4,10,130,506,8889,17697,6787,16289,0.7635279559005512,0.9204384923998418,3826.300873811815,0.2319770511405017,0.23870056236554316,-0.006723511225041445,E21a,eligibility_controlled,class|size_bin|density_bin|in_gt_cap10
in_gt_P5,10,130,506,8889,17697,6787,16289,0.7635279559005512,0.9204384923998418,3826.300873811815,0.19182188972603023,0.21654230704040275,-0.024720417314372523,E21a,eligibility_controlled,class|size_bin|density_bin|in_gt_cap10
tal_preconflict_P5,10,130,506,8889,17697,6787,16289,0.7635279559005512,0.9204384923998418,3826.300873811815,0.05105590211486635,0.04444294912799043,0.00661295298687592,E21a,eligibility_controlled,class|size_bin|density_bin|in_gt_cap10
tal_final_P5,10,130,506,8889,17697,6787,16289,0.7635279559005512,0.9204384923998418,3826.300873811815,0.0460804230014604,0.04025384298669098,0.00582658001476942,E21a,eligibility_controlled,class|size_bin|density_bin|in_gt_cap10
in_gt_total,20,84,506,8889,17697,5544,14921,0.6236922038474519,0.8431372549019608,3383.8131886282094,17.074372734729728,18.403646187744044,-1.3292734530143164,E21a,eligibility_controlled,class|size_bin|density_bin|in_gt_cap10
zero_in_gt,20,84,506,8889,17697,5544,14921,0.6236922038474519,0.8431372549019608,3383.8131886282094,0.0,0.0,0.0,E21a,eligibility_controlled,class|size_bin|density_bin|in_gt_cap10
tal_preconflict_total,20,84,506,8889,17697,5544,14921,0.6236922038474519,0.8431372549019608,3383.8131886282094,8.770673732926845,8.802306702354329,-0.03163296942748417,E21a,eligibility_controlled,class|size_bin|density_bin|in_gt_cap10
tal_final_total,20,84,506,8889,17697,5544,14921,0.6236922038474519,0.8431372549019608,3383.8131886282094,7.8067677790853764,8.332652215818078,-0.5258844367327011,E21a,eligibility_controlled,class|size_bin|density_bin|in_gt_cap10
zero_final_positive,20,84,506,8889,17697,5544,14921,0.6236922038474519,0.8431372549019608,3383.8131886282094,0.009058332617686368,0.0009039751755241124,0.008154357442162256,E21a,eligibility_controlled,class|size_bin|density_bin|in_gt_cap10
conflict_loss_fraction,20,84,506,8889,17697,5544,14921,0.6236922038474519,0.8431372549019608,3383.8131886282094,0.11682575980461532,0.058691048051803266,0.058134711752812054,E21a,eligibility_controlled,class|size_bin|density_bin|in_gt_cap10
target_weight_mean,20,84,506,8889,17697,5544,14921,0.6236922038474519,0.8431372549019608,3383.8131886282094,0.3250689976451641,0.5047952210177589,-0.17972622337259475,E21a,eligibility_controlled,class|size_bin|density_bin|in_gt_cap10
target_weight_max,20,84,506,8889,17697,5544,14921,0.6236922038474519,0.8431372549019608,3383.8131886282094,0.6374713327162032,0.8351206017099058,-0.1976492689937026,E21a,eligibility_controlled,class|size_bin|density_bin|in_gt_cap10
p2_final_share,20,84,506,8889,17697,5544,14921,0.6236922038474519,0.8431372549019608,3383.8131886282094,0.7936838835782005,0.7812553736373651,0.012428509940835442,E21a,eligibility_controlled,class|size_bin|density_bin|in_gt_cap10
in_gt_P2,20,84,506,8889,17697,5544,14921,0.6236922038474519,0.8431372549019608,3383.8131886282094,12.883148966408942,13.853180075768488,-0.970031109359546,E21a,eligibility_controlled,class|size_bin|density_bin|in_gt_cap10
tal_preconflict_P2,20,84,506,8889,17697,5544,14921,0.6236922038474519,0.8431372549019608,3383.8131886282094,7.0465336767488065,6.891087412918964,0.15544626382984283,E21a,eligibility_controlled,class|size_bin|density_bin|in_gt_cap10
tal_final_P2,20,84,506,8889,17697,5544,14921,0.6236922038474519,0.8431372549019608,3383.8131886282094,6.291489096171076,6.549961986259331,-0.2584728900882549,E21a,eligibility_controlled,class|size_bin|density_bin|in_gt_cap10
in_gt_P3,20,84,506,8889,17697,5544,14921,0.6236922038474519,0.8431372549019608,3383.8131886282094,3.193408952693245,3.4706199356526963,-0.27721098295945135,E21a,eligibility_controlled,class|size_bin|density_bin|in_gt_cap10
tal_preconflict_P3,20,84,506,8889,17697,5544,14921,0.6236922038474519,0.8431372549019608,3383.8131886282094,1.420973068144281,1.6135798273834014,-0.19260675923912052,E21a,eligibility_controlled,class|size_bin|density_bin|in_gt_cap10
tal_final_P3,20,84,506,8889,17697,5544,14921,0.6236922038474519,0.8431372549019608,3383.8131886282094,1.2465189905849787,1.5124583022253597,-0.265939311640381,E21a,eligibility_controlled,class|size_bin|density_bin|in_gt_cap10
in_gt_P4,20,84,506,8889,17697,5544,14921,0.6236922038474519,0.8431372549019608,3383.8131886282094,0.8033081521629724,0.859376565701135,-0.05606841353816261,E21a,eligibility_controlled,class|size_bin|density_bin|in_gt_cap10
tal_preconflict_P4,20,84,506,8889,17697,5544,14921,0.6236922038474519,0.8431372549019608,3383.8131886282094,0.25373938035027777,0.25550831996867973,-0.0017689396184019657,E21a,eligibility_controlled,class|size_bin|density_bin|in_gt_cap10
tal_final_P4,20,84,506,8889,17697,5544,14921,0.6236922038474519,0.8431372549019608,3383.8131886282094,0.22361340611210098,0.23159524386525368,-0.007981837753152699,E21a,eligibility_controlled,class|size_bin|density_bin|in_gt_cap10
in_gt_P5,20,84,506,8889,17697,5544,14921,0.6236922038474519,0.8431372549019608,3383.8131886282094,0.19450666346457055,0.22046961062172835,-0.0259629471571578,E21a,eligibility_controlled,class|size_bin|density_bin|in_gt_cap10
tal_preconflict_P5,20,84,506,8889,17697,5544,14921,0.6236922038474519,0.8431372549019608,3383.8131886282094,0.04942760768348139,0.04213114208328397,0.007296465600197415,E21a,eligibility_controlled,class|size_bin|density_bin|in_gt_cap10
tal_final_P5,20,84,506,8889,17697,5544,14921,0.6236922038474519,0.8431372549019608,3383.8131886282094,0.04514628621721936,0.038636683468133495,0.006509602749085866,E21a,eligibility_controlled,class|size_bin|density_bin|in_gt_cap10
