model,class,size_bin,density_bin,raw075_group,n,best_raw_iou,best_raw_iou_P2,in_gt_total,in_gt_cap10,zero_in_gt,tal_preconflict_total,tal_final_total,zero_final_positive,conflict_loss_fraction,target_weight_mean,target_weight_max,p2_final_share,in_gt_P2,tal_preconflict_P2,tal_final_P2,in_gt_P3,tal_preconflict_P3,tal_final_P3,in_gt_P4,tal_preconflict_P4,tal_final_P4,in_gt_P5,tal_preconflict_P5,tal_final_P5
E10a,awning-tricycle,0-8,dense,missing,2,0.5610097497701645,0.5610097497701645,2.0,2.0,0.0,2.0,2.0,0.0,0.0,0.4771706461906433,0.5434338301420212,1.0,2.0,2.0,2.0,0.0,0.0,0.0,0.0,0.0,0.0,0.0,0.0,0.0
E10a,awning-tricycle,0-8,middle,missing,7,0.6079333807740893,0.6075372312750135,3.142857142857143,3.142857142857143,0.0,3.142857142857143,3.142857142857143,0.0,0.0,0.3514060888971601,0.5967316882950919,0.7333333333333333,2.4285714285714284,2.4285714285714284,2.4285714285714284,0.7142857142857143,0.7142857142857143,0.7142857142857143,0.0,0.0,0.0,0.0,0.0,0.0
E10a,awning-tricycle,0-8,middle,present,5,0.8076113343238831,0.8048667907714844,5.0,5.0,0.0,5.0,4.6,0.0,0.05714285714285714,0.4375834345817566,0.8057040691375732,0.8033333333333333,4.0,4.0,3.6,0.8,0.8,0.8,0.2,0.2,0.2,0.0,0.0,0.0
E10a,awning-tricycle,16-24,dense,missing,2,0.6928839385509491,0.6560337543487549,23.0,10.0,0.0,10.0,10.0,0.0,0.0,0.24933592975139612,0.6869298219680786,0.55,17.5,5.5,5.5,4.0,3.5,3.5,1.0,1.0,1.0,0.5,0.0,0.0
E10a,awning-tricycle,16-24,dense,present,7,0.8530105778149196,0.8035575917788914,24.714285714285715,10.0,0.0,10.0,9.714285714285714,0.0,0.028571428571428574,0.40390288616929737,0.8520764197622027,0.5603174603174603,18.571428571428573,5.571428571428571,5.428571428571429,4.428571428571429,3.7142857142857144,3.5714285714285716,1.2857142857142858,0.7142857142857143,0.7142857142857143,0.42857142857142855,0.0,0.0
E10a,awning-tricycle,16-24,middle,missing,24,0.6302035227417946,0.6134827385346094,22.458333333333332,10.0,0.0,10.0,9.75,0.0,0.024999999999999998,0.25150150991976256,0.6183540026346842,0.7101851851851851,16.875,7.166666666666667,7.0,4.083333333333333,2.3333333333333335,2.25,1.125,0.5,0.5,0.375,0.0,0.0
E10a,awning-tricycle,16-24,middle,present,33,0.8472590067169883,0.8223832014835242,23.848484848484848,9.848484848484848,0.0,9.848484848484848,9.696969696969697,0.0,0.015151515151515152,0.42780249227177014,0.8439295219652581,0.6814574314574314,17.696969696969695,6.787878787878788,6.636363636363637,4.757575757575758,2.696969696969697,2.696969696969697,1.2424242424242424,0.36363636363636365,0.36363636363636365,0.15151515151515152,0.0,0.0
E10a,awning-tricycle,16-24,sparse,missing,2,0.6379619240760803,0.6192193329334259,41.0,10.0,0.0,10.0,10.0,0.0,0.0,0.21585696190595624,0.6365987658500671,0.35,31.0,3.5,3.5,7.0,5.0,5.0,3.0,1.5,1.5,0.0,0.0,0.0
E10a,awning-tricycle,16-24,sparse,present,30,0.8788144588470459,0.8600654323895772,32.3,10.0,0.0,10.0,10.0,0.0,0.0,0.5487994814912478,0.8624426126480103,0.6066666666666667,24.0,6.066666666666666,6.066666666666666,6.366666666666666,3.6333333333333333,3.6333333333333333,1.6333333333333333,0.3,0.3,0.3,0.0,0.0
E10a,awning-tricycle,24-32,dense,missing,2,0.6403943002223969,0.6189887821674347,18.5,10.0,0.0,10.0,7.0,0.0,0.3,0.21050930023193354,0.6275255084037781,0.4777777777777778,14.0,6.0,3.5,3.5,3.5,3.5,1.0,0.5,0.0,0.0,0.0,0.0
E10a,awning-tricycle,24-32,dense,present,4,0.8956670165061951,0.7165876179933548,43.75,10.0,0.0,10.0,9.5,0.0,0.05,0.5089018531143665,0.8908154964447021,0.30625,32.75,3.25,2.75,8.25,5.5,5.5,2.0,1.25,1.25,0.75,0.0,0.0
E10a,awning-tricycle,24-32,middle,missing,23,0.6539007658543794,0.6401475771613743,38.30434782608695,10.0,0.0,10.0,8.956521739130435,0.0,0.10434782608695652,0.2669958216340645,0.644515872001648,0.7067632850241546,28.695652173913043,6.782608695652174,6.478260869565218,7.434782608695652,2.608695652173913,1.9565217391304348,1.7826086956521738,0.6086956521739131,0.5217391304347826,0.391304347826087,0.0,0.0
E10a,awning-tricycle,24-32,middle,present,26,0.8585047951111426,0.7847768595585456,42.42307692307692,10.0,0.0,10.0,9.884615384615385,0.0,0.01153846153846154,0.41895441309763837,0.8434426876214834,0.47264957264957264,31.384615384615383,4.6923076923076925,4.653846153846154,8.653846153846153,4.423076923076923,4.346153846153846,1.8461538461538463,0.8846153846153846,0.8846153846153846,0.5384615384615384,0.0,0.0
E10a,awning-tricycle,24-32,sparse,missing,5,0.7088454723358154,0.6126200377941131,38.8,10.0,0.0,10.0,10.0,0.0,0.0,0.26472322642803187,0.70454261302948,0.38,30.4,3.8,3.8,6.0,5.2,5.2,2.2,1.0,1.0,0.2,0.0,0.0
E10a,awning-tricycle,24-32,sparse,present,58,0.8773432384277212,0.8254688084125519,49.5,10.0,0.0,10.0,10.0,0.0,0.0,0.5217516920689879,0.8568418087630436,0.3620689655172414,37.672413793103445,3.6206896551724137,3.6206896551724137,8.913793103448276,5.4655172413793105,5.4655172413793105,2.2586206896551726,0.9137931034482759,0.9137931034482759,0.6551724137931034,0.0,0.0
E10a,awning-tricycle,8-16,dense,missing,6,0.6030446042617162,0.5875312487284342,7.166666666666667,5.666666666666667,0.0,5.666666666666667,4.666666666666667,0.0,0.13333333333333333,0.297507494688034,0.5575764526923498,0.7261904761904762,5.333333333333333,4.166666666666667,3.5,1.3333333333333333,1.3333333333333333,1.0,0.3333333333333333,0.16666666666666666,0.16666666666666666,0.16666666666666666,0.0,0.0
E10a,awning-tricycle,8-16,dense,present,8,0.8173549324274063,0.8084464892745018,10.875,9.125,0.0,9.125,8.625,0.0,0.05138888888888889,0.45630770921707153,0.8079133406281471,0.7135416666666666,7.625,6.625,6.125,2.625,2.125,2.125,0.375,0.375,0.375,0.25,0.0,0.0
E10a,awning-tricycle,8-16,middle,missing,26,0.6574067977758554,0.6536730333016469,9.384615384615385,8.038461538461538,0.0,7.961538461538462,7.576923076923077,0.0,0.038461538461538464,0.3085209747346548,0.6443937787642846,0.7478479853479854,6.923076923076923,6.076923076923077,5.6923076923076925,1.8076923076923077,1.4230769230769231,1.4230769230769231,0.5,0.3076923076923077,0.3076923076923077,0.15384615384615385,0.15384615384615385,0.15384615384615385
E10a,awning-tricycle,8-16,middle,present,23,0.8256555381028549,0.8184561392535334,14.73913043478261,9.0,0.0,9.0,9.0,0.0,0.0,0.42764496284982434,0.824223386204761,0.7578674948240165,11.521739130434783,6.826086956521739,6.826086956521739,2.8260869565217392,2.0434782608695654,2.0434782608695654,0.2608695652173913,0.08695652173913043,0.08695652173913043,0.13043478260869565,0.043478260869565216,0.043478260869565216
E10a,awning-tricycle,8-16,sparse,missing,2,0.7229628562927246,0.7229628562927246,8.0,8.0,0.0,8.0,8.0,0.0,0.0,0.36275553703308105,0.7204647958278656,0.7619047619047619,6.0,6.0,6.0,1.5,1.5,1.5,0.5,0.5,0.5,0.0,0.0,0.0
E10a,awning-tricycle,8-16,sparse,present,10,0.8276466071605683,0.8112060487270355,11.2,8.6,0.0,8.6,8.6,0.0,0.0,0.5110365599393845,0.8179364204406738,0.7423809523809524,8.6,6.4,6.4,2.2,2.0,2.0,0.4,0.2,0.2,0.0,0.0,0.0
E10a,bicycle,0-8,dense,missing,38,0.514076682297807,0.4990762487838143,2.3157894736842106,2.3157894736842106,0.05263157894736842,2.289473684210526,1.3157894736842106,0.2894736842105263,0.4203042328042328,0.4047852898085559,0.5187955769123854,0.8981481481481481,1.9473684210526316,1.9210526315789473,1.131578947368421,0.2631578947368421,0.2631578947368421,0.15789473684210525,0.02631578947368421,0.02631578947368421,0.0,0.07894736842105263,0.07894736842105263,0.02631578947368421
E10a,bicycle,0-8,dense,present,4,0.782105416059494,0.782105416059494,3.5,3.5,0.0,3.5,2.5,0.0,0.29166666666666663,0.511681042611599,0.7805653065443039,0.825,2.5,2.5,2.0,0.75,0.75,0.5,0.0,0.0,0.0,0.25,0.25,0.0
E10a,bicycle,0-8,middle,missing,4,0.5434747040271759,0.5434747040271759,3.5,3.5,0.0,3.0,3.0,0.25,0.0,0.31851919492085773,0.5882260203361511,0.9166666666666666,3.25,2.75,2.75,0.0,0.0,0.0,0.25,0.25,0.25,0.0,0.0,0.0
E10a,bicycle,0-8,sparse,missing,3,0.6099480191866556,0.6099480191866556,4.0,4.0,0.0,4.0,4.0,0.0,0.0,0.3779501716295878,0.6012406150499979,0.7999999999999999,3.0,3.0,3.0,0.6666666666666666,0.6666666666666666,0.6666666666666666,0.3333333333333333,0.3333333333333333,0.3333333333333333,0.0,0.0,0.0
E10a,bicycle,16-24,dense,missing,51,0.6204308657085195,0.6091769659051708,18.0,9.882352941176471,0.0,9.843137254901961,7.078431372549019,0.0,0.2869281045751634,0.2692871108358981,0.6053763505290536,0.6888032990974168,13.941176470588236,7.1568627450980395,4.96078431372549,3.1372549019607843,2.156862745098039,1.6666666666666667,0.7843137254901961,0.5098039215686274,0.43137254901960786,0.13725490196078433,0.0196078431372549,0.0196078431372549
E10a,bicycle,16-24,dense,present,48,0.8274297130604585,0.8078723003466924,18.479166666666668,9.916666666666666,0.0,9.916666666666666,8.1875,0.0,0.1729166666666667,0.39400588255375624,0.8150928591688474,0.6613425925925925,13.604166666666666,6.770833333333333,5.4375,3.7708333333333335,2.5416666666666665,2.2083333333333335,0.8333333333333334,0.5416666666666666,0.4791666666666667,0.2708333333333333,0.0625,0.0625
E10a,bicycle,16-24,middle,missing,79,0.6645807612545883,0.6535094421875628,19.189873417721518,9.962025316455696,0.0,9.962025316455696,9.544303797468354,0.0,0.04177215189873418,0.27317969260525093,0.6508645713329315,0.7633463934096845,14.405063291139241,7.620253164556962,7.2784810126582276,3.6582278481012658,1.9240506329113924,1.8481012658227849,0.8860759493670886,0.379746835443038,0.379746835443038,0.24050632911392406,0.0379746835443038,0.0379746835443038
E10a,bicycle,16-24,middle,present,134,0.8361647876340952,0.8201473795655948,21.582089552238806,9.917910447761194,0.0,9.917910447761194,9.694029850746269,0.0,0.022844112769485905,0.43101894166042554,0.8259458524077686,0.7182717365553186,16.261194029850746,7.156716417910448,6.977611940298507,3.985074626865672,2.283582089552239,2.2388059701492535,1.007462686567164,0.39552238805970147,0.39552238805970147,0.3283582089552239,0.08208955223880597,0.08208955223880597
E10a,bicycle,16-24,sparse,missing,20,0.6700838476419448,0.6658574968576432,18.7,10.0,0.0,10.0,10.0,0.0,0.0,0.3012084454298019,0.6343144118785858,0.77,13.85,7.7,7.7,3.65,1.9,1.9,0.8,0.3,0.3,0.4,0.1,0.1
E10a,bicycle,16-24,sparse,present,60,0.8511372407277426,0.8433455338080724,23.516666666666666,10.0,0.0,10.0,10.0,0.0,0.0,0.4634046845138073,0.8454849481582641,0.7883333333333334,17.65,7.883333333333334,7.883333333333334,4.366666666666666,1.9333333333333333,1.9333333333333333,1.15,0.16666666666666666,0.16666666666666666,0.35,0.016666666666666666,0.016666666666666666
E10a,bicycle,24-32,dense,missing,11,0.6675018072128296,0.6380651891231537,34.18181818181818,10.0,0.0,10.0,7.545454545454546,0.0,0.24545454545454548,0.3143989484418522,0.6573257419196042,0.6185064935064936,25.272727272727273,6.454545454545454,4.909090909090909,7.2727272727272725,3.272727272727273,2.4545454545454546,1.3636363636363635,0.2727272727272727,0.18181818181818182,0.2727272727272727,0.0,0.0
E10a,bicycle,24-32,dense,present,28,0.8631695913416999,0.8390087889773505,30.964285714285715,10.0,0.0,10.0,9.071428571428571,0.0,0.09285714285714286,0.4850785732269287,0.8493284859827587,0.5646825396825397,23.571428571428573,5.535714285714286,5.0,5.857142857142857,3.857142857142857,3.5357142857142856,1.25,0.6071428571428571,0.5357142857142857,0.2857142857142857,0.0,0.0
E10a,bicycle,24-32,middle,missing,37,0.6844643032228624,0.6717208889690606,35.86486486486486,10.0,0.0,10.0,9.864864864864865,0.0,0.013513513513513514,0.29649814057189067,0.6699013814732835,0.7501501501501502,26.945945945945947,7.486486486486487,7.405405405405405,6.513513513513513,2.108108108108108,2.054054054054054,1.8918918918918919,0.32432432432432434,0.32432432432432434,0.5135135135135135,0.08108108108108109,0.08108108108108109
E10a,bicycle,24-32,middle,present,111,0.8528429833618371,0.8385348411293717,37.34234234234234,10.0,0.0,10.0,9.882882882882884,0.0,0.01171171171171171,0.4902005214411933,0.8381009241482159,0.6623373373373374,28.36936936936937,6.63963963963964,6.5675675675675675,6.72972972972973,3.009009009009009,2.963963963963964,1.8468468468468469,0.34234234234234234,0.34234234234234234,0.3963963963963964,0.009009009009009009,0.009009009009009009
E10a,bicycle,24-32,sparse,missing,9,0.6390406224462721,0.6187887887159983,34.44444444444444,10.0,0.0,10.0,10.0,0.0,0.0,0.2595910860432519,0.6242310338550143,0.7777777777777778,26.77777777777778,7.777777777777778,7.777777777777778,5.888888888888889,1.8888888888888888,1.8888888888888888,1.5555555555555556,0.3333333333333333,0.3333333333333333,0.2222222222222222,0.0,0.0
E10a,bicycle,24-32,sparse,present,69,0.8681501901668051,0.850246875182442,41.63768115942029,10.0,0.0,10.0,10.0,0.0,0.0,0.512643856630809,0.848947474921959,0.6391304347826087,30.840579710144926,6.391304347826087,6.391304347826087,8.101449275362318,3.347826086956522,3.347826086956522,2.1449275362318843,0.2463768115942029,0.2463768115942029,0.5507246376811594,0.014492753623188406,0.014492753623188406
E10a,bicycle,8-16,dense,missing,102,0.6036526182410764,0.5954668307129074,6.107843137254902,5.892156862745098,0.0,5.823529411764706,3.656862745098039,0.058823529411764705,0.38099128540305005,0.3460976202428962,0.5816987687721848,0.7067708333333332,4.568627450980392,4.352941176470588,2.6372549019607843,1.1666666666666667,1.1176470588235294,0.803921568627451,0.3137254901960784,0.29411764705882354,0.20588235294117646,0.058823529411764705,0.058823529411764705,0.00980392156862745
E10a,bicycle,8-16,dense,present,69,0.8349130533743596,0.8117971463479857,8.507246376811594,7.63768115942029,0.0,7.594202898550725,5.666666666666667,0.0,0.2553025074764205,0.4690609749244607,0.831980237926262,0.7402173913043478,6.565217391304348,5.782608695652174,4.173913043478261,1.5217391304347827,1.4057971014492754,1.1304347826086956,0.36231884057971014,0.34782608695652173,0.30434782608695654,0.057971014492753624,0.057971014492753624,0.057971014492753624
E10a,bicycle,8-16,middle,missing,86,0.6071276006310485,0.5978911120531171,8.313953488372093,7.686046511627907,0.0,7.604651162790698,6.267441860465116,0.0,0.1695736434108527,0.273372926944217,0.5764973719799241,0.7512550756736802,6.337209302325581,5.813953488372093,4.674418604651163,1.4534883720930232,1.3255813953488371,1.197674418604651,0.4186046511627907,0.36046511627906974,0.3023255813953488,0.10465116279069768,0.10465116279069768,0.09302325581395349
E10a,bicycle,8-16,middle,present,59,0.8108074109433061,0.7985520615416059,10.389830508474576,8.372881355932204,0.0,8.322033898305085,7.491525423728813,0.0,0.09466639763249933,0.39749553976422647,0.8027883071010395,0.6975114339521119,7.711864406779661,6.0,5.254237288135593,2.016949152542373,1.7796610169491525,1.7118644067796611,0.5254237288135594,0.4745762711864407,0.4576271186440678,0.13559322033898305,0.06779661016949153,0.06779661016949153
E10a,bicycle,8-16,sparse,missing,19,0.6422337732816997,0.6385748417753923,9.31578947368421,8.157894736842104,0.0,8.157894736842104,8.157894736842104,0.0,0.0,0.2778901089178888,0.6336929029540012,0.8033834586466165,7.052631578947368,6.421052631578948,6.421052631578948,1.631578947368421,1.2105263157894737,1.2105263157894737,0.5789473684210527,0.5263157894736842,0.5263157894736842,0.05263157894736842,0.0,0.0
E10a,bicycle,8-16,sparse,present,12,0.828502838810285,0.8219981789588928,9.333333333333334,8.0,0.0,8.0,8.0,0.0,0.0,0.47816096246242523,0.8268487105766932,0.7666666666666666,6.75,6.0,6.0,2.1666666666666665,1.8333333333333333,1.8333333333333333,0.4166666666666667,0.16666666666666666,0.16666666666666666,0.0,0.0,0.0
E10a,bus,0-8,dense,missing,2,0.6998379230499268,0.6765668094158173,3.0,3.0,0.0,3.0,3.0,0.0,0.0,0.3346574753522873,0.6934779286384583,0.6666666666666666,2.0,2.0,2.0,1.0,1.0,1.0,0.0,0.0,0.0,0.0,0.0,0.0
E10a,bus,0-8,middle,missing,4,0.570166826248169,0.5669255778193474,3.0,3.0,0.0,2.75,2.75,0.0,0.0,0.30612266436219215,0.5558181181550026,0.6041666666666666,2.0,1.75,1.75,0.75,0.75,0.75,0.25,0.25,0.25,0.0,0.0,0.0
E10a,bus,0-8,middle,present,3,0.8183170954386393,0.8183170954386393,5.0,5.0,0.0,4.666666666666667,4.666666666666667,0.0,0.0,0.3165021340052286,0.8168118000030518,0.7222222222222222,3.3333333333333335,3.3333333333333335,3.3333333333333335,1.0,0.6666666666666666,0.6666666666666666,0.6666666666666666,0.6666666666666666,0.6666666666666666,0.0,0.0,0.0
E10a,bus,16-24,dense,missing,1,0.5908471941947937,0.5908471941947937,23.0,10.0,0.0,10.0,10.0,0.0,0.0,0.193303570151329,0.5721268653869629,0.7,18.0,7.0,7.0,4.0,2.0,2.0,1.0,1.0,1.0,0.0,0.0,0.0
E10a,bus,16-24,middle,missing,12,0.6064107616742452,0.5572185143828392,17.583333333333332,10.0,0.0,10.0,9.916666666666666,0.0,0.008333333333333333,0.1757092407594124,0.5960632736484209,0.6972222222222223,13.166666666666666,7.0,6.916666666666667,3.4166666666666665,2.25,2.25,0.75,0.6666666666666666,0.6666666666666666,0.25,0.08333333333333333,0.08333333333333333
E10a,bus,16-24,middle,present,18,0.8638058371014066,0.8526437116993798,24.944444444444443,10.0,0.0,10.0,10.0,0.0,0.0,0.5269278279609151,0.853483474916882,0.7,19.166666666666668,7.0,7.0,4.5,2.7777777777777777,2.7777777777777777,1.0555555555555556,0.2222222222222222,0.2222222222222222,0.2222222222222222,0.0,0.0
E10a,bus,16-24,sparse,missing,2,0.647707462310791,0.6214615702629089,49.5,10.0,0.0,10.0,10.0,0.0,0.0,0.2068238407373428,0.63539057970047,0.65,37.5,6.5,6.5,8.5,2.5,2.5,3.5,1.0,1.0,0.0,0.0,0.0
E10a,bus,16-24,sparse,present,12,0.8813094149033228,0.8323618421951929,33.083333333333336,10.0,0.0,10.0,10.0,0.0,0.0,0.5050201242168745,0.8640488485495249,0.6083333333333333,25.083333333333332,6.083333333333333,6.083333333333333,6.5,3.5,3.5,1.4166666666666667,0.4166666666666667,0.4166666666666667,0.08333333333333333,0.0,0.0
E10a,bus,24-32,middle,missing,2,0.7012675404548645,0.6050380170345306,41.0,10.0,0.0,10.0,10.0,0.0,0.0,0.34125611186027527,0.6955739259719849,0.6499999999999999,35.0,6.5,6.5,4.0,2.5,2.5,2.0,1.0,1.0,0.0,0.0,0.0
E10a,bus,24-32,middle,present,21,0.8940811810039339,0.8557892612048558,37.666666666666664,10.0,0.0,10.0,10.0,0.0,0.0,0.6328159194617045,0.8828931422460646,0.5619047619047619,28.571428571428573,5.619047619047619,5.619047619047619,7.238095238095238,3.9047619047619047,3.9047619047619047,1.5714285714285714,0.47619047619047616,0.47619047619047616,0.2857142857142857,0.0,0.0
E10a,bus,24-32,sparse,missing,1,0.6431138515472412,0.4434134364128113,32.0,10.0,0.0,10.0,10.0,0.0,0.0,0.1397222727537155,0.6407634615898132,0.6,24.0,6.0,6.0,6.0,3.0,3.0,2.0,1.0,1.0,0.0,0.0,0.0
E10a,bus,24-32,sparse,present,10,0.8851260840892792,0.8133730590343475,58.2,10.0,0.0,10.0,10.0,0.0,0.0,0.5983206391334533,0.872447407245636,0.27,43.2,2.7,2.7,11.9,5.7,5.7,2.3,1.6,1.6,0.8,0.0,0.0
E10a,bus,8-16,dense,missing,2,0.5902961492538452,0.5886830538511276,10.5,9.0,0.0,8.5,8.5,0.0,0.0,0.1554070524871349,0.5832203477621078,0.8785714285714286,9.0,7.5,7.5,1.0,1.0,1.0,0.5,0.0,0.0,0.0,0.0,0.0
E10a,bus,8-16,middle,missing,17,0.5690279164735008,0.5523398974362541,7.411764705882353,7.352941176470588,0.0,7.0,6.9411764705882355,0.0,0.008403361344537811,0.18757486168076004,0.5515322965734145,0.7449579831932773,5.705882352941177,5.294117647058823,5.294117647058823,1.3529411764705883,1.3529411764705883,1.2941176470588236,0.35294117647058826,0.35294117647058826,0.35294117647058826,0.0,0.0,0.0
E10a,bus,8-16,middle,present,6,0.7972186307112376,0.7799260516961416,8.833333333333334,8.333333333333334,0.0,8.333333333333334,8.333333333333334,0.0,0.0,0.37246129910151166,0.7949449221293131,0.7333333333333334,6.833333333333333,6.333333333333333,6.333333333333333,1.1666666666666667,1.1666666666666667,1.1666666666666667,0.6666666666666666,0.6666666666666666,0.6666666666666666,0.16666666666666666,0.16666666666666666,0.16666666666666666
E10a,bus,8-16,sparse,missing,1,0.5658997893333435,0.5658997893333435,7.0,7.0,0.0,6.0,6.0,0.0,0.0,0.1589062809944152,0.5568313002586365,0.8333333333333334,6.0,5.0,5.0,1.0,1.0,1.0,0.0,0.0,0.0,0.0,0.0,0.0
E10a,bus,8-16,sparse,present,2,0.945343554019928,0.8625667989253998,22.5,10.0,0.0,10.0,10.0,0.0,0.0,0.4685550779104233,0.922648161649704,0.75,18.0,7.5,7.5,4.0,2.5,2.5,0.5,0.0,0.0,0.0,0.0,0.0
E10a,car,0-8,dense,missing,274,0.5240828760892805,0.5129809294195071,2.1605839416058394,2.1605839416058394,0.043795620437956206,2.124087591240876,1.77007299270073,0.10583941605839416,0.1515508118956395,0.37399592165436063,0.5052089914071317,0.7778522837706512,1.5985401459854014,1.572992700729927,1.3248175182481752,0.4416058394160584,0.4343065693430657,0.354014598540146,0.09854014598540146,0.0948905109489051,0.07664233576642336,0.021897810218978103,0.021897810218978103,0.014598540145985401
E10a,car,0-8,dense,present,37,0.8026049588177655,0.800418860203511,2.7837837837837838,2.7837837837837838,0.0,2.72972972972973,2.5405405405405403,0.0,0.0490990990990991,0.5203230155480875,0.8004913748921575,0.8099099099099099,2.189189189189189,2.1621621621621623,2.027027027027027,0.4864864864864865,0.4594594594594595,0.43243243243243246,0.08108108108108109,0.08108108108108109,0.08108108108108109,0.02702702702702703,0.02702702702702703,0.0
E10a,car,0-8,middle,missing,224,0.6164120137691498,0.6085154073578971,2.65625,2.65625,0.017857142857142856,2.625,2.607142857142857,0.017857142857142856,0.005681818181818182,0.41801993454044517,0.5912652199579911,0.7413311688311688,1.9508928571428572,1.9196428571428572,1.9107142857142858,0.5401785714285714,0.5401785714285714,0.5357142857142857,0.14285714285714285,0.14285714285714285,0.13839285714285715,0.022321428571428572,0.022321428571428572,0.022321428571428572
E10a,car,0-8,middle,present,155,0.819245384970019,0.8110381541713592,3.529032258064516,3.529032258064516,0.0,3.5161290322580645,3.5161290322580645,0.0,0.0,0.55199154317379,0.8142295825865961,0.7547926267281106,2.664516129032258,2.6516129032258067,2.6516129032258067,0.6838709677419355,0.6838709677419355,0.6838709677419355,0.14838709677419354,0.14838709677419354,0.14838709677419354,0.03225806451612903,0.03225806451612903,0.03225806451612903
E10a,car,0-8,sparse,missing,23,0.5410468649605046,0.5261741248161896,2.4347826086956523,2.4347826086956523,0.08695652173913043,2.3043478260869565,2.3043478260869565,0.08695652173913043,0.0,0.3909545641924654,0.5504773644109567,0.7138321995464852,1.6956521739130435,1.6521739130434783,1.6521739130434783,0.6086956521739131,0.5652173913043478,0.5652173913043478,0.08695652173913043,0.08695652173913043,0.08695652173913043,0.043478260869565216,0.0,0.0
E10a,car,0-8,sparse,present,11,0.8289550922133706,0.8220599564639005,4.545454545454546,4.545454545454546,0.0,4.545454545454546,4.545454545454546,0.0,0.0,0.5953415767713026,0.8219631151719526,0.7725108225108226,3.6363636363636362,3.6363636363636362,3.6363636363636362,0.8181818181818182,0.8181818181818182,0.8181818181818182,0.09090909090909091,0.09090909090909091,0.09090909090909091,0.0,0.0,0.0
E10a,car,16-24,dense,missing,24,0.6648535256584486,0.6541867274791002,17.083333333333332,10.0,0.0,10.0,6.958333333333333,0.0,0.30416666666666664,0.3415721297884981,0.6392563612510761,0.8270171957671958,12.875,8.0,5.791666666666667,3.3333333333333335,1.6666666666666667,0.9166666666666666,0.625,0.2916666666666667,0.20833333333333334,0.25,0.041666666666666664,0.041666666666666664
E10a,car,16-24,dense,present,69,0.8398759235506472,0.828351402628249,19.956521739130434,10.0,0.0,10.0,8.884057971014492,0.0,0.11159420289855072,0.4608283109854961,0.8378417457359425,0.7818589622937449,15.246376811594203,7.855072463768116,7.0144927536231885,3.550724637681159,1.7826086956521738,1.5217391304347827,0.927536231884058,0.36231884057971014,0.3333333333333333,0.2318840579710145,0.0,0.014492753623188406
E10a,car,16-24,middle,missing,168,0.678373912970225,0.6714231194484801,18.55952380952381,9.952380952380953,0.0,9.946428571428571,9.458333333333334,0.0,0.0488095238095238,0.32811118737750106,0.6636638571286485,0.7909297052154196,13.857142857142858,7.886904761904762,7.511904761904762,3.642857142857143,1.8095238095238095,1.7142857142857142,0.8273809523809523,0.22023809523809523,0.20238095238095238,0.23214285714285715,0.02976190476190476,0.02976190476190476
E10a,car,16-24,middle,present,1255,0.8756565680066902,0.8683833207267214,20.981673306772908,9.9800796812749,0.0,9.978486055776893,9.89800796812749,0.0,0.008047808764940238,0.6032731025223713,0.862576772017308,0.8124785418211713,15.825498007968127,8.101195219123506,8.048605577689242,3.9211155378486056,1.7553784860557768,1.7314741035856573,0.9888446215139443,0.11235059760956176,0.10836653386454183,0.24621513944223108,0.009561752988047808,0.009561752988047808
E10a,car,16-24,sparse,missing,41,0.6820317114271769,0.669097471527937,24.4390243902439,10.0,0.0,10.0,10.0,0.0,0.0,0.3440566553575236,0.6683608867773195,0.775609756097561,18.536585365853657,7.7560975609756095,7.7560975609756095,4.536585365853658,2.0,2.0,1.1951219512195121,0.24390243902439024,0.24390243902439024,0.17073170731707318,0.0,0.0
E10a,car,16-24,sparse,present,580,0.8940818648913811,0.8883131637655456,26.52413793103448,9.994827586206897,0.0,9.994827586206897,9.994827586206897,0.0,0.0,0.6990413175574665,0.8680690666724895,0.7299261083743843,19.95689655172414,7.294827586206897,7.294827586206897,5.005172413793104,2.6448275862068966,2.6448275862068966,1.2448275862068965,0.05172413793103448,0.05172413793103448,0.31724137931034485,0.0034482758620689655,0.0034482758620689655
E10a,car,24-32,dense,missing,10,0.682221069931984,0.6301939755678176,37.6,10.0,0.0,10.0,7.8,0.0,0.22000000000000003,0.31898099631071086,0.6662790268659592,0.6041666666666667,28.4,6.4,5.0,7.8,3.0,2.3,1.0,0.6,0.5,0.4,0.0,0.0
E10a,car,24-32,dense,present,56,0.8515935348612922,0.8220350901995387,35.732142857142854,10.0,0.0,10.0,9.0,0.0,0.1,0.49343198191906723,0.8441742903419903,0.7393990929705215,27.410714285714285,7.571428571428571,6.696428571428571,6.464285714285714,2.2142857142857144,2.0892857142857144,1.4642857142857142,0.21428571428571427,0.21428571428571427,0.39285714285714285,0.0,0.0
E10a,car,24-32,middle,missing,58,0.6790831870046156,0.6612847252138729,33.827586206896555,10.0,0.0,10.0,9.689655172413794,0.0,0.03103448275862069,0.34582208597968367,0.6655295563155207,0.8163177339901478,25.086206896551722,8.155172413793103,7.913793103448276,6.568965517241379,1.6551724137931034,1.5862068965517242,1.7758620689655173,0.1724137931034483,0.1724137931034483,0.39655172413793105,0.017241379310344827,0.017241379310344827
E10a,car,24-32,middle,present,923,0.892355823245622,0.8842609860527684,38.40953412784399,10.0,0.0,10.0,9.967497291440953,0.0,0.0032502708559046588,0.6444023222473823,0.8740432919169557,0.7398382134297627,28.821235102925243,7.391115926327194,7.370530877573131,7.309859154929577,2.551462621885157,2.541711809317443,1.8494041170097508,0.05742145178764897,0.0552546045503792,0.42903575297941493,0.0,0.0
E10a,car,24-32,sparse,missing,30,0.6888296027978261,0.6644259750843048,44.4,10.0,0.0,10.0,10.0,0.0,0.0,0.3709019402662913,0.657503150900205,0.6799999999999999,33.333333333333336,6.8,6.8,8.3,2.933333333333333,2.933333333333333,2.033333333333333,0.26666666666666666,0.26666666666666666,0.7333333333333333,0.0,0.0
E10a,car,24-32,sparse,present,962,0.9070548040331525,0.8995225231575619,44.497920997921,10.0,0.0,10.0,10.0,0.0,0.0,0.7213543913871235,0.8792985899532659,0.5409563409563409,33.37629937629938,5.409563409563409,5.409563409563409,8.398128898128897,4.234927234927235,4.234927234927235,2.1548856548856548,0.35550935550935553,0.35550935550935553,0.5686070686070686,0.0,0.0
E10a,car,8-16,dense,missing,218,0.6362862112598682,0.6211664131201735,6.0504587155963305,5.86697247706422,0.0045871559633027525,5.756880733944954,3.8486238532110093,0.022935779816513763,0.31210226025894233,0.3502715178218806,0.620729063318369,0.7157202474103883,4.458715596330276,4.229357798165138,2.7981651376146788,1.18348623853211,1.1330275229357798,0.7798165137614679,0.3119266055045872,0.30275229357798167,0.20642201834862386,0.0963302752293578,0.09174311926605505,0.06422018348623854
E10a,car,8-16,dense,present,190,0.8290134505221718,0.8186989301129391,7.605263157894737,7.126315789473685,0.0,7.063157894736842,5.431578947368421,0.0,0.2195238095238095,0.4438874569378401,0.8231387703042281,0.7600459482038429,5.705263157894737,5.294736842105263,4.131578947368421,1.4157894736842105,1.3368421052631578,1.0105263157894737,0.3894736842105263,0.34210526315789475,0.21052631578947367,0.09473684210526316,0.08947368421052632,0.07894736842105263
E10a,car,8-16,middle,missing,376,0.6464234936903132,0.6374493833393493,7.696808510638298,7.050531914893617,0.0,6.9361702127659575,6.388297872340425,0.0,0.07009983958122255,0.3318604466386456,0.6293291564475982,0.7572188449848024,5.784574468085107,5.242021276595745,4.851063829787234,1.4441489361702127,1.300531914893617,1.1808510638297873,0.3723404255319149,0.31382978723404253,0.27925531914893614,0.09574468085106383,0.0797872340425532,0.07712765957446809
E10a,car,8-16,middle,present,966,0.8492411513876471,0.8415414913100485,9.787784679089027,7.9937888198757765,0.0,7.950310559006211,7.715320910973085,0.0,0.026734365243682015,0.5487357865764487,0.8429480713963755,0.76293585066877,7.355072463768116,6.111801242236025,5.947204968944099,1.865424430641822,1.4668737060041408,1.4140786749482401,0.463768115942029,0.3146997929606625,0.2991718426501035,0.10351966873706005,0.056935817805383024,0.054865424430641824
E10a,car,8-16,sparse,missing,41,0.6621606597086278,0.6510244244482459,9.414634146341463,7.780487804878049,0.0,7.780487804878049,7.780487804878049,0.0,0.0,0.3759982567734834,0.6447363350449539,0.7560007742934572,6.975609756097561,5.902439024390244,5.902439024390244,1.6585365853658536,1.3658536585365855,1.3658536585365855,0.5609756097560976,0.3902439024390244,0.3902439024390244,0.21951219512195122,0.12195121951219512,0.12195121951219512
E10a,car,8-16,sparse,present,219,0.861444905468318,0.8535377075683036,13.452054794520548,9.050228310502282,0.0,9.045662100456621,9.045662100456621,0.0,0.0,0.6311366487311446,0.8456341368422661,0.7609045444661884,10.077625570776256,6.940639269406392,6.940639269406392,2.5616438356164384,1.8036529680365296,1.8036529680365296,0.6529680365296804,0.2648401826484018,0.2648401826484018,0.1598173515981735,0.0365296803652968,0.0365296803652968
E10a,motor,0-8,dense,missing,218,0.5881500219874972,0.5797900898262448,2.7155963302752295,2.7155963302752295,0.05504587155963303,2.688073394495413,2.091743119266055,0.11467889908256881,0.2078048780487805,0.4272213829672724,0.5828013683906816,0.7606587712805329,2.0642201834862384,2.041284403669725,1.5642201834862386,0.4954128440366973,0.4954128440366973,0.39908256880733944,0.13302752293577982,0.12844036697247707,0.11009174311926606,0.022935779816513763,0.022935779816513763,0.01834862385321101
E10a,motor,0-8,dense,present,56,0.8104149103164673,0.8007933188761983,3.892857142857143,3.892857142857143,0.017857142857142856,3.875,3.2857142857142856,0.017857142857142856,0.15323232323232322,0.49778348072008655,0.7974899996410717,0.7201082251082251,2.8392857142857144,2.8214285714285716,2.357142857142857,0.8392857142857143,0.8392857142857143,0.7321428571428571,0.17857142857142858,0.17857142857142858,0.16071428571428573,0.03571428571428571,0.03571428571428571,0.03571428571428571
E10a,motor,0-8,middle,missing,40,0.6023339636623859,0.5844184413552285,3.175,3.175,0.05,3.175,2.825,0.05,0.08540100250626566,0.3672528737469723,0.6035379939957669,0.718421052631579,2.3,2.3,2.025,0.7,0.7,0.625,0.125,0.125,0.125,0.05,0.05,0.05
E10a,motor,0-8,middle,present,12,0.8083998511234919,0.7806027581294378,3.8333333333333335,3.8333333333333335,0.0,3.8333333333333335,3.6666666666666665,0.0,0.027777777777777776,0.446500892440478,0.803333709637324,0.775,3.0,3.0,2.8333333333333335,0.6666666666666666,0.6666666666666666,0.6666666666666666,0.16666666666666666,0.16666666666666666,0.16666666666666666,0.0,0.0,0.0
E10a,motor,0-8,sparse,missing,3,0.5659863154093424,0.5512845714886984,4.333333333333333,4.333333333333333,0.0,4.333333333333333,4.333333333333333,0.0,0.0,0.367123544216156,0.5599721272786459,0.8412698412698413,3.6666666666666665,3.6666666666666665,3.6666666666666665,0.0,0.0,0.0,0.6666666666666666,0.6666666666666666,0.6666666666666666,0.0,0.0,0.0
E10a,motor,0-8,sparse,present,6,0.7996560633182526,0.7996560633182526,5.0,5.0,0.0,5.0,5.0,0.0,0.0,0.505514569580555,0.796865443388621,0.8301587301587302,4.166666666666667,4.166666666666667,4.166666666666667,0.5,0.5,0.5,0.16666666666666666,0.16666666666666666,0.16666666666666666,0.16666666666666666,0.16666666666666666,0.16666666666666666
E10a,motor,16-24,dense,missing,58,0.6886536931169445,0.6762563298488485,15.172413793103448,9.39655172413793,0.0,9.362068965517242,7.344827586206897,0.0,0.21468938149972633,0.34267957791172227,0.6717875625552803,0.7024201373339305,11.60344827586207,6.844827586206897,5.103448275862069,2.706896551724138,2.0517241379310347,1.793103448275862,0.7241379310344828,0.43103448275862066,0.41379310344827586,0.13793103448275862,0.034482758620689655,0.034482758620689655
E10a,motor,16-24,dense,present,271,0.8509846281301492,0.8304559542244211,21.472324723247233,9.874538745387454,0.0,9.874538745387454,9.177121771217712,0.0,0.07156035846072746,0.5075148324245017,0.8419908483089996,0.6284021022028402,16.070110701107012,6.276752767527675,5.719557195571956,4.107011070110701,2.952029520295203,2.8265682656826567,1.007380073800738,0.6199261992619927,0.6088560885608856,0.2878228782287823,0.025830258302583026,0.02214022140221402
E10a,motor,16-24,middle,missing,195,0.6628487398991219,0.6548242880747869,18.93846153846154,9.851282051282052,0.0,9.830769230769231,9.261538461538462,0.0,0.059623524623524625,0.30465845691087917,0.6465409735838572,0.752057387057387,14.225641025641025,7.430769230769231,6.964102564102564,3.5846153846153848,1.9846153846153847,1.8974358974358974,0.9282051282051282,0.38461538461538464,0.37435897435897436,0.2,0.03076923076923077,0.02564102564102564
E10a,motor,16-24,middle,present,541,0.8488882385648773,0.8382440507962832,23.45841035120148,9.963031423290204,0.0,9.963031423290204,9.89279112754159,0.0,0.00727048675292668,0.49808937316681234,0.8358138470244275,0.6991047256296794,17.68946395563771,6.977818853974122,6.914972273567468,4.410351201478743,2.574861367837338,2.567467652495379,1.0850277264325323,0.3955637707948244,0.3955637707948244,0.2735674676524954,0.014787430683918669,0.014787430683918669
E10a,motor,16-24,sparse,missing,54,0.6766130477190018,0.6586601568592919,21.555555555555557,9.851851851851851,0.0,9.851851851851851,9.851851851851851,0.0,0.0,0.33388823505353044,0.6613618886029279,0.7492063492063492,15.944444444444445,7.388888888888889,7.388888888888889,4.481481481481482,2.2037037037037037,2.2037037037037037,0.9444444444444444,0.25925925925925924,0.25925925925925924,0.18518518518518517,0.0,0.0
E10a,motor,16-24,sparse,present,257,0.8568882033054931,0.8452699581008941,24.381322957198442,9.996108949416342,0.0,9.996108949416342,9.996108949416342,0.0,0.0,0.5434758705503746,0.8387206862408827,0.7309987029831388,18.31906614785992,7.307392996108949,7.307392996108949,4.595330739299611,2.443579766536965,2.443579766536965,1.1673151750972763,0.245136186770428,0.245136186770428,0.29961089494163423,0.0,0.0
E10a,motor,24-32,dense,missing,20,0.6652286514639855,0.6276335164904594,33.55,10.0,0.0,10.0,6.9,0.0,0.31,0.3523023519665002,0.6340635716915131,0.631170634920635,25.65,5.8,3.95,5.95,3.45,2.35,1.45,0.7,0.6,0.5,0.05,0.0
E10a,motor,24-32,dense,present,140,0.857700086065701,0.8075601701225553,38.464285714285715,10.0,0.0,10.0,9.8,0.0,0.02,0.5406907271061625,0.8490084179810116,0.4319946918161204,28.742857142857144,4.3428571428571425,4.192857142857143,7.421428571428572,4.678571428571429,4.628571428571429,1.8142857142857143,0.9714285714285714,0.9714285714285714,0.4857142857142857,0.007142857142857143,0.007142857142857143
E10a,motor,24-32,middle,missing,52,0.675618126988411,0.6620788493981729,38.26923076923077,10.0,0.0,10.0,9.557692307692308,0.0,0.04423076923076923,0.3529643604102043,0.6609045857420335,0.682752664002664,28.807692307692307,6.980769230769231,6.576923076923077,7.153846153846154,2.5576923076923075,2.519230769230769,1.8846153846153846,0.4423076923076923,0.4423076923076923,0.4230769230769231,0.019230769230769232,0.019230769230769232
E10a,motor,24-32,middle,present,405,0.8662240821638225,0.8399772906009062,40.641975308641975,9.99753086419753,0.0,9.99753086419753,9.97283950617284,0.0,0.0025514403292181066,0.543775834971004,0.8493932968304481,0.5548736037624927,30.414814814814815,5.5358024691358025,5.5283950617283955,7.8049382716049385,3.7358024691358023,3.723456790123457,1.945679012345679,0.7209876543209877,0.7160493827160493,0.4765432098765432,0.0049382716049382715,0.0049382716049382715
E10a,motor,24-32,sparse,missing,30,0.6717653453350068,0.6313455144564311,44.333333333333336,10.0,0.0,10.0,10.0,0.0,0.0,0.3291040254135927,0.6486043254534404,0.65,33.733333333333334,6.5,6.5,8.0,3.2333333333333334,3.2333333333333334,2.1333333333333333,0.26666666666666666,0.26666666666666666,0.4666666666666667,0.0,0.0
E10a,motor,24-32,sparse,present,242,0.8717034922158422,0.853849968634361,43.49586776859504,10.0,0.0,10.0,10.0,0.0,0.0,0.5759574050807263,0.8477059346585234,0.5847107438016529,32.756198347107436,5.847107438016529,5.847107438016529,8.161157024793388,3.7851239669421486,3.7851239669421486,2.024793388429752,0.3677685950413223,0.3677685950413223,0.5537190082644629,0.0,0.0
E10a,motor,8-16,dense,missing,314,0.6474760461385083,0.6377686170066238,7.050955414012739,6.439490445859873,0.006369426751592357,6.382165605095541,4.506369426751593,0.03503184713375796,0.30073132885632886,0.3658755176482421,0.6256523328547431,0.7188472418670439,5.359872611464968,4.792993630573249,3.2197452229299364,1.2547770700636942,1.197452229299363,0.9713375796178344,0.34394904458598724,0.3184713375796178,0.2643312101910828,0.09235668789808917,0.0732484076433121,0.050955414012738856
E10a,motor,8-16,dense,present,375,0.8323718776702881,0.8163519879976908,10.008,8.176,0.0,8.165333333333333,6.626666666666667,0.0026666666666666666,0.19274920634920636,0.47908455543817685,0.8266533879354039,0.6939543448233287,7.573333333333333,5.949333333333334,4.629333333333333,1.8533333333333333,1.7253333333333334,1.5653333333333332,0.456,0.4026666666666667,0.36533333333333334,0.12533333333333332,0.088,0.06666666666666667
E10a,motor,8-16,middle,missing,276,0.6322231084324311,0.6240628806577213,8.98913043478261,7.717391304347826,0.0036231884057971015,7.63768115942029,7.0144927536231885,0.0036231884057971015,0.08236940836940837,0.2980902857672084,0.6134318194606088,0.7393968253968254,6.742753623188406,5.706521739130435,5.173913043478261,1.7681159420289856,1.5434782608695652,1.4746376811594204,0.391304347826087,0.3115942028985507,0.29347826086956524,0.08695652173913043,0.07608695652173914,0.07246376811594203
E10a,motor,8-16,middle,present,272,0.8294742793283042,0.8142291232943535,12.191176470588236,8.915441176470589,0.0,8.878676470588236,8.408088235294118,0.0,0.05155374649859944,0.43357795945313926,0.8215070699944216,0.716656454248366,9.261029411764707,6.470588235294118,6.036764705882353,2.202205882352941,1.8786764705882353,1.8566176470588236,0.5882352941176471,0.4522058823529412,0.4485294117647059,0.13970588235294118,0.07720588235294118,0.0661764705882353
E10a,motor,8-16,sparse,missing,37,0.6475215787823135,0.644035424735095,8.756756756756756,7.351351351351352,0.0,7.297297297297297,7.297297297297297,0.0,0.0,0.3349784566341219,0.6265131996290104,0.7507293007293007,6.675675675675675,5.54054054054054,5.54054054054054,1.5135135135135136,1.2702702702702702,1.2702702702702702,0.4864864864864865,0.43243243243243246,0.43243243243243246,0.08108108108108109,0.05405405405405406,0.05405405405405406
E10a,motor,8-16,sparse,present,104,0.8385836120981437,0.8327966951406919,11.721153846153847,8.875,0.0,8.865384615384615,8.865384615384615,0.0,0.0,0.45773567273639715,0.8332587354458295,0.7546855921855922,8.759615384615385,6.701923076923077,6.701923076923077,2.2788461538461537,1.7596153846153846,1.7596153846153846,0.5576923076923077,0.36538461538461536,0.36538461538461536,0.125,0.038461538461538464,0.038461538461538464
E10a,pedestrian,0-8,dense,missing,286,0.4724380099637942,0.4589779799270046,2.395104895104895,2.395104895104895,0.08391608391608392,2.297202797202797,1.7447552447552448,0.1888111888111888,0.21569010416666667,0.33182178053551187,0.46021063863070866,0.7444273399014778,1.7797202797202798,1.7132867132867133,1.3391608391608392,0.46503496503496505,0.44755244755244755,0.3076923076923077,0.12237762237762238,0.10839160839160839,0.07692307692307693,0.027972027972027972,0.027972027972027972,0.02097902097902098
E10a,pedestrian,0-8,dense,present,8,0.8128635883331299,0.8020613417029381,3.5,3.5,0.0,3.375,2.75,0.0,0.10982142857142857,0.5649736188352108,0.8114493936300278,0.7604166666666666,2.625,2.5,2.25,0.75,0.75,0.5,0.125,0.125,0.0,0.0,0.0,0.0
E10a,pedestrian,0-8,middle,missing,241,0.5239973473227371,0.5187179581010984,2.5601659751037342,2.5601659751037342,0.07883817427385892,2.4107883817427385,2.3734439834024896,0.0995850622406639,0.016819571865443424,0.3199428861619241,0.5018050483047788,0.7034013605442178,1.8589211618257262,1.7676348547717842,1.7385892116182573,0.5394190871369294,0.4896265560165975,0.4854771784232365,0.12033195020746888,0.11203319502074689,0.1078838174273859,0.04149377593360996,0.04149377593360996,0.04149377593360996
E10a,pedestrian,0-8,middle,present,41,0.8136279175921184,0.806343658668239,3.4146341463414633,3.4146341463414633,0.0,3.3902439024390243,3.3658536585365852,0.0,0.004878048780487805,0.49251176235152455,0.7990378904633406,0.7335075493612079,2.5365853658536586,2.5121951219512195,2.5121951219512195,0.5853658536585366,0.5853658536585366,0.5853658536585366,0.1951219512195122,0.1951219512195122,0.1951219512195122,0.0975609756097561,0.0975609756097561,0.07317073170731707
E10a,pedestrian,0-8,sparse,missing,34,0.6083198978620417,0.6046800648464876,3.0294117647058822,3.0294117647058822,0.029411764705882353,2.9705882352941178,2.9705882352941178,0.058823529411764705,0.0,0.4042171052424237,0.6015564389526844,0.7177083333333333,2.1470588235294117,2.1176470588235294,2.1176470588235294,0.7647058823529411,0.7647058823529411,0.7647058823529411,0.11764705882352941,0.08823529411764706,0.08823529411764706,0.0,0.0,0.0
E10a,pedestrian,0-8,sparse,present,13,0.8210900655159583,0.8201644145525419,3.076923076923077,3.076923076923077,0.0,3.076923076923077,3.076923076923077,0.0,0.0,0.5220507681369781,0.819414748595311,0.758974358974359,2.230769230769231,2.230769230769231,2.230769230769231,0.6923076923076923,0.6923076923076923,0.6923076923076923,0.15384615384615385,0.15384615384615385,0.15384615384615385,0.0,0.0,0.0
E10a,pedestrian,16-24,dense,missing,81,0.6617724303110146,0.6570910840858648,16.22222222222222,9.679012345679013,0.0,9.666666666666666,6.765432098765432,0.0,0.3039241622574956,0.3454100421549361,0.6434512848471418,0.808289241622575,12.308641975308642,8.012345679012345,5.592592592592593,3.0,1.4320987654320987,0.9876543209876543,0.7407407407407407,0.16049382716049382,0.12345679012345678,0.1728395061728395,0.06172839506172839,0.06172839506172839
E10a,pedestrian,16-24,dense,present,225,0.843667131529914,0.8334143839942084,18.27111111111111,9.88888888888889,0.0,9.88888888888889,8.715555555555556,0.0044444444444444444,0.11872310405643739,0.4719768742631589,0.8359222577086517,0.8221505552978767,13.795555555555556,8.257777777777777,7.271111111111111,3.3733333333333335,1.44,1.2977777777777777,0.8355555555555556,0.1688888888888889,0.12444444444444444,0.26666666666666666,0.022222222222222223,0.022222222222222223
E10a,pedestrian,16-24,middle,missing,321,0.6734598182443517,0.6710522107060454,18.641744548286603,9.828660436137072,0.0,9.809968847352025,9.333333333333334,0.0,0.048674776244869704,0.3224497721167832,0.661290385687834,0.8557286258220838,14.065420560747663,8.376947040498443,7.993769470404985,3.457943925233645,1.2523364485981308,1.1651090342679127,0.9314641744548287,0.1526479750778816,0.14641744548286603,0.18691588785046728,0.028037383177570093,0.028037383177570093
E10a,pedestrian,16-24,middle,present,1222,0.8519560458617202,0.8457712793018541,20.379705400981997,9.951718494271686,0.0,9.946808510638299,9.827332242225859,0.0,0.011956719403527914,0.5108832867111883,0.8443435448573966,0.8561235159639415,15.334697217675942,8.527004909983633,8.434533551554829,3.902618657937807,1.3126022913256956,1.2896890343698855,0.8805237315875614,0.09165302782324058,0.08756137479541735,0.2618657937806874,0.015548281505728314,0.015548281505728314
E10a,pedestrian,16-24,sparse,missing,70,0.69054243181433,0.685373689021383,22.985714285714284,9.971428571428572,0.0,9.957142857142857,9.957142857142857,0.0,0.0,0.37959983040179524,0.6749378796134676,0.861984126984127,17.2,8.585714285714285,8.585714285714285,4.571428571428571,1.2285714285714286,1.2285714285714286,0.9571428571428572,0.1,0.1,0.2571428571428571,0.04285714285714286,0.04285714285714286
E10a,pedestrian,16-24,sparse,present,549,0.8670055291908904,0.8595033649538384,22.981785063752277,9.972677595628415,0.0,9.970856102003642,9.970856102003642,0.0,0.0,0.5867305714603113,0.8484676316353359,0.8028637927545031,17.32422586520947,8.009107468123862,8.009107468123862,4.307832422586521,1.8870673952641166,1.8870673952641166,1.1001821493624773,0.07468123861566485,0.07468123861566485,0.2495446265938069,0.0,0.0
E10a,pedestrian,24-32,dense,missing,10,0.7000104188919067,0.6881502568721771,39.2,10.0,0.0,10.0,5.3,0.0,0.47000000000000003,0.4714692264795303,0.6835635662078857,0.8594444444444445,29.4,8.5,4.5,7.4,1.4,0.7,1.8,0.1,0.1,0.6,0.0,0.0
E10a,pedestrian,24-32,dense,present,62,0.8615099105142778,0.8509637415409088,36.75806451612903,10.0,0.0,10.0,8.741935483870968,0.0,0.12580645161290321,0.506833735733263,0.8441456344819838,0.854621095750128,27.838709677419356,8.596774193548388,7.5,6.758064516129032,1.3387096774193548,1.1935483870967742,1.7741935483870968,0.06451612903225806,0.04838709677419355,0.3870967741935484,0.0,0.0
E10a,pedestrian,24-32,middle,missing,99,0.6831796121115636,0.6782466733094418,36.91919191919192,10.0,0.0,10.0,8.969696969696969,0.0,0.10303030303030303,0.3605480094750722,0.665085048988612,0.8714726631393297,28.060606060606062,8.727272727272727,7.848484848484849,6.858585858585859,1.1818181818181819,1.0404040404040404,1.6161616161616161,0.08080808080808081,0.0707070707070707,0.3838383838383838,0.010101010101010102,0.010101010101010102
E10a,pedestrian,24-32,middle,present,633,0.8643388341388432,0.8538762169050003,38.51342812006319,10.0,0.0,10.0,9.873617693522906,0.0,0.01263823064770932,0.5397047639411019,0.8490271907282102,0.811788159181524,29.007898894154817,8.093206951026856,8.01263823064771,7.2274881516587675,1.8230647709320695,1.7851500789889416,1.8436018957345972,0.08372827804107424,0.07582938388625593,0.4344391785150079,0.0,0.0
E10a,pedestrian,24-32,sparse,missing,32,0.6823608949780464,0.6731113204732537,42.0,10.0,0.0,10.0,10.0,0.0,0.0,0.3907199362292886,0.6624960266053677,0.828125,32.125,8.28125,8.28125,7.625,1.65625,1.65625,1.90625,0.0625,0.0625,0.34375,0.0,0.0
E10a,pedestrian,24-32,sparse,present,480,0.879194987565279,0.8672934270153443,42.84583333333333,10.0,0.0,10.0,10.0,0.0,0.0,0.6154740228628118,0.8485441508392493,0.674375,32.270833333333336,6.74375,6.74375,8.04375,2.975,2.975,2.025,0.28125,0.28125,0.50625,0.0,0.0
E10a,pedestrian,8-16,dense,missing,586,0.6038746486700842,0.5951986048408743,6.073378839590443,5.837883959044369,0.010238907849829351,5.703071672354949,4.296928327645051,0.032423208191126277,0.2294343010664254,0.32807860503074854,0.5820041432665936,0.7455096441868928,4.585324232081911,4.375426621160409,3.2866894197952217,1.0972696245733788,0.9897610921501706,0.742320819112628,0.32593856655290104,0.2815699658703072,0.21843003412969283,0.06484641638225255,0.05631399317406143,0.04948805460750853
E10a,pedestrian,8-16,dense,present,326,0.8236214650189219,0.811029102356156,7.619631901840491,7.104294478527607,0.0,7.058282208588957,6.030674846625767,0.003067484662576687,0.12847891712922388,0.42510944066139367,0.8186505126953125,0.7735702075702076,5.763803680981595,5.41717791411043,4.659509202453988,1.4202453987730062,1.2576687116564418,1.0582822085889572,0.3220858895705521,0.29141104294478526,0.2361963190184049,0.11349693251533742,0.09202453987730061,0.07668711656441718
E10a,pedestrian,8-16,middle,missing,946,0.6252418411679046,0.6208074180759788,7.6109936575052854,6.872093023255814,0.003171247357293869,6.676532769556025,6.308668076109937,0.005285412262156448,0.05298082431840393,0.29362013103535245,0.6092333115837405,0.7653960663259282,5.645877378435518,5.126849894291754,4.867864693446089,1.4904862579281184,1.193446088794926,1.1004228329809724,0.38477801268498946,0.2854122621564482,0.27167019027484146,0.08985200845665962,0.0708245243128964,0.06871035940803383
E10a,pedestrian,8-16,middle,present,962,0.8319184798708577,0.8233711100851424,9.642411642411643,7.942827442827443,0.002079002079002079,7.867983367983368,7.737006237006237,0.002079002079002079,0.016629050925925926,0.4467095501255244,0.8278644141430657,0.7832547198172198,7.267151767151767,6.234927234927235,6.143451143451143,1.8108108108108107,1.2972972972972974,1.2650727650727651,0.448024948024948,0.2817047817047817,0.27546777546777546,0.11642411642411643,0.05405405405405406,0.05301455301455302
E10a,pedestrian,8-16,sparse,missing,222,0.6508078613394016,0.6470181600333335,8.644144144144144,7.351351351351352,0.0,7.2657657657657655,7.2657657657657655,0.0,0.0,0.3453729177346906,0.6385917020542128,0.7734305734305734,6.45045045045045,5.675675675675675,5.675675675675675,1.6666666666666667,1.2567567567567568,1.2567567567567568,0.45045045045045046,0.2927927927927928,0.2927927927927928,0.07657657657657657,0.04054054054054054,0.04054054054054054
E10a,pedestrian,8-16,sparse,present,297,0.8342145763663732,0.8263888216580606,10.468013468013469,8.303030303030303,0.0,8.255892255892256,8.255892255892256,0.0,0.0,0.49408930888782043,0.8290893419423088,0.7833480305702528,7.9326599326599325,6.589225589225589,6.589225589225589,1.9057239057239057,1.34006734006734,1.34006734006734,0.531986531986532,0.26936026936026936,0.26936026936026936,0.09764309764309764,0.05723905723905724,0.05723905723905724
E10a,people,0-8,dense,missing,423,0.505289818219682,0.4970542947909229,2.7163120567375887,2.7163120567375887,0.054373522458628844,2.685579196217494,1.3735224586288417,0.29314420803782504,0.477482651351998,0.3887547966658707,0.5037750095358497,0.7741917502787068,2.0189125295508275,1.9976359338061467,1.0307328605200945,0.4940898345153664,0.48699763593380613,0.23877068557919623,0.15602836879432624,0.1536643026004728,0.07565011820330969,0.04728132387706856,0.04728132387706856,0.028368794326241134
E10a,people,0-8,dense,present,51,0.8163523966190862,0.8012070387017494,4.215686274509804,4.215686274509804,0.0,4.196078431372549,2.8627450980392157,0.0,0.31995798319327734,0.5184565838061127,0.8106497783286899,0.7960784313725491,3.0784313725490198,3.0784313725490198,2.2549019607843137,0.9019607843137255,0.9019607843137255,0.43137254901960786,0.13725490196078433,0.13725490196078433,0.11764705882352941,0.09803921568627451,0.0784313725490196,0.058823529411764705
E10a,people,0-8,middle,missing,64,0.5360874556936324,0.5352786290459335,3.8125,3.8125,0.015625,3.796875,3.390625,0.015625,0.0881204333585286,0.29361583913365996,0.4967551807325984,0.7323885109599396,2.796875,2.78125,2.484375,0.703125,0.703125,0.625,0.28125,0.28125,0.25,0.03125,0.03125,0.03125
E10a,people,0-8,middle,present,9,0.7870560420884026,0.7653217183219062,3.4444444444444446,3.4444444444444446,0.0,3.3333333333333335,3.2222222222222223,0.0,0.027777777777777776,0.4155811799897088,0.7366744544770982,0.8388888888888889,2.6666666666666665,2.6666666666666665,2.6666666666666665,0.7777777777777778,0.6666666666666666,0.5555555555555556,0.0,0.0,0.0,0.0,0.0,0.0
E10a,people,0-8,sparse,missing,3,0.6780349016189575,0.6780349016189575,2.3333333333333335,2.3333333333333335,0.0,2.3333333333333335,2.3333333333333335,0.0,0.0,0.401844322681427,0.6386799315611521,0.7222222222222222,1.6666666666666667,1.6666666666666667,1.6666666666666667,0.6666666666666666,0.6666666666666666,0.6666666666666666,0.0,0.0,0.0,0.0,0.0,0.0
E10a,people,16-24,dense,missing,106,0.6585347393773636,0.6547785845567595,17.0,9.632075471698114,0.0,9.61320754716981,6.528301886792453,0.018867924528301886,0.3244384546271339,0.3544801412723385,0.6375104045638671,0.8480196886446887,12.726415094339623,8.254716981132075,5.7075471698113205,3.207547169811321,1.0377358490566038,0.6037735849056604,0.8113207547169812,0.20754716981132076,0.14150943396226415,0.25471698113207547,0.11320754716981132,0.07547169811320754
E10a,people,16-24,dense,present,313,0.845333688746626,0.8413476277464114,20.4185303514377,9.916932907348242,0.0,9.91373801916933,8.964856230031948,0.0,0.09707135250266241,0.49801970701724196,0.8365631343457646,0.9102778123544897,15.383386581469649,8.926517571884984,8.201277955271566,3.830670926517572,0.7955271565495208,0.6070287539936102,0.9584664536741214,0.13738019169329074,0.10223642172523961,0.24600638977635783,0.054313099041533544,0.054313099041533544
E10a,people,16-24,middle,missing,255,0.6556081417728873,0.6520307154047723,20.396078431372548,9.843137254901961,0.0,9.843137254901961,9.290196078431373,0.0,0.05766106442577031,0.30506922694690086,0.6392744389234805,0.9066822284469342,15.384313725490196,8.898039215686275,8.43921568627451,3.7490196078431373,0.792156862745098,0.7019607843137254,1.0274509803921568,0.09803921568627451,0.09411764705882353,0.23529411764705882,0.054901960784313725,0.054901960784313725
E10a,people,16-24,middle,present,620,0.841377545460578,0.8368994431149575,24.072580645161292,9.96774193548387,0.0,9.961290322580645,9.761290322580646,0.0,0.0204857910906298,0.4851321063935757,0.8306769835372125,0.9290969022017409,18.15806451612903,9.238709677419354,9.095161290322581,4.469354838709678,0.6241935483870967,0.5854838709677419,1.1774193548387097,0.07096774193548387,0.054838709677419356,0.267741935483871,0.027419354838709678,0.025806451612903226
E10a,people,16-24,sparse,missing,35,0.6736774359430585,0.6721503530229841,19.17142857142857,10.0,0.0,9.942857142857143,9.942857142857143,0.0,0.0,0.3112272381782531,0.651004091330937,0.887936507936508,14.314285714285715,8.82857142857143,8.82857142857143,3.5142857142857142,1.0,1.0,1.0571428571428572,0.11428571428571428,0.11428571428571428,0.2857142857142857,0.0,0.0
E10a,people,16-24,sparse,present,140,0.8450772447245462,0.8361431624208178,24.942857142857143,9.992857142857142,0.0,9.985714285714286,9.985714285714286,0.0,0.0,0.4503206540431295,0.8323934559311186,0.8667857142857144,19.0,8.657142857142857,8.657142857142857,4.535714285714286,1.2285714285714286,1.2285714285714286,1.0714285714285714,0.08571428571428572,0.08571428571428572,0.3357142857142857,0.014285714285714285,0.014285714285714285
E10a,people,24-32,dense,missing,25,0.672979474067688,0.6720843315124512,30.04,10.0,0.0,10.0,7.88,0.0,0.212,0.3745147347450256,0.6526326787471771,0.9595555555555555,22.72,9.56,7.6,5.28,0.44,0.28,1.68,0.0,0.0,0.36,0.0,0.0
E10a,people,24-32,dense,present,112,0.8596051026667867,0.8496601256941047,36.026785714285715,10.0,0.0,10.0,9.241071428571429,0.0,0.07589285714285714,0.5257993528087225,0.8442817862544741,0.9318645640074211,27.321428571428573,9.232142857142858,8.625,6.651785714285714,0.6785714285714286,0.5446428571428571,1.6071428571428572,0.08035714285714286,0.0625,0.44642857142857145,0.008928571428571428,0.008928571428571428
E10a,people,24-32,middle,missing,94,0.6542011778405372,0.6497013004536324,37.58510638297872,10.0,0.0,10.0,9.53191489361702,0.0,0.04680851063829788,0.34893714375001317,0.6419881341305185,0.9443642350557244,28.361702127659573,9.46808510638298,9.03191489361702,6.98936170212766,0.4787234042553192,0.44680851063829785,1.7765957446808511,0.031914893617021274,0.031914893617021274,0.4574468085106383,0.02127659574468085,0.02127659574468085
E10a,people,24-32,middle,present,393,0.8669350752393707,0.8604760958644877,40.656488549618324,10.0,0.0,10.0,9.928753180661577,0.0,0.0071246819338422395,0.5214563834530707,0.8532880500679404,0.9343975927945394,30.610687022900763,9.335877862595419,9.27735368956743,7.66412213740458,0.6437659033078881,0.6310432569974554,1.8931297709923665,0.017811704834605598,0.017811704834605598,0.48854961832061067,0.002544529262086514,0.002544529262086514
E10a,people,24-32,sparse,missing,20,0.6975293666124344,0.6887078493833542,39.95,10.0,0.0,10.0,10.0,0.0,0.0,0.37227276191115377,0.689136728644371,0.885,29.75,8.85,8.85,7.55,1.1,1.1,2.15,0.05,0.05,0.5,0.0,0.0
E10a,people,24-32,sparse,present,105,0.8628866876874651,0.8547610163688659,45.67619047619048,10.0,0.0,10.0,10.0,0.0,0.0,0.5037313187406176,0.8434860337348211,0.7752380952380953,34.43809523809524,7.752380952380952,7.752380952380952,8.561904761904762,2.1619047619047618,2.1619047619047618,2.0476190476190474,0.08571428571428572,0.08571428571428572,0.6285714285714286,0.0,0.0
E10a,people,8-16,dense,missing,614,0.6156273944855513,0.6096341741492771,7.1612377850162865,6.485342019543974,0.0,6.449511400651466,3.6726384364820848,0.13680781758957655,0.4584115350809162,0.37277694056127575,0.5980045340085616,0.7828736148547469,5.38599348534202,4.98371335504886,2.978827361563518,1.3436482084690553,1.1107491856677525,0.506514657980456,0.3517915309446254,0.28664495114006516,0.13192182410423453,0.07980456026058631,0.06840390879478828,0.05537459283387622
E10a,people,8-16,dense,present,492,0.8240362589921408,0.8168263778211625,10.040650406504065,8.05691056910569,0.0,8.044715447154472,5.983739837398374,0.008130081300813009,0.2676159827074461,0.49314455932281054,0.8172948103947718,0.84211213422279,7.556910569105691,6.469512195121951,5.1016260162601625,1.9268292682926829,1.2073170731707317,0.6544715447154471,0.44308943089430897,0.29065040650406504,0.17073170731707318,0.11382113821138211,0.07723577235772358,0.056910569105691054
E10a,people,8-16,middle,missing,381,0.5982733921898319,0.5941341143111232,9.333333333333334,7.866141732283465,0.0,7.805774278215223,6.884514435695538,0.0,0.11810919468399783,0.2651667192069877,0.5709767198859863,0.8079063033787444,7.005249343832021,6.2204724409448815,5.640419947506562,1.8005249343832022,1.230971128608924,0.9606299212598425,0.4330708661417323,0.2887139107611549,0.2204724409448819,0.09448818897637795,0.06561679790026247,0.06299212598425197
E10a,people,8-16,middle,present,272,0.8245627634665545,0.8197330039213685,13.308823529411764,9.121323529411764,0.0,9.102941176470589,8.492647058823529,0.0,0.06901406395891689,0.4322346399866921,0.8152933591867194,0.8576301353874883,10.088235294117647,7.772058823529412,7.397058823529412,2.4779411764705883,1.0441176470588236,0.8676470588235294,0.5404411764705882,0.19117647058823528,0.13970588235294118,0.20220588235294118,0.09558823529411764,0.08823529411764706
E10a,people,8-16,sparse,missing,43,0.6408494979489682,0.6373466410955717,8.720930232558139,7.627906976744186,0.0,7.558139534883721,7.558139534883721,0.0,0.0,0.28632423639172944,0.6167219561243127,0.7544665928386858,6.441860465116279,5.72093023255814,5.72093023255814,1.744186046511628,1.5348837209302326,1.5348837209302326,0.4883720930232558,0.27906976744186046,0.27906976744186046,0.046511627906976744,0.023255813953488372,0.023255813953488372
E10a,people,8-16,sparse,present,61,0.8189431380053036,0.8100905047088373,10.524590163934427,8.37704918032787,0.0,8.360655737704919,8.360655737704919,0.0,0.0,0.3839642682769259,0.8076116755360463,0.7940020817069997,7.918032786885246,6.770491803278689,6.770491803278689,2.0163934426229506,1.3442622950819672,1.3442622950819672,0.45901639344262296,0.21311475409836064,0.21311475409836064,0.13114754098360656,0.03278688524590164,0.03278688524590164
E10a,tricycle,0-8,dense,missing,13,0.5383658615442423,0.5301521695577182,2.3076923076923075,2.3076923076923075,0.0,2.230769230769231,1.6923076923076923,0.15384615384615385,0.27435897435897433,0.40375749130775646,0.5159555962203409,0.6969696969696969,1.7692307692307692,1.6923076923076923,1.3076923076923077,0.3076923076923077,0.3076923076923077,0.23076923076923078,0.23076923076923078,0.23076923076923078,0.15384615384615385,0.0,0.0,0.0
E10a,tricycle,0-8,dense,present,5,0.8264634490013123,0.8137529730796814,4.2,4.2,0.0,4.2,4.2,0.0,0.0,0.4532760500907898,0.824729037284851,0.7647619047619048,3.4,3.4,3.4,0.4,0.4,0.4,0.4,0.4,0.4,0.0,0.0,0.0
E10a,tricycle,0-8,middle,missing,11,0.6514090028676119,0.6399156993085687,3.1818181818181817,3.1818181818181817,0.0,3.1818181818181817,3.1818181818181817,0.0,0.0,0.3690009130672975,0.6380784999240529,0.6264069264069264,2.1818181818181817,2.1818181818181817,2.1818181818181817,0.8181818181818182,0.8181818181818182,0.8181818181818182,0.09090909090909091,0.09090909090909091,0.09090909090909091,0.09090909090909091,0.09090909090909091,0.09090909090909091
E10a,tricycle,0-8,middle,present,9,0.8113690416018168,0.7976246078809103,3.7777777777777777,3.7777777777777777,0.0,3.6666666666666665,3.6666666666666665,0.0,0.0,0.4946404794851939,0.8056008021036783,0.7433862433862434,2.6666666666666665,2.6666666666666665,2.6666666666666665,0.6666666666666666,0.6666666666666666,0.6666666666666666,0.3333333333333333,0.2222222222222222,0.2222222222222222,0.1111111111111111,0.1111111111111111,0.1111111111111111
E10a,tricycle,0-8,sparse,missing,3,0.6044467886288961,0.6044467886288961,5.666666666666667,5.666666666666667,0.0,5.666666666666667,5.666666666666667,0.0,0.0,0.373774786790212,0.5787031948566437,0.7555555555555555,4.333333333333333,4.333333333333333,4.333333333333333,1.0,1.0,1.0,0.3333333333333333,0.3333333333333333,0.3333333333333333,0.0,0.0,0.0
E10a,tricycle,16-24,dense,missing,7,0.66976084453719,0.565108984708786,31.857142857142858,10.0,0.0,10.0,7.857142857142857,0.0,0.21428571428571427,0.29565794233764914,0.6430156614099231,0.45068027210884354,23.571428571428573,4.142857142857143,3.2857142857142856,6.571428571428571,4.571428571428571,3.4285714285714284,1.4285714285714286,1.2857142857142858,1.1428571428571428,0.2857142857142857,0.0,0.0
E10a,tricycle,16-24,dense,present,31,0.8667310399393882,0.8370957336118144,21.64516129032258,10.0,0.0,10.0,9.64516129032258,0.0,0.035483870967741936,0.502287057618941,0.8593674936602193,0.5789426523297492,16.322580645161292,5.903225806451613,5.580645161290323,4.129032258064516,3.4193548387096775,3.3870967741935485,0.9032258064516129,0.6774193548387096,0.6774193548387096,0.2903225806451613,0.0,0.0
E10a,tricycle,16-24,middle,missing,33,0.6671592647379095,0.629783466909871,29.12121212121212,10.0,0.0,10.0,9.757575757575758,0.0,0.024242424242424242,0.24396856874227518,0.6576057239012285,0.6363636363636364,21.939393939393938,6.393939393939394,6.303030303030303,5.363636363636363,2.9393939393939394,2.8181818181818183,1.4848484848484849,0.6666666666666666,0.6363636363636364,0.3333333333333333,0.0,0.0
E10a,tricycle,16-24,middle,present,67,0.8499688870871245,0.833686274379047,27.71641791044776,10.0,0.0,10.0,9.985074626865671,0.0,0.0014925373134328358,0.47977232232467454,0.8403667896541197,0.5816071159354741,20.328358208955223,5.835820895522388,5.8059701492537314,5.641791044776119,3.5074626865671643,3.5223880597014925,1.3880597014925373,0.6417910447761194,0.6417910447761194,0.3582089552238806,0.014925373134328358,0.014925373134328358
E10a,tricycle,16-24,sparse,missing,15,0.6912544369697571,0.6368085821469625,31.933333333333334,10.0,0.0,10.0,10.0,0.0,0.0,0.327234755953153,0.661307156085968,0.6,24.333333333333332,6.0,6.0,5.666666666666667,3.3333333333333335,3.3333333333333335,1.6,0.6666666666666666,0.6666666666666666,0.3333333333333333,0.0,0.0
E10a,tricycle,16-24,sparse,present,55,0.8577269467440518,0.8266060227697546,33.50909090909091,10.0,0.0,10.0,10.0,0.0,0.0,0.5074189267375252,0.8315773844718933,0.5490909090909091,25.236363636363638,5.490909090909091,5.490909090909091,6.418181818181818,3.8181818181818183,3.8181818181818183,1.490909090909091,0.6727272727272727,0.6727272727272727,0.36363636363636365,0.01818181818181818,0.01818181818181818
E10a,tricycle,24-32,dense,missing,6,0.5872418334086736,0.4727843850851059,45.166666666666664,10.0,0.0,10.0,8.666666666666666,0.0,0.13333333333333333,0.2283788646260897,0.5519540309906006,0.31342592592592594,33.166666666666664,3.1666666666666665,2.6666666666666665,9.0,5.333333333333333,4.5,2.6666666666666665,1.5,1.5,0.3333333333333333,0.0,0.0
E10a,tricycle,24-32,dense,present,22,0.8615224632349882,0.7415445406328548,45.31818181818182,10.0,0.0,10.0,9.818181818181818,0.0,0.018181818181818184,0.5034715214913542,0.8476132344115864,0.2926767676767677,34.40909090909091,2.9545454545454546,2.8636363636363638,8.363636363636363,5.545454545454546,5.454545454545454,2.0,1.5,1.5,0.5454545454545454,0.0,0.0
E10a,tricycle,24-32,middle,missing,18,0.648634586069319,0.587977168460687,40.666666666666664,10.0,0.0,10.0,9.555555555555555,0.0,0.044444444444444446,0.23855639704399634,0.6331155382924609,0.49663299663299665,30.055555555555557,5.0,4.944444444444445,7.888888888888889,4.111111111111111,3.8333333333333335,2.3333333333333335,0.8888888888888888,0.7777777777777778,0.3888888888888889,0.0,0.0
E10a,tricycle,24-32,middle,present,69,0.8698973612508912,0.7843162387177565,50.391304347826086,10.0,0.0,10.0,9.985507246376812,0.0,0.0014492753623188406,0.48311678449744766,0.8590005964472673,0.38115942028985506,38.05797101449275,3.8115942028985508,3.8115942028985508,9.391304347826088,5.028985507246377,5.0144927536231885,2.260869565217391,1.144927536231884,1.144927536231884,0.6811594202898551,0.014492753623188406,0.014492753623188406
E10a,tricycle,24-32,sparse,missing,16,0.6827101223170757,0.5878045037388802,56.0625,10.0,0.0,10.0,10.0,0.0,0.0,0.2700981264933944,0.6754193939268589,0.40625,42.375,4.0625,4.0625,10.8125,4.9375,4.9375,2.3125,1.0,1.0,0.5625,0.0,0.0
E10a,tricycle,24-32,sparse,present,90,0.8701247380839454,0.7903011431296666,51.266666666666666,10.0,0.0,10.0,10.0,0.0,0.0,0.5056407850649621,0.8595479806264241,0.37,38.72222222222222,3.7,3.7,9.422222222222222,5.233333333333333,5.233333333333333,2.4444444444444446,1.0666666666666667,1.0666666666666667,0.6777777777777778,0.0,0.0
E10a,tricycle,8-16,dense,missing,18,0.6244695319069756,0.614176846212811,7.666666666666667,6.611111111111111,0.0,6.444444444444445,5.5,0.0,0.1388888888888889,0.3467566491001182,0.6027498725387785,0.7279982363315697,5.611111111111111,4.555555555555555,3.8333333333333335,1.4444444444444444,1.3888888888888888,1.2777777777777777,0.6111111111111112,0.5,0.3888888888888889,0.0,0.0,0.0
E10a,tricycle,8-16,dense,present,43,0.8366988162661708,0.8153829796369686,9.953488372093023,8.116279069767442,0.0,8.093023255813954,7.790697674418604,0.0,0.04782207456626061,0.4384867791519609,0.8276324826617574,0.7362361153058827,7.6976744186046515,6.046511627906977,5.790697674418604,1.744186046511628,1.6744186046511629,1.627906976744186,0.4186046511627907,0.32558139534883723,0.32558139534883723,0.09302325581395349,0.046511627906976744,0.046511627906976744
E10a,tricycle,8-16,middle,missing,22,0.6279413510452617,0.6060166182843122,9.454545454545455,8.0,0.0,7.818181818181818,7.454545454545454,0.0,0.03636363636363637,0.277931706641208,0.6150931932709434,0.7583333333333333,7.181818181818182,5.954545454545454,5.681818181818182,1.9090909090909092,1.5454545454545454,1.4545454545454546,0.2727272727272727,0.22727272727272727,0.22727272727272727,0.09090909090909091,0.09090909090909091,0.09090909090909091
E10a,tricycle,8-16,middle,present,36,0.828342992398474,0.8149904559055964,12.472222222222221,8.61111111111111,0.0,8.61111111111111,8.555555555555555,0.0,0.00625,0.40054974022010964,0.8188295463720957,0.7449294532627866,9.333333333333334,6.444444444444445,6.416666666666667,2.5277777777777777,1.8055555555555556,1.7777777777777777,0.4722222222222222,0.3611111111111111,0.3611111111111111,0.1388888888888889,0.0,0.0
E10a,tricycle,8-16,sparse,missing,10,0.6449114888906479,0.6052018165588379,13.6,9.5,0.0,9.5,9.5,0.0,0.0,0.16558897048234938,0.624003779888153,0.7212698412698413,10.6,6.8,6.8,2.3,2.1,2.1,0.4,0.4,0.4,0.3,0.2,0.2
E10a,tricycle,8-16,sparse,present,22,0.818093478679657,0.8011288480325178,12.772727272727273,9.181818181818182,0.0,9.181818181818182,9.181818181818182,0.0,0.0,0.38874525170434604,0.8066944209012118,0.7374458874458875,9.772727272727273,6.818181818181818,6.818181818181818,2.3181818181818183,1.9545454545454546,1.9545454545454546,0.5454545454545454,0.3181818181818182,0.3181818181818182,0.13636363636363635,0.09090909090909091,0.09090909090909091
E10a,truck,0-8,dense,missing,4,0.5374908596277237,0.5374908596277237,2.0,2.0,0.0,2.0,2.0,0.0,0.0,0.3903695195913315,0.5271005630493164,0.7916666666666666,1.5,1.5,1.5,0.5,0.5,0.5,0.0,0.0,0.0,0.0,0.0,0.0
E10a,truck,0-8,dense,present,1,0.8506179451942444,0.8506179451942444,3.0,3.0,0.0,3.0,3.0,0.0,0.0,0.3758613467216491,0.8496212959289551,0.6666666666666666,2.0,2.0,2.0,0.0,0.0,0.0,1.0,1.0,1.0,0.0,0.0,0.0
E10a,truck,0-8,middle,missing,3,0.6322614550590515,0.6322614550590515,2.3333333333333335,2.3333333333333335,0.0,2.3333333333333335,2.3333333333333335,0.0,0.0,0.45357170701026917,0.6186420718828837,0.7777777777777777,1.6666666666666667,1.6666666666666667,1.6666666666666667,0.6666666666666666,0.6666666666666666,0.6666666666666666,0.0,0.0,0.0,0.0,0.0,0.0
E10a,truck,0-8,middle,present,4,0.7773017287254333,0.748923733830452,4.5,4.5,0.0,4.25,4.25,0.0,0.0,0.47424745187163353,0.7740316838026047,0.675,3.25,3.0,3.0,1.0,1.0,1.0,0.0,0.0,0.0,0.25,0.25,0.25
E10a,truck,16-24,dense,missing,1,0.615509569644928,0.615509569644928,13.0,10.0,0.0,10.0,10.0,0.0,0.0,0.2220796793699264,0.587627112865448,0.7,10.0,7.0,7.0,2.0,2.0,2.0,1.0,1.0,1.0,0.0,0.0,0.0
E10a,truck,16-24,dense,present,2,0.8499684035778046,0.8499684035778046,17.5,10.0,0.0,10.0,10.0,0.0,0.0,0.3853054642677307,0.8494687676429749,0.7,13.0,7.0,7.0,2.5,2.5,2.5,2.0,0.5,0.5,0.0,0.0,0.0
E10a,truck,16-24,middle,missing,24,0.6393679939210415,0.609568806986014,21.291666666666668,10.0,0.0,10.0,9.916666666666666,0.0,0.008333333333333333,0.26484266978998977,0.6282457523047924,0.7694444444444445,16.208333333333332,7.708333333333333,7.625,3.9166666666666665,1.9166666666666667,1.9166666666666667,1.0416666666666667,0.375,0.375,0.125,0.0,0.0
E10a,truck,16-24,middle,present,37,0.858091236771764,0.8425739842492181,25.027027027027028,10.0,0.0,10.0,9.972972972972974,0.0,0.002702702702702703,0.4495245482067804,0.8402560417716568,0.7207207207207208,19.08108108108108,7.216216216216216,7.1891891891891895,4.4324324324324325,2.4864864864864864,2.4864864864864864,1.162162162162162,0.2972972972972973,0.2972972972972973,0.35135135135135137,0.0,0.0
E10a,truck,16-24,sparse,missing,8,0.6118139997124672,0.5877925604581833,26.375,10.0,0.0,10.0,10.0,0.0,0.0,0.20268333610147235,0.6040022149682045,0.7125,19.75,7.125,7.125,4.625,1.75,1.75,1.375,1.0,1.0,0.625,0.125,0.125
E10a,truck,16-24,sparse,present,43,0.8905302521794342,0.8671116537826006,30.0,10.0,0.0,10.0,10.0,0.0,0.0,0.5725496802912202,0.8646247303763102,0.6372093023255814,22.86046511627907,6.372093023255814,6.372093023255814,5.4186046511627906,3.372093023255814,3.372093023255814,1.302325581395349,0.2558139534883721,0.2558139534883721,0.4186046511627907,0.0,0.0
E10a,truck,24-32,dense,missing,1,0.5458825826644897,0.5458825826644897,40.0,10.0,0.0,10.0,7.0,0.0,0.3,0.2074261754751205,0.5351166129112244,0.5714285714285714,27.0,6.0,4.0,10.0,4.0,3.0,2.0,0.0,0.0,1.0,0.0,0.0
E10a,truck,24-32,middle,missing,9,0.6384762227535248,0.59039839108785,35.666666666666664,10.0,0.0,10.0,8.777777777777779,0.0,0.12222222222222223,0.26308378908369273,0.6264349321524302,0.6376543209876543,26.333333333333332,6.777777777777778,5.777777777777778,7.0,2.6666666666666665,2.4444444444444446,2.0,0.5555555555555556,0.5555555555555556,0.3333333333333333,0.0,0.0
E10a,truck,24-32,middle,present,35,0.861168989113399,0.8423492193222046,38.05714285714286,10.0,0.0,10.0,9.857142857142858,0.0,0.014285714285714285,0.4964697020394461,0.8519584672791617,0.6629478458049887,28.571428571428573,6.6,6.514285714285714,7.2,3.0,2.9714285714285715,1.9142857142857144,0.4,0.37142857142857144,0.37142857142857144,0.0,0.0
E10a,truck,24-32,sparse,missing,5,0.6239732801914215,0.6017853438854217,41.8,10.0,0.0,10.0,10.0,0.0,0.0,0.33410717546939844,0.6111075699329376,0.6799999999999999,30.4,6.8,6.8,8.2,2.6,2.6,2.6,0.6,0.6,0.6,0.0,0.0
E10a,truck,24-32,sparse,present,33,0.8902261600349889,0.8488905610460223,50.21212121212121,10.0,0.0,10.0,10.0,0.0,0.0,0.5862315608696504,0.866010049978892,0.4121212121212121,38.303030303030305,4.121212121212121,4.121212121212121,9.0,5.090909090909091,5.090909090909091,2.272727272727273,0.7878787878787878,0.7878787878787878,0.6363636363636364,0.0,0.0
E10a,truck,8-16,dense,missing,6,0.6116935511430105,0.6056816478570303,9.333333333333334,8.166666666666666,0.0,8.166666666666666,6.0,0.0,0.22083333333333333,0.28003331025441486,0.6012759407361349,0.7551587301587301,7.166666666666667,6.0,4.5,1.3333333333333333,1.3333333333333333,1.0,0.6666666666666666,0.6666666666666666,0.5,0.16666666666666666,0.16666666666666666,0.0
E10a,truck,8-16,dense,present,5,0.8271856784820557,0.8076913595199585,13.0,9.0,0.0,9.0,7.2,0.0,0.18,0.424578332901001,0.820205569267273,0.8514285714285714,9.6,8.0,6.2,2.8,0.6,0.6,0.4,0.2,0.2,0.2,0.2,0.2
E10a,truck,8-16,middle,missing,28,0.631036180470671,0.6153868596468653,9.607142857142858,8.035714285714286,0.0,7.964285714285714,7.678571428571429,0.0,0.03292233560090703,0.24870100218270502,0.6178812895502362,0.7921626984126984,7.321428571428571,6.107142857142857,5.928571428571429,1.8928571428571428,1.5714285714285714,1.4642857142857142,0.32142857142857145,0.21428571428571427,0.21428571428571427,0.07142857142857142,0.07142857142857142,0.07142857142857142
E10a,truck,8-16,middle,present,33,0.8404934857830857,0.8300308205864646,11.181818181818182,8.969696969696969,0.0,8.848484848484848,8.696969696969697,0.0,0.01818181818181818,0.4368939067829739,0.8280594511465593,0.7643338143338143,8.545454545454545,6.878787878787879,6.7272727272727275,2.0606060606060606,1.5151515151515151,1.5151515151515151,0.45454545454545453,0.3939393939393939,0.3939393939393939,0.12121212121212122,0.06060606060606061,0.06060606060606061
E10a,truck,8-16,sparse,missing,4,0.6876436620950699,0.6876436620950699,8.0,6.75,0.0,6.5,6.5,0.0,0.0,0.40523768588900566,0.6829965561628342,0.8416666666666667,6.5,5.5,5.5,1.0,0.75,0.75,0.25,0.0,0.0,0.25,0.25,0.25
E10a,truck,8-16,sparse,present,3,0.8420326312383016,0.8220067222913107,6.666666666666667,6.666666666666667,0.0,6.666666666666667,6.666666666666667,0.0,0.0,0.41831467549006146,0.8402664661407471,0.7071428571428572,4.666666666666667,4.666666666666667,4.666666666666667,1.3333333333333333,1.3333333333333333,1.3333333333333333,0.6666666666666666,0.6666666666666666,0.6666666666666666,0.0,0.0,0.0
E10a,van,0-8,dense,missing,18,0.58318320578999,0.5669433292415407,2.8333333333333335,2.8333333333333335,0.0,2.8333333333333335,2.1666666666666665,0.05555555555555555,0.1902116402116402,0.3953596090569216,0.5633184681920445,0.7745098039215685,2.2777777777777777,2.2777777777777777,1.6666666666666667,0.3888888888888889,0.3888888888888889,0.3333333333333333,0.1111111111111111,0.1111111111111111,0.1111111111111111,0.05555555555555555,0.05555555555555555,0.05555555555555555
E10a,van,0-8,dense,present,7,0.8189656393868583,0.7986551352909633,3.7142857142857144,3.7142857142857144,0.0,3.7142857142857144,3.2857142857142856,0.0,0.06122448979591836,0.44119055356298176,0.817261781011309,0.7261904761904762,2.857142857142857,2.857142857142857,2.4285714285714284,0.5714285714285714,0.5714285714285714,0.5714285714285714,0.2857142857142857,0.2857142857142857,0.2857142857142857,0.0,0.0,0.0
E10a,van,0-8,middle,missing,28,0.6099417097866535,0.5963594429194927,2.75,2.75,0.03571428571428571,2.75,2.7142857142857144,0.03571428571428571,0.012345679012345678,0.4058875921699736,0.6001058193268599,0.75,1.9642857142857142,1.9642857142857142,1.9642857142857142,0.6785714285714286,0.6785714285714286,0.6428571428571429,0.07142857142857142,0.07142857142857142,0.07142857142857142,0.03571428571428571,0.03571428571428571,0.03571428571428571
E10a,van,0-8,middle,present,10,0.8001565933227539,0.8001565933227539,3.2,3.2,0.0,3.2,3.1,0.0,0.03333333333333333,0.514585867524147,0.7977425813674927,0.7133333333333333,2.2,2.2,2.2,0.5,0.5,0.4,0.5,0.5,0.5,0.0,0.0,0.0
E10a,van,0-8,sparse,missing,3,0.5404597222805023,0.5404597222805023,4.666666666666667,4.666666666666667,0.0,4.333333333333333,4.333333333333333,0.0,0.0,0.34763053059577936,0.5041689376036326,0.6111111111111112,4.0,3.6666666666666665,3.6666666666666665,0.3333333333333333,0.3333333333333333,0.3333333333333333,0.0,0.0,0.0,0.3333333333333333,0.3333333333333333,0.3333333333333333
E10a,van,16-24,dense,missing,7,0.6549589804240635,0.6444977607045855,15.571428571428571,10.0,0.0,10.0,6.714285714285714,0.0,0.32857142857142857,0.2112322822213173,0.6439784169197083,0.7572974644403215,11.571428571428571,7.428571428571429,5.0,3.142857142857143,1.8571428571428572,1.1428571428571428,0.7142857142857143,0.7142857142857143,0.5714285714285714,0.14285714285714285,0.0,0.0
E10a,van,16-24,dense,present,23,0.8332466327625773,0.8282092680101809,18.0,9.91304347826087,0.0,9.91304347826087,8.695652173913043,0.0,0.12282608695652175,0.40559502852999646,0.8308184742927551,0.8255301461823201,13.217391304347826,7.913043478260869,7.086956521739131,3.652173913043478,1.8695652173913044,1.4782608695652173,0.9130434782608695,0.13043478260869565,0.13043478260869565,0.21739130434782608,0.0,0.0
E10a,van,16-24,middle,missing,28,0.678435600229672,0.6701342101608004,21.0,9.928571428571429,0.0,9.928571428571429,9.214285714285714,0.0,0.0732142857142857,0.29637212093387333,0.6659242191484996,0.7873582766439909,15.714285714285714,7.928571428571429,7.357142857142857,3.892857142857143,1.7857142857142858,1.6785714285714286,0.9642857142857143,0.14285714285714285,0.10714285714285714,0.42857142857142855,0.07142857142857142,0.07142857142857142
E10a,van,16-24,middle,present,154,0.877788486418786,0.870436563507303,21.474025974025974,9.987012987012987,0.0,9.987012987012987,9.935064935064934,0.0,0.005194805194805195,0.5439163004229595,0.8652439206451564,0.7978502558048013,16.194805194805195,7.954545454545454,7.928571428571429,4.0,1.87012987012987,1.844155844155844,1.0389610389610389,0.16233766233766234,0.16233766233766234,0.24025974025974026,0.0,0.0
E10a,van,16-24,sparse,missing,5,0.7189177989959716,0.7189177989959716,27.8,10.0,0.0,10.0,10.0,0.0,0.0,0.3860409647226334,0.6915166854858399,0.74,21.2,7.4,7.4,5.6,2.4,2.4,0.8,0.2,0.2,0.2,0.0,0.0
E10a,van,16-24,sparse,present,71,0.8925482152213513,0.8843325275770375,24.098591549295776,10.0,0.0,10.0,10.0,0.0,0.0,0.6217395298078027,0.8702355682010382,0.752112676056338,18.211267605633804,7.52112676056338,7.52112676056338,4.338028169014085,2.352112676056338,2.352112676056338,1.1690140845070423,0.1267605633802817,0.1267605633802817,0.38028169014084506,0.0,0.0
E10a,van,24-32,dense,missing,1,0.6890997886657715,0.6890997886657715,30.0,10.0,0.0,10.0,4.0,0.0,0.6,0.520103931427002,0.6039848923683167,1.0,21.0,10.0,4.0,8.0,0.0,0.0,1.0,0.0,0.0,0.0,0.0,0.0
E10a,van,24-32,dense,present,6,0.8530511359373728,0.8491427799065908,39.5,10.0,0.0,10.0,8.5,0.0,0.15,0.5193109313646952,0.8376838068167368,0.8845117845117846,30.166666666666668,8.833333333333334,7.333333333333333,7.333333333333333,1.1666666666666667,1.1666666666666667,1.8333333333333333,0.0,0.0,0.16666666666666666,0.0,0.0
E10a,van,24-32,middle,missing,12,0.7096175849437714,0.6983150293429693,39.083333333333336,10.0,0.0,10.0,9.75,0.0,0.024999999999999998,0.36162930727005,0.6974901755650839,0.8226190476190477,29.916666666666668,8.25,8.083333333333334,6.75,1.5833333333333333,1.5,2.0,0.16666666666666666,0.16666666666666666,0.4166666666666667,0.0,0.0
E10a,van,24-32,middle,present,165,0.882768253846602,0.8709252967978969,41.86060606060606,10.0,0.0,10.0,9.987878787878788,0.0,0.0012121212121212121,0.5649911758574573,0.8649956052953547,0.7199938781756964,31.406060606060606,7.193939393939394,7.1878787878787875,8.054545454545455,2.684848484848485,2.672727272727273,1.896969696969697,0.12121212121212122,0.12727272727272726,0.503030303030303,0.0,0.0
E10a,van,24-32,sparse,missing,6,0.6961785852909088,0.6664165258407593,54.5,10.0,0.0,10.0,10.0,0.0,0.0,0.27867698421080905,0.6914479037125906,0.5666666666666667,39.5,5.666666666666667,5.666666666666667,11.0,3.6666666666666665,3.6666666666666665,3.5,0.6666666666666666,0.6666666666666666,0.5,0.0,0.0
E10a,van,24-32,sparse,present,131,0.8981965889457528,0.8851577098133,45.83969465648855,10.0,0.0,10.0,10.0,0.0,0.0,0.6588202567045925,0.8742514407361737,0.5297709923664122,34.31297709923664,5.297709923664122,5.297709923664122,8.931297709923664,4.366412213740458,4.366412213740458,2.0076335877862594,0.33587786259541985,0.33587786259541985,0.5877862595419847,0.0,0.0
E10a,van,8-16,dense,missing,34,0.6221166069016737,0.6086784101584378,6.676470588235294,6.411764705882353,0.0,6.382352941176471,4.411764705882353,0.029411764705882353,0.29660364145658263,0.33284466645934363,0.6017852145614047,0.7269119769119768,5.117647058823529,4.882352941176471,3.235294117647059,1.088235294117647,1.0294117647058822,0.8823529411764706,0.4117647058823529,0.4117647058823529,0.2647058823529412,0.058823529411764705,0.058823529411764705,0.029411764705882353
E10a,van,8-16,dense,present,16,0.8079034611582756,0.793196327984333,7.625,7.5625,0.0,7.4375,6.25,0.0,0.16421130952380952,0.3997336560860276,0.805467676371336,0.7465773809523809,5.75,5.5625,4.6875,1.5,1.5,1.1875,0.375,0.375,0.375,0.0,0.0,0.0
E10a,van,8-16,middle,missing,56,0.6562357475715024,0.6456221523029464,8.982142857142858,7.642857142857143,0.0,7.607142857142857,7.285714285714286,0.0,0.03767006802721089,0.33313972263463904,0.6434428931346962,0.7653840702947845,6.785714285714286,5.839285714285714,5.625,1.7678571428571428,1.5178571428571428,1.4107142857142858,0.35714285714285715,0.21428571428571427,0.21428571428571427,0.07142857142857142,0.03571428571428571,0.03571428571428571
E10a,van,8-16,middle,present,110,0.8478359466249292,0.8433786240491,10.181818181818182,8.136363636363637,0.0,8.1,8.00909090909091,0.0,0.011168831168831167,0.4935049982233481,0.841766835342754,0.7811537452446544,7.718181818181818,6.372727272727273,6.3090909090909095,1.8818181818181818,1.4090909090909092,1.3909090909090909,0.45454545454545453,0.2636363636363636,0.2545454545454545,0.12727272727272726,0.05454545454545454,0.05454545454545454
E10a,van,8-16,sparse,missing,12,0.6552577167749405,0.6511975477139155,11.416666666666666,7.5,0.0,7.5,7.5,0.0,0.0,0.37741599169870216,0.6448004196087519,0.766468253968254,8.583333333333334,5.916666666666667,5.916666666666667,2.1666666666666665,1.3333333333333333,1.3333333333333333,0.4166666666666667,0.16666666666666666,0.16666666666666666,0.25,0.08333333333333333,0.08333333333333333
E10a,van,8-16,sparse,present,34,0.8471280003295225,0.8428861586486592,13.911764705882353,9.117647058823529,0.0,9.117647058823529,9.117647058823529,0.0,0.0,0.551717551315532,0.8291065605247722,0.7694677871148459,10.588235294117647,7.0,7.0,2.5,1.8235294117647058,1.8235294117647058,0.5882352941176471,0.23529411764705882,0.23529411764705882,0.23529411764705882,0.058823529411764705,0.058823529411764705
E16a,awning-tricycle,0-8,dense,missing,1,0.4877678453922272,0.4877678453922272,2.0,2.0,0.0,2.0,2.0,0.0,0.0,0.3880743384361267,0.4714322388172149,1.0,2.0,2.0,2.0,0.0,0.0,0.0,0.0,0.0,0.0,0.0,0.0,0.0
E16a,awning-tricycle,0-8,dense,present,1,0.7595857977867126,0.7595857977867126,2.0,2.0,0.0,2.0,2.0,0.0,0.0,0.5882689952850342,0.7556192278862,1.0,2.0,2.0,2.0,0.0,0.0,0.0,0.0,0.0,0.0,0.0,0.0,0.0
E16a,awning-tricycle,0-8,middle,missing,8,0.6165089197456837,0.6139021627604961,3.625,3.625,0.0,3.625,3.25,0.0,0.05357142857142856,0.3781069237738848,0.5955458581447601,0.7666666666666666,2.875,2.875,2.625,0.625,0.625,0.5,0.125,0.125,0.125,0.0,0.0,0.0
E16a,awning-tricycle,0-8,middle,present,4,0.802929550409317,0.7937479317188263,4.5,4.5,0.0,4.5,4.5,0.0,0.0,0.47973569482564926,0.800005629658699,0.8041666666666667,3.5,3.5,3.5,1.0,1.0,1.0,0.0,0.0,0.0,0.0,0.0,0.0
E16a,awning-tricycle,16-24,dense,missing,3,0.699898362159729,0.619551956653595,30.0,10.0,0.0,10.0,10.333333333333334,0.0,-0.03333333333333333,0.2569941406448682,0.6935370961825053,0.4909090909090909,23.333333333333332,4.666666666666667,5.0,4.666666666666667,4.0,4.0,1.3333333333333333,1.3333333333333333,1.3333333333333333,0.6666666666666666,0.0,0.0
E16a,awning-tricycle,16-24,dense,present,6,0.8681957225004832,0.8277991612752279,21.5,10.0,0.0,10.0,9.5,0.0,0.05000000000000001,0.5393228034178416,0.8462629715601603,0.5499999999999999,15.833333333333334,5.666666666666667,5.166666666666667,4.166666666666667,3.5,3.5,1.1666666666666667,0.8333333333333334,0.8333333333333334,0.3333333333333333,0.0,0.0
E16a,awning-tricycle,16-24,middle,missing,23,0.6238299504570339,0.5791436161683954,22.08695652173913,10.0,0.0,10.0,9.869565217391305,0.0,0.013043478260869568,0.22852138527061625,0.6102894415026126,0.702415458937198,16.347826086956523,7.0,6.956521739130435,4.434782608695652,2.391304347826087,2.347826086956522,1.0,0.6086956521739131,0.5652173913043478,0.30434782608695654,0.0,0.0
E16a,awning-tricycle,16-24,middle,present,34,0.8425917625427246,0.8151764045743382,24.058823529411764,9.852941176470589,0.0,9.852941176470589,9.794117647058824,0.0,0.0058823529411764705,0.4026146301013582,0.8351505574058083,0.6543067226890756,18.029411764705884,6.470588235294118,6.411764705882353,4.5,2.823529411764706,2.823529411764706,1.3235294117647058,0.5294117647058824,0.5294117647058824,0.20588235294117646,0.029411764705882353,0.029411764705882353
E16a,awning-tricycle,16-24,sparse,present,32,0.8743857555091381,0.8515733629465103,32.84375,10.0,0.0,10.0,10.0,0.0,0.0,0.5521141975186765,0.8605218343436718,0.603125,24.4375,6.03125,6.03125,6.40625,3.625,3.625,1.71875,0.34375,0.34375,0.28125,0.0,0.0
E16a,awning-tricycle,24-32,dense,missing,2,0.6157825589179993,0.6108591556549072,18.5,10.0,0.0,10.0,6.0,0.0,0.4,0.19434496760368344,0.5974293053150177,0.41428571428571426,14.0,6.0,2.5,3.5,3.5,3.0,1.0,0.5,0.5,0.0,0.0,0.0
E16a,awning-tricycle,24-32,dense,present,4,0.8751452565193176,0.6292437985539436,43.75,10.0,0.0,10.0,9.75,0.0,0.025,0.4957180544734001,0.8666940033435822,0.26666666666666666,32.75,2.75,2.5,8.25,5.75,5.75,2.0,1.25,1.25,0.75,0.25,0.25
E16a,awning-tricycle,24-32,middle,missing,26,0.6623602245862668,0.6324648536168612,39.65384615384615,10.0,0.0,10.0,8.923076923076923,0.0,0.10769230769230768,0.25798139377282214,0.6554156461587319,0.5957264957264957,29.53846153846154,5.8076923076923075,5.423076923076923,7.884615384615385,3.3846153846153846,2.8461538461538463,1.8461538461538463,0.7692307692307693,0.6153846153846154,0.38461538461538464,0.038461538461538464,0.038461538461538464
E16a,awning-tricycle,24-32,middle,present,23,0.861003041267395,0.7969892076824022,41.43478260869565,10.0,0.0,10.0,9.826086956521738,0.0,0.017391304347826087,0.4410644815019939,0.8533317861349686,0.5126984126984128,30.782608695652176,5.130434782608695,5.0,8.304347826086957,4.130434782608695,4.086956521739131,1.7826086956521738,0.7391304347826086,0.7391304347826086,0.5652173913043478,0.0,0.0
E16a,awning-tricycle,24-32,sparse,missing,4,0.6995228677988052,0.6032370999455452,43.25,10.0,0.0,10.0,10.0,0.0,0.0,0.21627302281558514,0.6929061263799667,0.325,33.5,3.25,3.25,6.75,4.75,4.75,2.5,1.75,1.75,0.5,0.25,0.25
E16a,awning-tricycle,24-32,sparse,present,59,0.8777800707493798,0.8248837665986206,49.016949152542374,10.0,0.0,10.0,10.0,0.0,0.0,0.5137823057376733,0.8614263433521077,0.376271186440678,37.33898305084746,3.76271186440678,3.76271186440678,8.813559322033898,5.203389830508475,5.203389830508475,2.23728813559322,1.0338983050847457,1.0338983050847457,0.6271186440677966,0.0,0.0
E16a,awning-tricycle,8-16,dense,missing,7,0.6268543004989624,0.6218590566090175,7.428571428571429,6.142857142857143,0.0,6.142857142857143,5.142857142857143,0.0,0.1285714285714286,0.3305780738592148,0.5971127322741917,0.7129251700680272,5.428571428571429,4.428571428571429,3.7142857142857144,1.4285714285714286,1.4285714285714286,1.1428571428571428,0.42857142857142855,0.2857142857142857,0.2857142857142857,0.14285714285714285,0.0,0.0
E16a,awning-tricycle,8-16,dense,present,7,0.8335781863757542,0.8247276289122445,11.142857142857142,9.142857142857142,0.0,9.142857142857142,8.714285714285714,0.0,0.044444444444444446,0.5290363473551614,0.8182533042771476,0.7242063492063492,7.857142857142857,6.714285714285714,6.285714285714286,2.7142857142857144,2.142857142857143,2.142857142857143,0.2857142857142857,0.2857142857142857,0.2857142857142857,0.2857142857142857,0.0,0.0
E16a,awning-tricycle,8-16,middle,missing,25,0.6774678826332092,0.6686818647384644,9.16,8.0,0.0,8.0,7.6,0.0,0.04,0.30678719609975813,0.6654463946819306,0.7299047619047618,6.72,5.88,5.52,1.88,1.64,1.6,0.4,0.32,0.32,0.16,0.16,0.16
E16a,awning-tricycle,8-16,middle,present,24,0.8189012929797173,0.8137190093596777,14.75,9.0,0.0,8.958333333333334,8.916666666666666,0.0,0.004166666666666667,0.4312153508265813,0.8144175385435423,0.7836640211640211,11.541666666666666,7.041666666666667,7.041666666666667,2.7083333333333335,1.75,1.7083333333333333,0.375,0.16666666666666666,0.16666666666666666,0.125,0.0,0.0
E16a,awning-tricycle,8-16,sparse,present,12,0.8264515747626623,0.7884001632531484,10.666666666666666,8.5,0.0,8.5,8.5,0.0,0.0,0.469484123090903,0.8104348182678223,0.7706349206349206,8.166666666666666,6.583333333333333,6.583333333333333,2.0833333333333335,1.8333333333333333,1.8333333333333333,0.4166666666666667,0.08333333333333333,0.08333333333333333,0.0,0.0,0.0
E16a,bicycle,0-8,dense,missing,39,0.536721924940745,0.5237486010942703,2.3333333333333335,2.3333333333333335,0.05128205128205128,2.3333333333333335,1.205128205128205,0.3076923076923077,0.48101673101673104,0.413945831234472,0.5426210712919581,0.8611111111111112,1.9487179487179487,1.9487179487179487,1.0256410256410255,0.28205128205128205,0.28205128205128205,0.15384615384615385,0.02564102564102564,0.02564102564102564,0.0,0.07692307692307693,0.07692307692307693,0.02564102564102564
E16a,bicycle,0-8,dense,present,3,0.7979470491409302,0.7979470491409302,3.6666666666666665,3.6666666666666665,0.0,3.6666666666666665,3.0,0.0,0.16666666666666666,0.4372058908144633,0.7964999477068583,0.7666666666666666,2.6666666666666665,2.6666666666666665,2.3333333333333335,0.6666666666666666,0.6666666666666666,0.6666666666666666,0.0,0.0,0.0,0.3333333333333333,0.3333333333333333,0.0
E16a,bicycle,0-8,middle,missing,4,0.5539339408278465,0.5531764104962349,3.5,3.5,0.0,3.25,3.25,0.0,0.0,0.25984065793454647,0.42870585434138775,0.9375,3.25,3.0,3.0,0.0,0.0,0.0,0.25,0.25,0.25,0.0,0.0,0.0
E16a,bicycle,0-8,sparse,missing,3,0.6186288595199585,0.6186288595199585,4.0,4.0,0.0,4.0,4.0,0.0,0.0,0.4082002441088359,0.6078469157218933,0.7999999999999999,3.0,3.0,3.0,0.6666666666666666,0.6666666666666666,0.6666666666666666,0.3333333333333333,0.3333333333333333,0.3333333333333333,0.0,0.0,0.0
E16a,bicycle,16-24,dense,missing,47,0.6294222936985341,0.6129695018555256,16.893617021276597,9.872340425531915,0.0,9.829787234042554,6.638297872340425,0.0,0.32907801418439714,0.26269977523925453,0.6040048618265923,0.6937774400540357,12.97872340425532,7.340425531914893,4.723404255319149,2.978723404255319,2.0425531914893615,1.5319148936170213,0.7659574468085106,0.425531914893617,0.3617021276595745,0.1702127659574468,0.02127659574468085,0.02127659574468085
E16a,bicycle,16-24,dense,present,52,0.82727888914255,0.8166966529992911,19.442307692307693,9.923076923076923,0.0,9.923076923076923,8.538461538461538,0.0,0.13846153846153847,0.3885910866352228,0.8221171842171595,0.6773351648351648,14.5,6.884615384615385,5.8076923076923075,3.8653846153846154,2.5,2.230769230769231,0.8461538461538461,0.5192307692307693,0.4807692307692308,0.23076923076923078,0.019230769230769232,0.019230769230769232
E16a,bicycle,16-24,middle,missing,82,0.6636984373738126,0.654307962554257,20.426829268292682,9.963414634146341,0.0,9.963414634146341,9.573170731707316,0.0,0.03902439024390244,0.26470170065578885,0.6522147735444511,0.7697590011614401,15.365853658536585,7.7073170731707314,7.378048780487805,3.8292682926829267,1.8658536585365855,1.8170731707317074,0.9390243902439024,0.3170731707317073,0.3048780487804878,0.2926829268292683,0.07317073170731707,0.07317073170731707
E16a,bicycle,16-24,middle,present,131,0.8393982366751168,0.8246777717393773,20.862595419847327,9.916030534351146,0.0,9.908396946564885,9.740458015267176,0.0,0.017260390161153518,0.41921664501419503,0.831521743126498,0.7288046770871198,15.702290076335878,7.251908396946565,7.122137404580153,3.885496183206107,2.1526717557251906,2.114503816793893,0.9770992366412213,0.42748091603053434,0.42748091603053434,0.29770992366412213,0.07633587786259542,0.07633587786259542
E16a,bicycle,16-24,sparse,missing,19,0.669860596719541,0.669860596719541,18.31578947368421,10.0,0.0,10.0,10.0,0.0,0.0,0.3114810093845191,0.6496905511931369,0.7894736842105263,13.842105263157896,7.894736842105263,7.894736842105263,3.3157894736842106,1.8421052631578947,1.8421052631578947,0.8947368421052632,0.15789473684210525,0.15789473684210525,0.2631578947368421,0.10526315789473684,0.10526315789473684
E16a,bicycle,16-24,sparse,present,61,0.8500539015551083,0.8462207073070964,23.557377049180328,10.0,0.0,10.0,10.0,0.0,0.0,0.46262950144830295,0.840082477350704,0.8114754098360656,17.59016393442623,8.114754098360656,8.114754098360656,4.459016393442623,1.7868852459016393,1.7868852459016393,1.1147540983606556,0.09836065573770492,0.09836065573770492,0.39344262295081966,0.0,0.0
E16a,bicycle,24-32,dense,missing,11,0.6491620323874734,0.6275627938183871,35.54545454545455,10.0,0.0,10.0,6.545454545454546,0.0,0.34545454545454546,0.3727466816251928,0.6083124605092135,0.6714646464646464,26.636363636363637,5.909090909090909,4.0,7.181818181818182,3.5454545454545454,2.272727272727273,1.3636363636363635,0.5454545454545454,0.2727272727272727,0.36363636363636365,0.0,0.0
E16a,bicycle,24-32,dense,present,28,0.8585348342146192,0.8318174949714116,30.428571428571427,10.0,0.0,10.0,9.321428571428571,0.0,0.06785714285714285,0.48416472492473467,0.8487162526164737,0.581825912183055,23.035714285714285,5.714285714285714,5.321428571428571,5.892857142857143,3.6785714285714284,3.4285714285714284,1.25,0.6071428571428571,0.5714285714285714,0.25,0.0,0.0
E16a,bicycle,24-32,middle,missing,38,0.6805068034874765,0.6621656598229158,38.23684210526316,10.0,0.0,10.0,9.68421052631579,0.0,0.031578947368421054,0.3374762721359729,0.657542251442608,0.6969193817878029,28.86842105263158,6.947368421052632,6.7368421052631575,6.868421052631579,2.6052631578947367,2.5,2.0,0.42105263157894735,0.42105263157894735,0.5,0.02631578947368421,0.02631578947368421
E16a,bicycle,24-32,middle,present,110,0.8555417949503118,0.8463082367723639,36.53636363636364,10.0,0.0,10.0,9.863636363636363,0.0,0.013636363636363636,0.4944977557117289,0.8387870810248635,0.6692496392496392,27.71818181818182,6.7,6.609090909090909,6.609090909090909,2.9454545454545453,2.9,1.809090909090909,0.35454545454545455,0.35454545454545455,0.4,0.0,0.0
E16a,bicycle,24-32,sparse,missing,11,0.6451470147479664,0.6395136145028201,35.63636363636363,10.0,0.0,10.0,10.0,0.0,0.0,0.31243527341972693,0.6226275021379645,0.7090909090909091,26.818181818181817,7.090909090909091,7.090909090909091,6.818181818181818,2.5454545454545454,2.5454545454545454,1.6363636363636365,0.36363636363636365,0.36363636363636365,0.36363636363636365,0.0,0.0
E16a,bicycle,24-32,sparse,present,67,0.8652023157077049,0.8486527960691879,41.656716417910445,10.0,0.0,10.0,10.0,0.0,0.0,0.5196598038744571,0.8441424298642287,0.6597014925373135,30.955223880597014,6.597014925373134,6.597014925373134,8.014925373134329,3.208955223880597,3.208955223880597,2.1492537313432836,0.1791044776119403,0.1791044776119403,0.5373134328358209,0.014925373134328358,0.014925373134328358
E16a,bicycle,8-16,dense,missing,98,0.6026507226788268,0.594786210935943,6.346938775510204,6.112244897959184,0.0,6.061224489795919,3.704081632653061,0.061224489795918366,0.40308956916099775,0.33989119221982744,0.5822339527632879,0.7019711870255348,4.714285714285714,4.520408163265306,2.6530612244897958,1.2551020408163265,1.183673469387755,0.8367346938775511,0.3163265306122449,0.29591836734693877,0.20408163265306123,0.061224489795918366,0.061224489795918366,0.01020408163265306
E16a,bicycle,8-16,dense,present,73,0.8302578942416465,0.8202872545751807,8.054794520547945,7.2465753424657535,0.0,7.2465753424657535,5.465753424657534,0.0,0.2382637529897804,0.4644995678777564,0.8204099307321522,0.7375135899108501,6.260273972602739,5.5479452054794525,4.0,1.3835616438356164,1.2876712328767124,1.095890410958904,0.3561643835616438,0.3561643835616438,0.3287671232876712,0.0547945205479452,0.0547945205479452,0.0410958904109589
E16a,bicycle,8-16,middle,missing,91,0.618716238291709,0.6145264909162627,8.131868131868131,7.593406593406593,0.0,7.43956043956044,6.186813186813187,0.0,0.16305163090877375,0.2803617005164806,0.5924882361522088,0.7468123146694575,6.175824175824176,5.6923076923076925,4.615384615384615,1.4395604395604396,1.3076923076923077,1.1868131868131868,0.42857142857142855,0.37362637362637363,0.32967032967032966,0.08791208791208792,0.06593406593406594,0.054945054945054944
E16a,bicycle,8-16,middle,present,54,0.8292522518723099,0.8128049826180493,10.88888888888889,8.592592592592593,0.0,8.518518518518519,7.574074074074074,0.0,0.10349794238683127,0.4235480590550988,0.8194381462203132,0.7044312169312169,8.11111111111111,6.166666666666667,5.314814814814815,2.0925925925925926,1.7407407407407407,1.6666666666666667,0.5185185185185185,0.46296296296296297,0.4444444444444444,0.16666666666666666,0.14814814814814814,0.14814814814814814
E16a,bicycle,8-16,sparse,missing,21,0.6434079224155063,0.641668377887635,8.80952380952381,7.904761904761905,0.0,7.904761904761905,7.904761904761905,0.0,0.0,0.30264957249164576,0.6361225204808372,0.7776643990929706,6.571428571428571,6.0,6.0,1.5714285714285714,1.3333333333333333,1.3333333333333333,0.6190476190476191,0.5714285714285714,0.5714285714285714,0.047619047619047616,0.0,0.0
E16a,bicycle,8-16,sparse,present,10,0.8550989866256714,0.8522871673107147,10.4,8.5,0.0,8.5,8.5,0.0,0.0,0.4960852384567261,0.852505898475647,0.7833333333333333,7.7,6.5,6.5,2.4,1.8,1.8,0.3,0.2,0.2,0.0,0.0,0.0
E16a,bus,0-8,dense,missing,1,0.7200511693954468,0.6006568074226379,3.0,3.0,0.0,3.0,3.0,0.0,0.0,0.3615459203720093,0.7181059122085571,0.6666666666666666,2.0,2.0,2.0,1.0,1.0,1.0,0.0,0.0,0.0,0.0,0.0,0.0
E16a,bus,0-8,dense,present,1,0.7690880298614502,0.7690880298614502,3.0,3.0,0.0,3.0,3.0,0.0,0.0,0.2933548390865326,0.7675178050994873,0.6666666666666666,2.0,2.0,2.0,1.0,1.0,1.0,0.0,0.0,0.0,0.0,0.0,0.0
E16a,bus,0-8,middle,missing,4,0.6477103233337402,0.6466351896524429,3.75,3.75,0.0,3.25,3.25,0.0,0.0,0.3486022464931011,0.643170565366745,0.7291666666666666,2.75,2.5,2.5,1.0,0.75,0.75,0.0,0.0,0.0,0.0,0.0,0.0
E16a,bus,0-8,middle,present,3,0.7911930282910665,0.741020143032074,4.0,4.0,0.0,4.0,4.0,0.0,0.0,0.4384257992108663,0.7880044182141622,0.5555555555555555,2.3333333333333335,2.3333333333333335,2.3333333333333335,0.6666666666666666,0.6666666666666666,0.6666666666666666,1.0,1.0,1.0,0.0,0.0,0.0
E16a,bus,16-24,dense,missing,1,0.6525943875312805,0.6525943875312805,23.0,10.0,0.0,10.0,10.0,0.0,0.0,0.206479787826538,0.6503793597221375,0.7,18.0,7.0,7.0,4.0,2.0,2.0,1.0,1.0,1.0,0.0,0.0,0.0
E16a,bus,16-24,middle,missing,9,0.622217208147049,0.5627960364023844,18.77777777777778,10.0,0.0,10.0,9.88888888888889,0.0,0.011111111111111112,0.15159308951761985,0.6102624734242758,0.674074074074074,14.0,6.777777777777778,6.666666666666667,3.5555555555555554,2.2222222222222223,2.2222222222222223,0.8888888888888888,0.8888888888888888,0.8888888888888888,0.3333333333333333,0.1111111111111111,0.1111111111111111
E16a,bus,16-24,middle,present,21,0.8675298265048436,0.8547968637375605,23.38095238095238,10.0,0.0,10.0,10.0,0.0,0.0,0.49583035991305396,0.8554799074218387,0.7095238095238096,17.952380952380953,7.095238095238095,7.095238095238095,4.285714285714286,2.619047619047619,2.619047619047619,0.9523809523809523,0.2857142857142857,0.2857142857142857,0.19047619047619047,0.0,0.0
E16a,bus,16-24,sparse,missing,3,0.6245321830113729,0.6245321830113729,37.666666666666664,10.0,0.0,10.0,10.0,0.0,0.0,0.2709508289893468,0.609703004360199,0.7000000000000001,29.0,7.0,7.0,6.0,2.3333333333333335,2.3333333333333335,2.6666666666666665,0.6666666666666666,0.6666666666666666,0.0,0.0,0.0
E16a,bus,16-24,sparse,present,11,0.9056923931295221,0.889369704506614,34.81818181818182,10.0,0.0,10.0,10.0,0.0,0.0,0.600850372151895,0.8922780372879722,0.6181818181818182,26.272727272727273,6.181818181818182,6.181818181818182,7.0,3.4545454545454546,3.4545454545454546,1.4545454545454546,0.36363636363636365,0.36363636363636365,0.09090909090909091,0.0,0.0
E16a,bus,24-32,middle,missing,3,0.6617657939592997,0.5356398324171702,40.0,10.0,0.0,10.0,10.0,0.0,0.0,0.2584858400126298,0.6537959178288778,0.6333333333333333,33.333333333333336,6.333333333333333,6.333333333333333,4.666666666666667,3.0,3.0,2.0,0.6666666666666666,0.6666666666666666,0.0,0.0,0.0
E16a,bus,24-32,middle,present,20,0.910607385635376,0.9068096846342086,37.65,10.0,0.0,10.0,10.0,0.0,0.0,0.6164928525686264,0.9028052717447281,0.635,28.5,6.35,6.35,7.3,3.5,3.5,1.55,0.15,0.15,0.3,0.0,0.0
E16a,bus,24-32,sparse,missing,2,0.6870425641536713,0.4994768053293228,65.0,10.0,0.0,10.0,10.0,0.0,0.0,0.18547083437442774,0.6826185286045074,0.45,48.0,4.5,4.5,13.0,4.0,4.0,3.0,1.5,1.5,1.0,0.0,0.0
E16a,bus,24-32,sparse,present,9,0.904745876789093,0.854542420970069,53.77777777777778,10.0,0.0,10.0,10.0,0.0,0.0,0.6301052338547177,0.8758908642662896,0.30000000000000004,40.0,3.0,3.0,11.0,5.333333333333333,5.333333333333333,2.111111111111111,1.6666666666666667,1.6666666666666667,0.6666666666666666,0.0,0.0
E16a,bus,8-16,dense,missing,1,0.4751425981521606,0.4602741003036499,13.0,10.0,0.0,10.0,9.0,0.0,0.1,0.1225285306572914,0.4718677401542663,0.8888888888888888,12.0,9.0,8.0,1.0,1.0,1.0,0.0,0.0,0.0,0.0,0.0,0.0
E16a,bus,8-16,dense,present,1,0.8278262615203857,0.8278262615203857,8.0,8.0,0.0,7.0,7.0,0.0,0.0,0.2334820032119751,0.8273868560791016,0.8571428571428571,6.0,6.0,6.0,1.0,1.0,1.0,1.0,0.0,0.0,0.0,0.0,0.0
E16a,bus,8-16,middle,missing,17,0.572774185853846,0.5536299137508168,7.647058823529412,7.529411764705882,0.0,7.294117647058823,7.235294117647059,0.0,0.008403361344537811,0.17590765260598237,0.5568357951500836,0.7464985994397759,5.882352941176471,5.529411764705882,5.529411764705882,1.411764705882353,1.411764705882353,1.3529411764705883,0.35294117647058826,0.35294117647058826,0.35294117647058826,0.0,0.0,0.0
E16a,bus,8-16,middle,present,6,0.8072180648644766,0.8072180648644766,8.166666666666666,7.833333333333333,0.0,7.833333333333333,7.833333333333333,0.0,0.0,0.43373200049002963,0.8051178554693857,0.7428571428571429,6.333333333333333,6.0,6.0,1.0,1.0,1.0,0.6666666666666666,0.6666666666666666,0.6666666666666666,0.16666666666666666,0.16666666666666666,0.16666666666666666
E16a,bus,8-16,sparse,missing,1,0.6734110713005066,0.5993026494979858,7.0,7.0,0.0,6.0,6.0,0.0,0.0,0.2724392116069793,0.6722836494445801,0.8333333333333334,6.0,5.0,5.0,1.0,1.0,1.0,0.0,0.0,0.0,0.0,0.0,0.0
E16a,bus,8-16,sparse,present,2,0.9462213218212128,0.8136784434318542,22.5,10.0,0.0,10.0,10.0,0.0,0.0,0.4143049120903015,0.9332090616226196,0.75,18.0,7.5,7.5,4.0,2.5,2.5,0.5,0.0,0.0,0.0,0.0,0.0
E16a,car,0-8,dense,missing,272,0.5381054986706552,0.5284153539139558,2.161764705882353,2.161764705882353,0.04411764705882353,2.136029411764706,1.7830882352941178,0.10661764705882353,0.1498299319727891,0.37938709207523014,0.5184648476633025,0.7762002743484225,1.6029411764705883,1.5845588235294117,1.338235294117647,0.4411764705882353,0.4375,0.35294117647058826,0.09191176470588236,0.08823529411764706,0.06985294117647059,0.025735294117647058,0.025735294117647058,0.022058823529411766
E16a,car,0-8,dense,present,39,0.8102019383357122,0.7808640889632397,2.7435897435897436,2.7435897435897436,0.0,2.6153846153846154,2.5128205128205128,0.0,0.02820512820512821,0.5231272154129468,0.8050409158070883,0.802991452991453,2.128205128205128,2.051282051282051,1.9487179487179487,0.48717948717948717,0.4358974358974359,0.4358974358974359,0.1282051282051282,0.1282051282051282,0.1282051282051282,0.0,0.0,0.0
E16a,car,0-8,middle,missing,228,0.6233394338765688,0.6138406644918417,2.745614035087719,2.745614035087719,0.013157894736842105,2.7149122807017543,2.7017543859649122,0.017543859649122806,0.003348214285714285,0.4255918949410053,0.6055966630644564,0.7421556122448979,2.026315789473684,1.9956140350877194,1.986842105263158,0.543859649122807,0.543859649122807,0.543859649122807,0.15350877192982457,0.15350877192982457,0.14912280701754385,0.021929824561403508,0.021929824561403508,0.021929824561403508
E16a,car,0-8,middle,present,151,0.8126186400849298,0.8061773283592123,3.4172185430463577,3.4172185430463577,0.006622516556291391,3.3973509933774833,3.390728476821192,0.006622516556291391,0.0033333333333333335,0.5607828611135482,0.8068714302778244,0.7521269841269842,2.5695364238410594,2.5496688741721854,2.5496688741721854,0.6821192052980133,0.6821192052980133,0.6754966887417219,0.13245033112582782,0.13245033112582782,0.13245033112582782,0.033112582781456956,0.033112582781456956,0.033112582781456956
E16a,car,0-8,sparse,missing,21,0.5167186849174046,0.5087712925104868,2.142857142857143,2.142857142857143,0.09523809523809523,2.0476190476190474,2.0476190476190474,0.09523809523809523,0.0,0.3908781489651454,0.5140116655904996,0.6956140350877194,1.4285714285714286,1.380952380952381,1.380952380952381,0.5714285714285714,0.5714285714285714,0.5714285714285714,0.09523809523809523,0.09523809523809523,0.09523809523809523,0.047619047619047616,0.0,0.0
E16a,car,0-8,sparse,present,13,0.8271647783426138,0.8198415637016296,4.6923076923076925,4.6923076923076925,0.0,4.6923076923076925,4.6923076923076925,0.0,0.0,0.5283073909007586,0.8209542036056519,0.7772893772893773,3.769230769230769,3.769230769230769,3.769230769230769,0.8461538461538461,0.8461538461538461,0.8461538461538461,0.07692307692307693,0.07692307692307693,0.07692307692307693,0.0,0.0,0.0
E16a,car,16-24,dense,missing,28,0.6721257375819343,0.653138025530747,17.928571428571427,10.0,0.0,10.0,7.214285714285714,0.0,0.2785714285714286,0.34654527423637255,0.6494317182472774,0.7670634920634921,13.571428571428571,7.785714285714286,5.571428571428571,3.5357142857142856,1.8928571428571428,1.3928571428571428,0.5714285714285714,0.25,0.17857142857142858,0.25,0.07142857142857142,0.07142857142857142
E16a,car,16-24,dense,present,65,0.8445192061937772,0.8346405872931847,19.76923076923077,10.0,0.0,10.0,8.63076923076923,0.0,0.13692307692307693,0.4608010159089015,0.842123660674462,0.7937057387057387,15.092307692307692,7.984615384615385,6.923076923076923,3.476923076923077,1.6615384615384616,1.4,0.9692307692307692,0.35384615384615387,0.3076923076923077,0.23076923076923078,0.0,0.0
E16a,car,16-24,middle,missing,157,0.6717156963363574,0.6623594546393984,18.84713375796178,9.987261146496815,0.0,9.97452229299363,9.433121019108281,0.0,0.054140127388535034,0.31003394919880634,0.6601737766129196,0.7907264179557174,14.121019108280255,7.89171974522293,7.477707006369426,3.5859872611464967,1.7643312101910829,1.6560509554140128,0.8726114649681529,0.24203821656050956,0.2229299363057325,0.267515923566879,0.07643312101910828,0.07643312101910828
E16a,car,16-24,middle,present,1266,0.8737029233155845,0.8661867060461692,20.924960505529224,9.975513428120063,0.0,9.97472353870458,9.898894154818326,0.0,0.0076355976829910474,0.6086515821810771,0.8612344320068992,0.8157908069637927,15.775671406003159,8.135071090047393,8.08214849921011,3.925750394944708,1.7385466034755135,1.7180094786729858,0.9818325434439179,0.09162717219589257,0.08925750394944708,0.24170616113744076,0.009478672985781991,0.009478672985781991
E16a,car,16-24,sparse,missing,36,0.6818485649095641,0.6670724360479249,22.305555555555557,10.0,0.0,10.0,10.0,0.0,0.0,0.30975745866696036,0.6664219829771254,0.7527777777777778,16.75,7.527777777777778,7.527777777777778,4.305555555555555,2.0555555555555554,2.0555555555555554,1.1111111111111112,0.3888888888888889,0.3888888888888889,0.1388888888888889,0.027777777777777776,0.027777777777777776
E16a,car,16-24,sparse,present,585,0.8936383089448652,0.8867396735737466,26.63760683760684,9.994871794871795,0.0,9.994871794871795,9.994871794871795,0.0,0.0,0.7014253507439907,0.8667018382977216,0.7322344322344323,20.054700854700855,7.317948717948718,7.317948717948718,5.015384615384615,2.623931623931624,2.623931623931624,1.2495726495726496,0.05299145299145299,0.05299145299145299,0.31794871794871793,0.0,0.0
E16a,car,24-32,dense,missing,6,0.6541003187497457,0.6151555230220159,38.333333333333336,10.0,0.0,10.0,8.0,0.0,0.19999999999999998,0.2784625714023908,0.6275206903616587,0.691005291005291,28.833333333333332,6.833333333333333,5.833333333333333,7.666666666666667,2.5,1.8333333333333333,1.3333333333333333,0.6666666666666666,0.3333333333333333,0.5,0.0,0.0
E16a,car,24-32,dense,present,60,0.8588000456492106,0.8183363646268844,35.78333333333333,10.0,0.0,10.0,8.766666666666667,0.0,0.12333333333333334,0.48890025267998377,0.8493105888366699,0.7155886243386244,27.433333333333334,7.416666666666667,6.333333333333333,6.566666666666666,2.283333333333333,2.15,1.4,0.3,0.2833333333333333,0.38333333333333336,0.0,0.0
E16a,car,24-32,middle,missing,58,0.686901430631506,0.6750034561444973,35.3448275862069,10.0,0.0,10.0,9.568965517241379,0.0,0.04310344827586207,0.3641112967041032,0.666796692486467,0.8307744937055282,26.413793103448278,8.362068965517242,7.9655172413793105,6.724137931034483,1.5344827586206897,1.5,1.7758620689655173,0.06896551724137931,0.06896551724137931,0.43103448275862066,0.034482758620689655,0.034482758620689655
E16a,car,24-32,middle,present,923,0.8933910701670084,0.885435269041671,38.314192849404115,10.0,0.0,10.0,9.976164680390033,0.0,0.00238353196099675,0.6427033035365112,0.8756469172362,0.7470162075795879,28.737811484290358,7.459371614301192,7.4485373781148425,7.300108342361863,2.466955579631636,2.457204767063922,1.8494041170097508,0.07367280606717226,0.07042253521126761,0.4268689057421452,0.0,0.0
E16a,car,24-32,sparse,missing,36,0.6917268137137095,0.67866560154491,38.0,10.0,0.0,10.0,10.0,0.0,0.0,0.3611204982217815,0.668963783317142,0.7527777777777778,28.694444444444443,7.527777777777778,7.527777777777778,6.972222222222222,2.3333333333333335,2.3333333333333335,1.8333333333333333,0.1388888888888889,0.1388888888888889,0.5,0.0,0.0
E16a,car,24-32,sparse,present,956,0.9099913044329967,0.902944764644531,44.73953974895397,10.0,0.0,10.0,10.0,0.0,0.0,0.7282304605741879,0.8783964892560967,0.5438284518828451,33.55125523012552,5.438284518828452,5.438284518828452,8.448744769874477,4.199790794979079,4.199790794979079,2.1631799163179917,0.3619246861924686,0.3619246861924686,0.5763598326359832,0.0,0.0
E16a,car,8-16,dense,missing,227,0.6307973922086707,0.6174559154699553,6.092511013215859,5.898678414096916,0.004405286343612335,5.8061674008810575,3.8634361233480177,0.013215859030837005,0.3051359039190898,0.34660696474436137,0.6113873102170017,0.7279106434240363,4.493392070484582,4.255506607929515,2.828193832599119,1.2026431718061674,1.1762114537444934,0.7929515418502202,0.29955947136563876,0.28193832599118945,0.1762114537444934,0.09691629955947137,0.09251101321585903,0.06607929515418502
E16a,car,8-16,dense,present,181,0.8252964569718798,0.8131558206858556,7.629834254143646,7.149171270718232,0.0,7.116022099447513,5.558011049723757,0.0,0.2126611418047882,0.44956067739599975,0.8207010774981252,0.7486140011001889,5.723756906077348,5.30939226519337,4.18232044198895,1.4033149171270718,1.3370165745856353,1.0607734806629834,0.4088397790055249,0.3756906077348066,0.2430939226519337,0.09392265193370165,0.09392265193370165,0.0718232044198895
E16a,car,8-16,middle,missing,362,0.6432182412615138,0.6332209102850592,7.759668508287293,7.185082872928176,0.0,7.0497237569060776,6.428176795580111,0.0,0.0772472156450057,0.3102536533974646,0.624059230994783,0.7614421643427167,5.859116022099448,5.3646408839779,4.903314917127072,1.4475138121546962,1.298342541436464,1.1685082872928176,0.36464088397790057,0.31215469613259667,0.2845303867403315,0.08839779005524862,0.07458563535911603,0.0718232044198895
E16a,car,8-16,middle,present,980,0.8468120559137695,0.8380684814282826,9.73469387755102,7.930612244897959,0.0,7.891836734693878,7.66530612244898,0.0,0.026439504373177842,0.5526029889072691,0.8407920566140389,0.762629980563654,7.305102040816327,6.057142857142857,5.9071428571428575,1.8581632653061224,1.470408163265306,1.413265306122449,0.46530612244897956,0.30714285714285716,0.28877551020408165,0.10612244897959183,0.05714285714285714,0.05612244897959184
E16a,car,8-16,sparse,missing,40,0.6642028838396072,0.6563183069229126,9.0,7.65,0.0,7.575,7.575,0.0,0.0,0.36740792840719216,0.64461043253541,0.7585416666666667,6.675,5.775,5.775,1.625,1.3,1.3,0.525,0.375,0.375,0.175,0.125,0.125
E16a,car,8-16,sparse,present,220,0.8610329143025658,0.8536375043067065,13.50909090909091,9.068181818181818,0.0,9.059090909090909,9.059090909090909,0.0,0.0,0.6366762424057181,0.8464553185484626,0.7655591630591632,10.118181818181819,6.995454545454545,6.995454545454545,2.5636363636363635,1.7863636363636364,1.7863636363636364,0.6590909090909091,0.2409090909090909,0.2409090909090909,0.16818181818181818,0.03636363636363636,0.03636363636363636
E16a,motor,0-8,dense,missing,219,0.5868540254493827,0.5776110115252673,2.680365296803653,2.680365296803653,0.0593607305936073,2.6392694063926943,2.0913242009132422,0.1232876712328767,0.20042973286875723,0.41866307420908316,0.5812394794629654,0.7531125992063492,2.0273972602739727,2.0,1.552511415525114,0.5159817351598174,0.5068493150684932,0.4292237442922374,0.1187214611872146,0.1141552511415525,0.0958904109589041,0.0182648401826484,0.0182648401826484,0.0136986301369863
E16a,motor,0-8,dense,present,55,0.8189402688633312,0.7991387345574119,4.054545454545455,4.054545454545455,0.0,4.054545454545455,3.272727272727273,0.0,0.18067821067821066,0.5219931943850084,0.8096045158126137,0.7107142857142857,3.0,3.0,2.3636363636363638,0.7636363636363637,0.7636363636363637,0.6545454545454545,0.23636363636363636,0.23636363636363636,0.21818181818181817,0.05454545454545454,0.05454545454545454,0.03636363636363636
E16a,motor,0-8,middle,missing,42,0.593939904655729,0.5778690150805882,3.1666666666666665,3.1666666666666665,0.047619047619047616,3.1666666666666665,2.8333333333333335,0.047619047619047616,0.0825595238095238,0.377323305979371,0.596251618862152,0.7316666666666667,2.3333333333333335,2.3333333333333335,2.0714285714285716,0.6666666666666666,0.6666666666666666,0.5952380952380952,0.14285714285714285,0.14285714285714285,0.14285714285714285,0.023809523809523808,0.023809523809523808,0.023809523809523808
E16a,motor,0-8,middle,present,10,0.7834415912628174,0.7721380889415741,4.0,4.0,0.0,4.0,4.0,0.0,0.0,0.4030949205160141,0.7784189403057098,0.76,3.0,3.0,3.0,0.8,0.8,0.8,0.1,0.1,0.1,0.1,0.1,0.1
E16a,motor,0-8,sparse,missing,5,0.49669471085071565,0.4938612073659897,5.0,5.0,0.0,5.0,5.0,0.0,0.0,0.29424345344305036,0.4747067779302597,0.8361904761904763,4.2,4.2,4.2,0.0,0.0,0.0,0.6,0.6,0.6,0.2,0.2,0.2
E16a,motor,0-8,sparse,present,4,0.792072132229805,0.792072132229805,4.5,4.5,0.0,4.5,4.5,0.0,0.0,0.5059525072574615,0.7888469398021698,0.8309523809523809,3.75,3.75,3.75,0.75,0.75,0.75,0.0,0.0,0.0,0.0,0.0,0.0
E16a,motor,16-24,dense,missing,64,0.6870933705940843,0.6711782580241561,15.5,9.46875,0.0,9.4375,7.484375,0.0,0.2050595238095238,0.3431760196108371,0.6679599480703473,0.7040364583333333,11.796875,6.78125,5.140625,2.84375,2.1875,1.890625,0.71875,0.421875,0.40625,0.140625,0.046875,0.046875
E16a,motor,16-24,dense,present,265,0.8522575794525866,0.8357453793849585,21.535849056603773,9.867924528301886,0.0,9.867924528301886,9.222641509433963,0.0,0.06698562443845463,0.502901890873909,0.8426456170262031,0.6212608565438754,16.12452830188679,6.2377358490566035,5.690566037735849,4.1056603773584905,2.9471698113207547,2.849056603773585,1.0150943396226415,0.6490566037735849,0.6490566037735849,0.29056603773584905,0.033962264150943396,0.033962264150943396
E16a,motor,16-24,middle,missing,198,0.6594280638176986,0.65085777580136,19.636363636363637,9.883838383838384,0.0,9.868686868686869,9.353535353535353,0.0,0.053220699054032386,0.2972870330053447,0.6403032198096766,0.7419853294853296,14.712121212121213,7.398989898989899,6.98989898989899,3.717171717171717,2.090909090909091,2.01010101010101,0.9747474747474747,0.3484848484848485,0.3282828282828283,0.23232323232323232,0.030303030303030304,0.025252525252525252
E16a,motor,16-24,middle,present,538,0.8505526265911897,0.8372784201540469,23.226765799256505,9.951672862453531,0.0,9.949814126394052,9.849442379182156,0.0,0.010656753407682776,0.5007233198275132,0.835961667689249,0.6967529785373652,17.529739776951672,6.934944237918216,6.856877323420075,4.366171003717472,2.5892193308550184,2.5687732342007434,1.0687732342007434,0.4144981412639405,0.41263940520446096,0.2620817843866171,0.011152416356877323,0.011152416356877323
E16a,motor,16-24,sparse,missing,56,0.6736546722905976,0.655878907335656,20.75,9.857142857142858,0.0,9.857142857142858,9.857142857142858,0.0,0.0,0.3176427552742617,0.655857655618872,0.7688775510204081,15.535714285714286,7.589285714285714,7.589285714285714,4.125,1.9821428571428572,1.9821428571428572,0.9464285714285714,0.2857142857142857,0.2857142857142857,0.14285714285714285,0.0,0.0
E16a,motor,16-24,sparse,present,255,0.8601172496290768,0.8464317352164026,24.580392156862747,9.996078431372549,0.0,9.996078431372549,9.996078431372549,0.0,0.0,0.5413018058328067,0.8445002604933346,0.7198692810457517,18.427450980392155,7.196078431372549,7.196078431372549,4.674509803921569,2.5294117647058822,2.5294117647058822,1.1686274509803922,0.26666666666666666,0.26666666666666666,0.30980392156862746,0.00392156862745098,0.00392156862745098
E16a,motor,24-32,dense,missing,22,0.6867569874633442,0.6520114161751487,31.0,10.0,0.0,10.0,7.590909090909091,0.0,0.2409090909090909,0.34930987249721174,0.6738374504176053,0.6181818181818182,23.681818181818183,5.909090909090909,4.545454545454546,5.590909090909091,3.3181818181818183,2.4545454545454546,1.3181818181818181,0.7272727272727273,0.5909090909090909,0.4090909090909091,0.045454545454545456,0.0
E16a,motor,24-32,dense,present,138,0.8641246548597363,0.8109845186489216,38.94202898550725,10.0,0.0,10.0,9.710144927536232,0.0,0.028985507246376812,0.542475722298242,0.855640943499579,0.4350871954132824,29.10144927536232,4.3768115942028984,4.166666666666667,7.5,4.601449275362318,4.528985507246377,1.8405797101449275,1.0072463768115942,1.0,0.5,0.014492753623188406,0.014492753623188406
E16a,motor,24-32,middle,missing,54,0.675284625755416,0.6634740034739176,38.148148148148145,10.0,0.0,10.0,9.75925925925926,0.0,0.02407407407407407,0.33770481566036187,0.6550506502389908,0.7075396825396825,28.98148148148148,7.037037037037037,6.888888888888889,6.962962962962963,2.5,2.388888888888889,1.7592592592592593,0.4444444444444444,0.4444444444444444,0.4444444444444444,0.018518518518518517,0.037037037037037035
E16a,motor,24-32,middle,present,403,0.8659653094211228,0.83741202218361,40.66997518610422,9.997518610421837,0.0,9.997518610421837,9.945409429280398,0.0,0.005238489109456851,0.5469215079291583,0.8479023089184063,0.5503612874580617,30.39950372208437,5.481389578163772,5.461538461538462,7.833746898263027,3.796526054590571,3.7667493796526053,1.9627791563275434,0.7196029776674938,0.71712158808933,0.4739454094292804,0.0,0.0
E16a,motor,24-32,sparse,missing,27,0.6743524891358835,0.6298687546341507,43.888888888888886,10.0,0.0,10.0,10.0,0.0,0.0,0.35663414746522903,0.6456003376731166,0.6592592592592593,33.148148148148145,6.592592592592593,6.592592592592593,8.148148148148149,3.074074074074074,3.074074074074074,2.0,0.3333333333333333,0.3333333333333333,0.5925925925925926,0.0,0.0
E16a,motor,24-32,sparse,present,245,0.866315681837043,0.8450687851224626,43.55510204081633,10.0,0.0,10.0,10.0,0.0,0.0,0.5688886333485039,0.8479011066105901,0.5910204081632654,32.83265306122449,5.910204081632653,5.910204081632653,8.142857142857142,3.7142857142857144,3.7142857142857144,2.0408163265306123,0.37142857142857144,0.37142857142857144,0.5387755102040817,0.004081632653061225,0.004081632653061225
E16a,motor,8-16,dense,missing,305,0.6474132823162392,0.6394576244666929,7.173770491803278,6.498360655737705,0.006557377049180328,6.449180327868852,4.504918032786885,0.029508196721311476,0.3097922887526848,0.37518923397402504,0.6262121800131895,0.7234488953238953,5.4295081967213115,4.80983606557377,3.232786885245902,1.2950819672131149,1.219672131147541,0.9508196721311475,0.3442622950819672,0.32786885245901637,0.25245901639344265,0.10491803278688525,0.09180327868852459,0.06885245901639345
E16a,motor,8-16,dense,present,384,0.8299775454215705,0.8114547238995632,9.841145833333334,8.088541666666666,0.0,8.075520833333334,6.567708333333333,0.0078125,0.19330357142857144,0.4889207118999927,0.8253449772599488,0.7011342332208474,7.466145833333333,5.924479166666667,4.606770833333333,1.8072916666666667,1.6822916666666667,1.5338541666666667,0.453125,0.3932291666666667,0.3697916666666667,0.11458333333333333,0.07552083333333333,0.057291666666666664
E16a,motor,8-16,middle,missing,288,0.6364213709409038,0.6287854621186852,9.131944444444445,7.756944444444445,0.003472222222222222,7.694444444444445,7.076388888888889,0.003472222222222222,0.08298766661135999,0.29687515341186765,0.6159411112709743,0.733349925335988,6.840277777777778,5.708333333333333,5.194444444444445,1.7673611111111112,1.5625,1.4895833333333333,0.4201388888888889,0.3541666666666667,0.3298611111111111,0.10416666666666667,0.06944444444444445,0.0625
E16a,motor,8-16,middle,present,260,0.829692732829314,0.8182560016329472,12.180769230769231,8.926923076923076,0.0,8.907692307692308,8.415384615384616,0.0,0.05284798534798535,0.4406057264655828,0.8227453901217534,0.7195970695970696,9.26923076923077,6.538461538461538,6.073076923076923,2.223076923076923,1.876923076923077,1.8576923076923078,0.5653846153846154,0.4307692307692308,0.4269230769230769,0.12307692307692308,0.06153846153846154,0.057692307692307696
E16a,motor,8-16,sparse,missing,41,0.6574077250027075,0.6490331561100192,9.365853658536585,7.853658536585366,0.0,7.780487804878049,7.780487804878049,0.0,0.0,0.35226356728774744,0.6462032707726083,0.7481223383662409,7.048780487804878,5.902439024390244,5.902439024390244,1.7317073170731707,1.4634146341463414,1.4634146341463414,0.5121951219512195,0.3902439024390244,0.3902439024390244,0.07317073170731707,0.024390243902439025,0.024390243902439025
E16a,motor,8-16,sparse,present,100,0.8404795551300048,0.8295533657073975,11.59,8.73,0.0,8.73,8.73,0.0,0.0,0.4767083938419819,0.8332012981176377,0.7499126984126984,8.69,6.54,6.54,2.22,1.75,1.75,0.55,0.39,0.39,0.13,0.05,0.05
E16a,pedestrian,0-8,dense,missing,278,0.4770143678237637,0.4636741573218819,2.3741007194244603,2.3741007194244603,0.08633093525179857,2.2697841726618706,1.7338129496402879,0.18345323741007194,0.21207050423917895,0.33517606559872,0.461768640789596,0.748342773232641,1.7661870503597121,1.6942446043165467,1.330935251798561,0.4568345323741007,0.44244604316546765,0.30935251798561153,0.1223021582733813,0.1079136690647482,0.07553956834532374,0.02877697841726619,0.025179856115107913,0.017985611510791366
E16a,pedestrian,0-8,dense,present,16,0.7934286892414093,0.789854671806097,3.3125,3.3125,0.0,3.3125,2.75,0.0,0.11741071428571428,0.5265374705195427,0.7819604054093361,0.78125,2.4375,2.4375,2.1875,0.75,0.75,0.5,0.125,0.125,0.0625,0.0,0.0,0.0
E16a,pedestrian,0-8,middle,missing,243,0.5314553700418139,0.5257714664249263,2.539094650205761,2.539094650205761,0.07818930041152264,2.3786008230452675,2.3497942386831276,0.09876543209876543,0.01340909090909091,0.3333648323229659,0.5093308811945029,0.7044357469015003,1.8395061728395061,1.7407407407407407,1.7119341563786008,0.5267489711934157,0.48559670781893005,0.48559670781893005,0.12757201646090535,0.1111111111111111,0.1111111111111111,0.04526748971193416,0.0411522633744856,0.0411522633744856
E16a,pedestrian,0-8,middle,present,39,0.8115221949724051,0.8019497898908762,3.58974358974359,3.58974358974359,0.0,3.58974358974359,3.5641025641025643,0.0,0.005128205128205128,0.4568445269878094,0.8022064665953318,0.7401098901098901,2.6923076923076925,2.6923076923076925,2.6923076923076925,0.6666666666666666,0.6666666666666666,0.6666666666666666,0.15384615384615385,0.15384615384615385,0.15384615384615385,0.07692307692307693,0.07692307692307693,0.05128205128205128
E16a,pedestrian,0-8,sparse,missing,35,0.6128623255661556,0.6123038828372955,3.142857142857143,3.142857142857143,0.02857142857142857,3.142857142857143,3.142857142857143,0.02857142857142857,0.0,0.4085015805766863,0.605738993953256,0.6906862745098039,2.2,2.2,2.2,0.8,0.8,0.8,0.14285714285714285,0.14285714285714285,0.14285714285714285,0.0,0.0,0.0
E16a,pedestrian,0-8,sparse,present,12,0.8162850985924403,0.8162850985924403,2.75,2.75,0.0,2.75,2.75,0.0,0.0,0.5316182424624761,0.8093394140402476,0.7930555555555555,2.0833333333333335,2.0833333333333335,2.0833333333333335,0.5833333333333334,0.5833333333333334,0.5833333333333334,0.08333333333333333,0.08333333333333333,0.08333333333333333,0.0,0.0,0.0
E16a,pedestrian,16-24,dense,missing,84,0.670464106968471,0.6599737008412679,15.583333333333334,9.69047619047619,0.0,9.678571428571429,6.595238095238095,0.0,0.3249338624338624,0.35022237684045515,0.6494496599549339,0.8061744142101285,11.892857142857142,8.178571428571429,5.535714285714286,2.8333333333333335,1.3571428571428572,0.9523809523809523,0.6785714285714286,0.10714285714285714,0.07142857142857142,0.17857142857142858,0.03571428571428571,0.03571428571428571
E16a,pedestrian,16-24,dense,present,222,0.8411891911480878,0.8340353082429182,18.54054054054054,9.887387387387387,0.0,9.887387387387387,8.756756756756756,0.0,0.11381381381381381,0.4774251231202134,0.8338068232343003,0.8314879814879815,13.972972972972974,8.26126126126126,7.337837837837838,3.4414414414414414,1.3873873873873874,1.2117117117117118,0.8603603603603603,0.18468468468468469,0.15765765765765766,0.26576576576576577,0.05405405405405406,0.04954954954954955
E16a,pedestrian,16-24,middle,missing,340,0.6726268840186737,0.6692865620641147,18.25294117647059,9.861764705882353,0.0,9.852941176470589,9.364705882352942,0.0,0.04963235294117647,0.3292845917098662,0.6611368113580872,0.8668942577030814,13.844117647058823,8.523529411764706,8.135294117647058,3.3941176470588235,1.15,1.0647058823529412,0.8382352941176471,0.15294117647058825,0.13823529411764707,0.17647058823529413,0.026470588235294117,0.026470588235294117
E16a,pedestrian,16-24,middle,present,1203,0.8542104416456405,0.8465380797956947,20.517040731504572,9.944305901911887,0.0,9.935993349958437,9.822111388196177,0.0,0.011571600100278405,0.5141811434393214,0.8447319057120547,0.8510351106361081,15.417290108063176,8.459684123025768,8.373233582709892,3.9276807980049875,1.3507896924355778,1.3258520365752287,0.9060681629260183,0.10640066500415628,0.1055694098088113,0.2660016625103907,0.019118869492934332,0.017456359102244388
E16a,pedestrian,16-24,sparse,missing,74,0.6870652300280493,0.6795434154368736,22.175675675675677,9.91891891891892,0.0,9.91891891891892,9.91891891891892,0.0,0.0,0.3728495062001654,0.6731563750151042,0.857057057057057,16.635135135135137,8.513513513513514,8.513513513513514,4.283783783783784,1.2837837837837838,1.2837837837837838,1.0135135135135136,0.08108108108108109,0.08108108108108109,0.24324324324324326,0.04054054054054054,0.04054054054054054
E16a,pedestrian,16-24,sparse,present,545,0.8671974665528044,0.8600255049696756,23.091743119266056,9.979816513761468,0.0,9.977981651376147,9.977981651376147,0.0,0.0,0.587805016024397,0.8482385173850103,0.8112028542303772,17.40183486238532,8.097247706422019,8.097247706422019,4.344954128440367,1.7963302752293577,1.7963302752293577,1.0935779816513762,0.08073394495412844,0.08073394495412844,0.25137614678899084,0.003669724770642202,0.003669724770642202
E16a,pedestrian,24-32,dense,missing,9,0.698474559519026,0.6784514519903395,44.888888888888886,10.0,0.0,10.0,5.222222222222222,0.1111111111111111,0.47777777777777775,0.4352085664868355,0.6642381995916367,0.7934523809523809,33.0,8.666666666666666,4.333333333333333,9.222222222222221,1.3333333333333333,0.8888888888888888,1.7777777777777777,0.0,0.0,0.8888888888888888,0.0,0.0
E16a,pedestrian,24-32,dense,present,63,0.8598397449841575,0.8513401784594097,35.98412698412698,10.0,0.0,10.0,8.619047619047619,0.0,0.13809523809523808,0.5284729564473742,0.8405314570381528,0.8599710254472159,27.349206349206348,8.65079365079365,7.476190476190476,6.507936507936508,1.2857142857142858,1.0793650793650793,1.7777777777777777,0.06349206349206349,0.06349206349206349,0.3492063492063492,0.0,0.0
E16a,pedestrian,24-32,middle,missing,104,0.6872417399516473,0.6783200743106695,37.40384615384615,10.0,0.0,10.0,9.153846153846153,0.0,0.08461538461538462,0.38173981942236423,0.6727248361477485,0.8514117826617826,28.548076923076923,8.692307692307692,7.923076923076923,6.798076923076923,1.2211538461538463,1.1442307692307692,1.6153846153846154,0.08653846153846154,0.08653846153846154,0.4423076923076923,0.0,0.0
E16a,pedestrian,24-32,middle,present,628,0.8653544174258117,0.8558241074821752,38.445859872611464,10.0,0.0,10.0,9.861464968152866,0.0,0.013853503184713374,0.543826386925711,0.8495411713411853,0.8178140021690977,28.93471337579618,8.165605095541402,8.068471337579618,7.240445859872612,1.7468152866242037,1.7101910828025477,1.8455414012738853,0.0875796178343949,0.08280254777070063,0.4251592356687898,0.0,0.0
E16a,pedestrian,24-32,sparse,missing,39,0.6905869833934002,0.6805493113322135,39.17948717948718,10.0,0.0,10.0,10.0,0.0,0.0,0.39334651331106824,0.6576559864557706,0.8461538461538461,29.871794871794872,8.461538461538462,8.461538461538462,7.17948717948718,1.4102564102564104,1.4102564102564104,1.7179487179487178,0.1282051282051282,0.1282051282051282,0.41025641025641024,0.0,0.0
E16a,pedestrian,24-32,sparse,present,473,0.880666170135361,0.868874048455825,43.09090909090909,10.0,0.0,10.0,10.0,0.0,0.0,0.6141466185230029,0.848002772754645,0.6841437632135307,32.45877378435518,6.841437632135307,6.841437632135307,8.086680761099366,2.8668076109936576,2.8668076109936576,2.0422832980972516,0.2917547568710359,0.2917547568710359,0.5031712473572939,0.0,0.0
E16a,pedestrian,8-16,dense,missing,564,0.6044057963534872,0.5925251069802342,6.024822695035461,5.780141843971631,0.010638297872340425,5.668439716312057,4.26241134751773,0.030141843971631204,0.22551244718510904,0.326711550378794,0.5845879128226632,0.7376527088592902,4.542553191489362,4.326241134751773,3.2411347517730498,1.1028368794326242,1.00177304964539,0.7535460992907801,0.3049645390070922,0.274822695035461,0.21453900709219859,0.07446808510638298,0.06560283687943262,0.05319148936170213
E16a,pedestrian,8-16,dense,present,348,0.8239307850599289,0.8113087849027809,7.600574712643678,7.117816091954023,0.0,7.068965517241379,6.017241379310345,0.0028735632183908046,0.13631066411238824,0.4236298918895831,0.8184643900531857,0.7775044599972554,5.758620689655173,5.42816091954023,4.658045977011494,1.3908045977011494,1.2471264367816093,1.0258620689655173,0.3563218390804598,0.3103448275862069,0.25862068965517243,0.09482758620689655,0.08333333333333333,0.07471264367816093
E16a,pedestrian,8-16,middle,missing,932,0.6236905911737501,0.6177824074042714,7.539699570815451,6.828326180257511,0.004291845493562232,6.646995708154506,6.310085836909871,0.00536480686695279,0.04874452654625068,0.2927437784428843,0.6060857407209504,0.7618028800876697,5.5718884120171674,5.078326180257511,4.832618025751073,1.4989270386266094,1.2092274678111588,1.1298283261802575,0.3798283261802575,0.28969957081545067,0.27896995708154504,0.0890557939914163,0.06974248927038626,0.06866952789699571
E16a,pedestrian,8-16,middle,present,976,0.8291678866524188,0.8205573443995148,9.681352459016393,7.969262295081967,0.0010245901639344263,7.886270491803279,7.719262295081967,0.0010245901639344263,0.020762718762718763,0.45239931909701764,0.8244916262382116,0.7826196766196767,7.314549180327869,6.242827868852459,6.127049180327869,1.798155737704918,1.2920081967213115,1.25,0.45184426229508196,0.29200819672131145,0.2848360655737705,0.1168032786885246,0.05942622950819672,0.05737704918032787
E16a,pedestrian,8-16,sparse,missing,216,0.6505089170402951,0.6447659792999426,8.194444444444445,7.217592592592593,0.0,7.12962962962963,7.12962962962963,0.0,0.0,0.34452370309305413,0.6367223222774488,0.7682778512639623,6.078703703703703,5.513888888888889,5.513888888888889,1.6064814814814814,1.2962962962962963,1.2962962962962963,0.4305555555555556,0.2916666666666667,0.2916666666666667,0.0787037037037037,0.027777777777777776,0.027777777777777776
E16a,pedestrian,8-16,sparse,present,303,0.8356371431460868,0.8249909431234052,10.752475247524753,8.37953795379538,0.0,8.336633663366337,8.336633663366337,0.0,0.0,0.5010449901567434,0.8278988528959822,0.7833948871077584,8.168316831683168,6.65016501650165,6.65016501650165,1.943894389438944,1.3465346534653466,1.3465346534653466,0.5445544554455446,0.2871287128712871,0.2871287128712871,0.09570957095709572,0.052805280528052806,0.052805280528052806
E16a,people,0-8,dense,missing,421,0.5099456858535844,0.5025775877851771,2.705463182897862,2.705463182897862,0.05463182897862233,2.67458432304038,1.3919239904988123,0.28028503562945367,0.4718303946263644,0.3823243052781775,0.49475677289106723,0.7678767876787679,2.002375296912114,1.9833729216152018,1.0475059382422802,0.49643705463182897,0.4916864608076009,0.2327790973871734,0.15676959619952494,0.1496437054631829,0.07838479809976247,0.0498812351543943,0.0498812351543943,0.0332541567695962
E16a,people,0-8,dense,present,53,0.8114128945008764,0.7936268505060448,4.245283018867925,4.245283018867925,0.0,4.2075471698113205,2.9056603773584904,0.0,0.30402066486972146,0.5080598924519881,0.8038433419083649,0.8034591194968554,3.169811320754717,3.169811320754717,2.2830188679245285,0.8679245283018868,0.8490566037735849,0.4716981132075472,0.1320754716981132,0.1320754716981132,0.11320754716981132,0.07547169811320754,0.05660377358490566,0.03773584905660377
E16a,people,0-8,middle,missing,64,0.5369470650330186,0.535371155012399,3.765625,3.765625,0.015625,3.71875,3.296875,0.03125,0.10512723607961702,0.2967648589983582,0.4928406695685079,0.7442012288786483,2.796875,2.78125,2.453125,0.6875,0.671875,0.609375,0.25,0.234375,0.203125,0.03125,0.03125,0.03125
E16a,people,0-8,middle,present,9,0.8108853499094645,0.777991361088223,3.7777777777777777,3.7777777777777777,0.0,3.6666666666666665,3.3333333333333335,0.0,0.07777777777777778,0.40529465675354,0.7983407576878866,0.7156084656084656,2.6666666666666665,2.5555555555555554,2.4444444444444446,0.8888888888888888,0.8888888888888888,0.6666666666666666,0.2222222222222222,0.2222222222222222,0.2222222222222222,0.0,0.0,0.0
E16a,people,0-8,sparse,missing,3,0.6395499308904012,0.6094287435213724,2.3333333333333335,2.3333333333333335,0.0,2.3333333333333335,2.3333333333333335,0.0,0.0,0.38106439510981244,0.5981320043404897,0.7222222222222222,1.6666666666666667,1.6666666666666667,1.6666666666666667,0.6666666666666666,0.6666666666666666,0.6666666666666666,0.0,0.0,0.0,0.0,0.0,0.0
E16a,people,16-24,dense,missing,97,0.6560113488398877,0.6521597599860319,17.762886597938145,9.649484536082474,0.0,9.628865979381443,6.680412371134021,0.010309278350515464,0.31228931435117,0.34767473170844215,0.6228208490647376,0.8745577050264551,13.309278350515465,8.371134020618557,5.979381443298969,3.463917525773196,1.0515463917525774,0.5773195876288659,0.8144329896907216,0.14432989690721648,0.09278350515463918,0.17525773195876287,0.061855670103092786,0.030927835051546393
E16a,people,16-24,dense,present,322,0.8449636712577773,0.836969001137692,20.093167701863354,9.903726708074535,0.0,9.900621118012422,8.847826086956522,0.0,0.10758158335798086,0.49802717446170236,0.8341800042931338,0.9072092934670575,15.133540372670808,8.878881987577639,8.080745341614907,3.7360248447204967,0.8074534161490683,0.5900621118012422,0.953416149068323,0.14285714285714285,0.10559006211180125,0.2701863354037267,0.07142857142857142,0.07142857142857142
E16a,people,16-24,middle,missing,255,0.6647470376070808,0.6621750150241104,20.235294117647058,9.886274509803922,0.0,9.882352941176471,9.329411764705883,0.0,0.057492997198879556,0.30729828289910854,0.6485387636165992,0.9132306255835667,15.392156862745098,9.0,8.525490196078431,3.6,0.7725490196078432,0.7019607843137254,1.011764705882353,0.0784313725490196,0.07058823529411765,0.23137254901960785,0.03137254901960784,0.03137254901960784
E16a,people,16-24,middle,present,620,0.8419302691375056,0.8354849851900531,24.138709677419357,9.95,0.0,9.946774193548388,9.729032258064516,0.0,0.0222779057859703,0.48750096010344646,0.8295950483891272,0.92482910906298,18.15483870967742,9.17741935483871,9.02741935483871,4.530645161290322,0.6693548387096774,0.6193548387096774,1.1838709677419355,0.07741935483870968,0.06129032258064516,0.2693548387096774,0.02258064516129032,0.020967741935483872
E16a,people,16-24,sparse,missing,42,0.6775658790554319,0.6691453549123946,22.523809523809526,9.976190476190476,0.0,9.928571428571429,9.928571428571429,0.0,0.0,0.27593044865699035,0.6609894548143659,0.8818783068783069,17.023809523809526,8.761904761904763,8.761904761904763,3.9761904761904763,1.0238095238095237,1.0238095238095237,1.1904761904761905,0.11904761904761904,0.11904761904761904,0.3333333333333333,0.023809523809523808,0.023809523809523808
E16a,people,16-24,sparse,present,133,0.8486392498016357,0.8442777319062025,24.18796992481203,10.0,0.0,9.992481203007518,9.992481203007518,0.0,0.0,0.47881841558710975,0.8396502818380084,0.8841269841269841,18.39097744360902,8.834586466165414,8.834586466165414,4.443609022556391,1.0676691729323309,1.0676691729323309,1.0300751879699248,0.06015037593984962,0.06015037593984962,0.3233082706766917,0.03007518796992481,0.03007518796992481
E16a,people,24-32,dense,missing,23,0.6583171149958735,0.6572743965231854,26.304347826086957,10.0,0.0,10.0,8.347826086956522,0.0,0.16521739130434784,0.3564834238394447,0.6457305835640949,0.9543478260869565,20.08695652173913,9.391304347826088,7.913043478260869,4.608695652173913,0.5652173913043478,0.43478260869565216,1.391304347826087,0.043478260869565216,0.0,0.21739130434782608,0.0,0.0
E16a,people,24-32,dense,present,114,0.856618587907992,0.8470912157443532,36.675438596491226,10.0,0.0,10.0,9.280701754385966,0.0,0.0719298245614035,0.5318564428833493,0.8438641104781837,0.9429093567251463,27.771929824561404,9.342105263157896,8.763157894736842,6.7631578947368425,0.5877192982456141,0.45614035087719296,1.6666666666666667,0.06140350877192982,0.05263157894736842,0.47368421052631576,0.008771929824561403,0.008771929824561403
E16a,people,24-32,middle,missing,92,0.6615539682300194,0.656475844266622,38.380434782608695,10.0,0.0,10.0,9.445652173913043,0.0,0.05543478260869565,0.3343617181577112,0.64294784159764,0.9516908212560387,29.01086956521739,9.521739130434783,8.98913043478261,7.0,0.43478260869565216,0.41304347826086957,1.891304347826087,0.03260869565217391,0.03260869565217391,0.4782608695652174,0.010869565217391304,0.010869565217391304
E16a,people,24-32,middle,present,395,0.8648534590684915,0.858870596825322,40.45569620253165,10.0,0.0,10.0,9.918987341772151,0.002531645569620253,0.00810126582278481,0.5279574685063458,0.8529843423269727,0.9374415840786399,30.448101265822785,9.367088607594937,9.30126582278481,7.658227848101266,0.5949367088607594,0.579746835443038,1.8658227848101265,0.035443037974683546,0.035443037974683546,0.4835443037974684,0.002531645569620253,0.002531645569620253
E16a,people,24-32,sparse,missing,22,0.7014918679540808,0.6930371902205728,38.31818181818182,10.0,0.0,10.0,10.0,0.0,0.0,0.3412948948415843,0.6891791874712164,0.8681818181818183,28.90909090909091,8.681818181818182,8.681818181818182,7.136363636363637,1.1818181818181819,1.1818181818181819,1.8181818181818181,0.13636363636363635,0.13636363636363635,0.45454545454545453,0.0,0.0
E16a,people,24-32,sparse,present,103,0.8592061359905502,0.8505702047672087,46.13592233009709,10.0,0.0,10.0,10.0,0.0,0.0,0.5010691748082059,0.8395612850351241,0.812621359223301,34.70873786407767,8.12621359223301,8.12621359223301,8.669902912621358,1.7864077669902914,1.7864077669902914,2.116504854368932,0.08737864077669903,0.08737864077669903,0.6407766990291263,0.0,0.0
E16a,people,8-16,dense,missing,613,0.6163184425229933,0.6104236996047454,7.138662316476346,6.433931484502447,0.0,6.398042414355628,3.727569331158238,0.13866231647634583,0.44441337165643857,0.3686386795340335,0.6007262323798026,0.7891962782587782,5.398042414355628,4.98694942903752,3.0228384991843393,1.3148450244698207,1.0799347471451877,0.5187601957585645,0.3523654159869494,0.26916802610114193,0.13539967373572595,0.0734094616639478,0.06199021207177814,0.05057096247960848
E16a,people,8-16,dense,present,493,0.8260993911576803,0.8177992497206218,10.062880324543611,8.117647058823529,0.0,8.101419878296147,5.995943204868154,0.008113590263691683,0.2674997585240993,0.495834301159182,0.8200845040670446,0.8346836020148903,7.537525354969574,6.446247464503043,5.095334685598377,1.9614604462474645,1.2697768762677484,0.6815415821501014,0.4421906693711968,0.29006085192697767,0.14807302231237324,0.12170385395537525,0.09533468559837728,0.07099391480730223
E16a,people,8-16,middle,missing,387,0.6107138259774338,0.6058844923202997,9.343669250645995,7.832041343669251,0.0,7.7700258397932815,6.863049095607235,0.002583979328165375,0.11763258274886182,0.26911040538333236,0.5829546571434162,0.8023830084710913,6.974160206718346,6.186046511627907,5.5994832041343665,1.8242894056847545,1.2248062015503876,0.9741602067183462,0.4470284237726098,0.2842377260981912,0.21963824289405684,0.09819121447028424,0.07493540051679587,0.06976744186046512
E16a,people,8-16,middle,present,266,0.8303894568654827,0.8274665425594588,13.38345864661654,9.199248120300751,0.0,9.191729323308271,8.556390977443609,0.0,0.07208795799021363,0.43272483662555095,0.8206090855419188,0.8606934001670844,10.203007518796992,7.860902255639098,7.462406015037594,2.4586466165413534,1.037593984962406,0.849624060150376,0.5225563909774437,0.20300751879699247,0.16165413533834586,0.19924812030075187,0.09022556390977443,0.08270676691729323
E16a,people,8-16,sparse,missing,45,0.6636134246985118,0.6568968858983781,8.777777777777779,7.688888888888889,0.0,7.688888888888889,7.688888888888889,0.0,0.0,0.3158705035845438,0.6460951195822822,0.764021164021164,6.533333333333333,5.977777777777778,5.977777777777778,1.711111111111111,1.3555555555555556,1.3555555555555556,0.4888888888888889,0.35555555555555557,0.35555555555555557,0.044444444444444446,0.0,0.0
E16a,people,8-16,sparse,present,59,0.8228995729300935,0.8151419061725422,10.542372881355933,8.35593220338983,0.0,8.305084745762711,8.305084745762711,0.0,0.0,0.38546602996224066,0.8110051033860546,0.7940812483185364,7.898305084745763,6.694915254237288,6.694915254237288,2.0508474576271185,1.3559322033898304,1.3559322033898304,0.4576271186440678,0.2033898305084746,0.2033898305084746,0.13559322033898305,0.05084745762711865,0.05084745762711865
E16a,tricycle,0-8,dense,missing,13,0.5387004911899567,0.5380580402337588,2.3076923076923075,2.3076923076923075,0.0,2.1538461538461537,1.6153846153846154,0.23076923076923078,0.3,0.39887751042842867,0.5653733074665069,0.7666666666666666,1.7692307692307692,1.6923076923076923,1.3076923076923077,0.3076923076923077,0.23076923076923078,0.15384615384615385,0.23076923076923078,0.23076923076923078,0.15384615384615385,0.0,0.0,0.0
E16a,tricycle,0-8,dense,present,5,0.8333163857460022,0.7725781202316284,4.2,4.2,0.0,4.2,4.2,0.0,0.0,0.49038892388343813,0.8321303248405456,0.7647619047619048,3.4,3.4,3.4,0.4,0.4,0.4,0.4,0.4,0.4,0.0,0.0,0.0
E16a,tricycle,0-8,middle,missing,11,0.6286633990027688,0.6250987323847684,2.8181818181818183,2.8181818181818183,0.0,2.8181818181818183,2.8181818181818183,0.0,0.0,0.3582998324524272,0.5991870869289745,0.6082251082251081,1.9090909090909092,1.9090909090909092,1.9090909090909092,0.7272727272727273,0.7272727272727273,0.7272727272727273,0.18181818181818182,0.18181818181818182,0.18181818181818182,0.0,0.0,0.0
E16a,tricycle,0-8,middle,present,9,0.791768385304345,0.791768385304345,4.222222222222222,4.222222222222222,0.0,4.111111111111111,4.111111111111111,0.0,0.0,0.4517464554972119,0.7882089018821716,0.7656084656084656,3.0,3.0,3.0,0.7777777777777778,0.7777777777777778,0.7777777777777778,0.2222222222222222,0.1111111111111111,0.1111111111111111,0.2222222222222222,0.2222222222222222,0.2222222222222222
E16a,tricycle,0-8,sparse,missing,3,0.6172433197498322,0.6172433197498322,5.666666666666667,5.666666666666667,0.0,5.666666666666667,5.666666666666667,0.0,0.0,0.35346830387910205,0.6030778487523397,0.7555555555555555,4.333333333333333,4.333333333333333,4.333333333333333,1.0,1.0,1.0,0.3333333333333333,0.3333333333333333,0.3333333333333333,0.0,0.0,0.0
E16a,tricycle,16-24,dense,missing,11,0.6631673357703469,0.5978832840919495,27.727272727272727,10.0,0.0,10.0,8.090909090909092,0.0,0.19090909090909092,0.3129963786764578,0.6354928585616025,0.5003705890069526,20.818181818181817,5.0,3.8181818181818183,5.454545454545454,4.0,3.3636363636363638,1.1818181818181819,1.0,0.9090909090909091,0.2727272727272727,0.0,0.0
E16a,tricycle,16-24,dense,present,27,0.8777152631017897,0.8626008651874684,21.814814814814813,10.0,0.0,10.0,9.88888888888889,0.0,0.011111111111111113,0.4890494777096642,0.8727508143142417,0.5939861578750467,16.37037037037037,6.0,5.888888888888889,4.222222222222222,3.3333333333333335,3.3333333333333335,0.9259259259259259,0.6666666666666666,0.6666666666666666,0.2962962962962963,0.0,0.0
E16a,tricycle,16-24,middle,missing,21,0.6525135976927621,0.6266181426388877,27.047619047619047,10.0,0.0,10.0,9.857142857142858,0.0,0.014285714285714287,0.2658875197881744,0.6371880968411764,0.6358465608465609,19.952380952380953,6.380952380952381,6.285714285714286,5.380952380952381,3.0476190476190474,3.0,1.4761904761904763,0.5238095238095238,0.5238095238095238,0.23809523809523808,0.047619047619047616,0.047619047619047616
E16a,tricycle,16-24,middle,present,79,0.8455270294901691,0.8186872707137579,28.481012658227847,10.0,0.0,10.0,9.89873417721519,0.0,0.010126582278481013,0.45228706620916537,0.8310921471330184,0.5973980309423347,21.10126582278481,5.987341772151899,5.949367088607595,5.594936708860759,3.329113924050633,3.278481012658228,1.4050632911392404,0.6708860759493671,0.6582278481012658,0.379746835443038,0.012658227848101266,0.012658227848101266
E16a,tricycle,16-24,sparse,missing,18,0.6743140849802229,0.6381668398777643,29.5,10.0,0.0,10.0,10.0,0.0,0.0,0.3193051119645436,0.6478822264406416,0.6166666666666667,22.72222222222222,6.166666666666667,6.166666666666667,5.222222222222222,3.1666666666666665,3.1666666666666665,1.2777777777777777,0.6666666666666666,0.6666666666666666,0.2777777777777778,0.0,0.0
E16a,tricycle,16-24,sparse,present,52,0.8527719859893506,0.8200710129279357,34.44230769230769,10.0,0.0,10.0,10.0,0.0,0.0,0.5048561185025252,0.8256435142113612,0.5480769230769231,25.846153846153847,5.480769230769231,5.480769230769231,6.615384615384615,3.730769230769231,3.730769230769231,1.5961538461538463,0.7884615384615384,0.7884615384615384,0.38461538461538464,0.0,0.0
E16a,tricycle,24-32,dense,missing,7,0.596404893057687,0.5322652075971875,45.857142857142854,10.0,0.0,10.0,8.714285714285714,0.0,0.1285714285714286,0.2259430512785911,0.5759679334504264,0.4444444444444445,34.285714285714285,4.571428571428571,4.0,8.714285714285714,4.571428571428571,3.857142857142857,2.2857142857142856,0.8571428571428571,0.8571428571428571,0.5714285714285714,0.0,0.0
E16a,tricycle,24-32,dense,present,21,0.8747699856758118,0.7421866726307642,45.095238095238095,10.0,0.0,10.0,9.952380952380953,0.0,0.004761904761904762,0.5031804875248954,0.8669853096916562,0.2767195767195767,34.095238095238095,2.8095238095238093,2.761904761904762,8.428571428571429,5.523809523809524,5.523809523809524,2.0952380952380953,1.6666666666666667,1.6666666666666667,0.47619047619047616,0.0,0.0
E16a,tricycle,24-32,middle,missing,26,0.6620194098124137,0.5947301020989051,46.26923076923077,10.0,0.0,10.0,9.807692307692308,0.0,0.019230769230769232,0.24996218156929195,0.6498764764804107,0.5269230769230769,34.84615384615385,5.346153846153846,5.230769230769231,8.692307692307692,3.9615384615384617,3.8846153846153846,2.1923076923076925,0.6538461538461539,0.6538461538461539,0.5384615384615384,0.038461538461538464,0.038461538461538464
E16a,tricycle,24-32,middle,present,61,0.8745637692388941,0.8175547264638494,49.278688524590166,10.0,0.0,10.0,10.081967213114755,0.0,-0.00819672131147541,0.5172674067196299,0.8625975974270554,0.3887232985593641,37.0655737704918,3.901639344262295,3.918032786885246,9.245901639344263,4.901639344262295,4.950819672131147,2.3114754098360657,1.180327868852459,1.1967213114754098,0.6557377049180327,0.01639344262295082,0.01639344262295082
E16a,tricycle,24-32,sparse,missing,13,0.6673499529178326,0.5739968923422006,60.69230769230769,10.0,0.0,10.0,10.0,0.0,0.0,0.3007537808555823,0.6566982108813065,0.4538461538461539,45.23076923076923,4.538461538461538,4.538461538461538,12.307692307692308,4.384615384615385,4.384615384615385,2.4615384615384617,1.0769230769230769,1.0769230769230769,0.6923076923076923,0.0,0.0
E16a,tricycle,24-32,sparse,present,93,0.8603747525522786,0.7841660979614463,50.774193548387096,10.0,0.0,10.0,10.0,0.0,0.0,0.5075848494325915,0.8498375473483917,0.3881720430107527,38.44086021505376,3.881720430107527,3.881720430107527,9.258064516129032,5.129032258064516,5.129032258064516,2.4193548387096775,0.989247311827957,0.989247311827957,0.6559139784946236,0.0,0.0
E16a,tricycle,8-16,dense,missing,22,0.6421293954957615,0.6336142420768738,7.590909090909091,6.7272727272727275,0.0,6.636363636363637,5.818181818181818,0.0,0.1119047619047619,0.32110190239142283,0.6100895350629633,0.7139790764790764,5.454545454545454,4.636363636363637,4.045454545454546,1.5454545454545454,1.5,1.3636363636363635,0.5909090909090909,0.5,0.4090909090909091,0.0,0.0,0.0
E16a,tricycle,8-16,dense,present,39,0.8314136862754822,0.8138764439485012,10.23076923076923,8.205128205128204,0.0,8.179487179487179,7.794871794871795,0.0,0.0617012617012617,0.44880798841134095,0.8207061550556085,0.7388842638842639,8.0,6.128205128205129,5.794871794871795,1.7179487179487178,1.6923076923076923,1.641025641025641,0.41025641025641024,0.3076923076923077,0.3076923076923077,0.10256410256410256,0.05128205128205128,0.05128205128205128
E16a,tricycle,8-16,middle,missing,20,0.6576414167881012,0.64336157143116,11.45,8.85,0.0,8.65,8.25,0.0,0.041249999999999995,0.2599815126508474,0.6477449983358383,0.7741666666666667,8.75,6.7,6.4,2.1,1.45,1.35,0.4,0.35,0.35,0.2,0.15,0.15
E16a,tricycle,8-16,middle,present,38,0.8261022771659651,0.8123229475397813,11.263157894736842,8.131578947368421,0.0,8.131578947368421,8.105263157894736,0.0,0.002631578947368421,0.41466347520288666,0.8178135407598395,0.7371136173767753,8.394736842105264,6.052631578947368,6.026315789473684,2.3947368421052633,1.736842105263158,1.736842105263158,0.39473684210526316,0.3157894736842105,0.3157894736842105,0.07894736842105263,0.02631578947368421,0.02631578947368421
E16a,tricycle,8-16,sparse,missing,14,0.6633299099547523,0.6421385130711964,13.142857142857142,9.142857142857142,0.0,9.142857142857142,9.142857142857142,0.0,0.0,0.2655425992395196,0.6478993935244424,0.7616213151927438,10.428571428571429,6.928571428571429,6.928571428571429,2.0714285714285716,1.7142857142857142,1.7142857142857142,0.42857142857142855,0.42857142857142855,0.42857142857142855,0.21428571428571427,0.07142857142857142,0.07142857142857142
E16a,tricycle,8-16,sparse,present,18,0.8324127727084689,0.825348307689031,12.944444444444445,9.38888888888889,0.0,9.38888888888889,9.38888888888889,0.0,0.0,0.3901072260406282,0.8203012314107683,0.742989417989418,9.722222222222221,7.055555555555555,7.055555555555555,2.5,1.9444444444444444,1.9444444444444444,0.5555555555555556,0.2777777777777778,0.2777777777777778,0.16666666666666666,0.1111111111111111,0.1111111111111111
E16a,truck,0-8,dense,missing,4,0.5591962710022926,0.5591962710022926,2.0,2.0,0.0,2.0,2.0,0.0,0.0,0.34926165267825127,0.5521997809410095,0.7916666666666666,1.5,1.5,1.5,0.5,0.5,0.5,0.0,0.0,0.0,0.0,0.0,0.0
E16a,truck,0-8,dense,present,1,0.8080911040306091,0.8080911040306091,3.0,3.0,0.0,3.0,3.0,0.0,0.0,0.3333612084388733,0.8055854439735413,0.6666666666666666,2.0,2.0,2.0,0.0,0.0,0.0,1.0,1.0,1.0,0.0,0.0,0.0
E16a,truck,0-8,middle,missing,3,0.655686597029368,0.655686597029368,2.3333333333333335,2.3333333333333335,0.0,2.3333333333333335,2.3333333333333335,0.0,0.0,0.4450913071632385,0.6520876089731852,0.7777777777777777,1.6666666666666667,1.6666666666666667,1.6666666666666667,0.6666666666666666,0.6666666666666666,0.6666666666666666,0.0,0.0,0.0,0.0,0.0,0.0
E16a,truck,0-8,middle,present,4,0.8546549677848816,0.804082915186882,4.5,4.5,0.0,4.5,4.25,0.0,0.04166666666666665,0.5294712968170643,0.8516478091478348,0.675,3.25,3.25,3.0,1.0,1.0,1.0,0.0,0.0,0.0,0.25,0.25,0.25
E16a,truck,16-24,dense,missing,1,0.7027837634086609,0.7027837634086609,13.0,10.0,0.0,10.0,10.0,0.0,0.0,0.1991074532270431,0.7016919851303101,0.7,10.0,7.0,7.0,2.0,2.0,2.0,1.0,1.0,1.0,0.0,0.0,0.0
E16a,truck,16-24,dense,present,2,0.8113675117492676,0.78701251745224,17.5,10.0,0.0,10.0,10.0,0.0,0.0,0.29123397171497345,0.8100835084915161,0.75,13.0,7.5,7.5,2.5,2.0,2.0,2.0,0.5,0.5,0.0,0.0,0.0
E16a,truck,16-24,middle,missing,17,0.6072365729247823,0.5900797703686882,19.647058823529413,10.0,0.0,10.0,9.882352941176471,0.0,0.011764705882352941,0.2424274209667654,0.5925614658524009,0.7738562091503267,15.0,7.764705882352941,7.647058823529412,3.6470588235294117,1.8235294117647058,1.8235294117647058,0.8823529411764706,0.4117647058823529,0.4117647058823529,0.11764705882352941,0.0,0.0
E16a,truck,16-24,middle,present,44,0.8447864014994014,0.8366549854928796,25.068181818181817,10.0,0.0,10.0,9.931818181818182,0.0,0.00681818181818182,0.44566860659555957,0.8233636075800116,0.7371212121212122,19.09090909090909,7.363636363636363,7.318181818181818,4.454545454545454,2.340909090909091,2.3181818181818183,1.2045454545454546,0.29545454545454547,0.29545454545454547,0.3181818181818182,0.0,0.0
E16a,truck,16-24,sparse,missing,9,0.5755484518077638,0.5615742951631546,22.88888888888889,10.0,0.0,10.0,10.0,0.0,0.0,0.24052165531449843,0.566149385439025,0.7222222222222222,17.77777777777778,7.222222222222222,7.222222222222222,3.3333333333333335,2.111111111111111,2.111111111111111,1.1111111111111112,0.6666666666666666,0.6666666666666666,0.6666666666666666,0.0,0.0
E16a,truck,16-24,sparse,present,42,0.8919806891963595,0.8803202069941021,30.833333333333332,10.0,0.0,10.0,10.0,0.0,0.0,0.5840865249435107,0.8649720194793883,0.6238095238095238,23.357142857142858,6.238095238095238,6.238095238095238,5.714285714285714,3.4761904761904763,3.4761904761904763,1.3571428571428572,0.2857142857142857,0.2857142857142857,0.40476190476190477,0.0,0.0
E16a,truck,24-32,dense,missing,1,0.5294286608695984,0.5294286608695984,40.0,10.0,0.0,10.0,8.0,0.0,0.2,0.307156503200531,0.3897974193096161,0.625,27.0,6.0,5.0,10.0,3.0,2.0,2.0,1.0,1.0,1.0,0.0,0.0
E16a,truck,24-32,middle,missing,11,0.6515657955949957,0.6227398839863864,36.0,10.0,0.0,10.0,8.545454545454545,0.0,0.14545454545454548,0.2832818220962178,0.643146728927439,0.7629509379509379,26.09090909090909,7.636363636363637,6.454545454545454,7.636363636363637,1.6363636363636365,1.3636363636363635,1.8181818181818181,0.7272727272727273,0.7272727272727273,0.45454545454545453,0.0,0.0
E16a,truck,24-32,middle,present,33,0.8607078212680239,0.8420363574317007,38.09090909090909,10.0,0.0,10.0,9.969696969696969,0.0,0.0030303030303030303,0.45084894064700964,0.837076976443782,0.6383838383838384,28.78787878787879,6.393939393939394,6.363636363636363,7.0,3.303030303030303,3.303030303030303,1.9696969696969697,0.30303030303030304,0.30303030303030304,0.3333333333333333,0.0,0.0
E16a,truck,24-32,sparse,missing,5,0.570784330368042,0.5514984965324402,39.4,10.0,0.0,10.0,10.0,0.0,0.0,0.28773090243339533,0.5562692940235138,0.78,29.4,7.8,7.8,7.2,1.8,1.8,2.0,0.4,0.4,0.8,0.0,0.0
E16a,truck,24-32,sparse,present,33,0.9065120689796679,0.8524148572574962,50.57575757575758,10.0,0.0,10.0,10.0,0.0,0.0,0.5888476267908559,0.8760197325186296,0.4181818181818182,38.45454545454545,4.181818181818182,4.181818181818182,9.151515151515152,4.848484848484849,4.848484848484849,2.3636363636363638,0.9393939393939394,0.9393939393939394,0.6060606060606061,0.030303030303030304,0.030303030303030304
E16a,truck,8-16,dense,missing,8,0.6565526276826859,0.6565526276826859,9.125,8.0,0.0,8.0,5.375,0.0,0.2739583333333333,0.3067569304257631,0.6489884741604328,0.7351190476190477,7.0,6.125,3.875,1.375,1.125,0.875,0.5,0.5,0.5,0.25,0.25,0.125
E16a,truck,8-16,dense,present,3,0.8479644258817037,0.835933248202006,16.0,10.0,0.0,10.0,9.333333333333334,0.0,0.06666666666666667,0.45784491300582886,0.834544817606608,0.8916666666666666,11.666666666666666,9.0,8.333333333333334,3.6666666666666665,1.0,1.0,0.6666666666666666,0.0,0.0,0.0,0.0,0.0
E16a,truck,8-16,middle,missing,25,0.6414524030685425,0.6323047316074372,10.2,8.32,0.0,8.2,8.0,0.0,0.026777777777777775,0.25374271810054777,0.6216558229923248,0.7893809523809524,7.68,6.32,6.16,2.08,1.56,1.52,0.28,0.2,0.2,0.16,0.12,0.12
E16a,truck,8-16,middle,present,36,0.8295578277773328,0.8134131845500734,10.63888888888889,8.694444444444445,0.0,8.527777777777779,8.333333333333334,0.0,0.022222222222222223,0.42090216279029846,0.8113136655754514,0.7670414462081129,8.194444444444445,6.611111111111111,6.444444444444445,1.9166666666666667,1.5555555555555556,1.5277777777777777,0.4722222222222222,0.3333333333333333,0.3333333333333333,0.05555555555555555,0.027777777777777776,0.027777777777777776
E16a,truck,8-16,sparse,missing,4,0.7257479429244995,0.7257479429244995,6.0,6.0,0.0,5.75,5.75,0.0,0.0,0.3949965238571167,0.7134672552347183,0.7595238095238095,4.5,4.25,4.25,1.0,1.0,1.0,0.25,0.25,0.25,0.25,0.25,0.25
E16a,truck,8-16,sparse,present,3,0.8237602114677429,0.8214978575706482,9.333333333333334,7.666666666666667,0.0,7.666666666666667,7.666666666666667,0.0,0.0,0.5346998373667399,0.8029340704282125,0.8166666666666668,7.333333333333333,6.333333333333333,6.333333333333333,1.3333333333333333,1.0,1.0,0.6666666666666666,0.3333333333333333,0.3333333333333333,0.0,0.0,0.0
E16a,van,0-8,dense,missing,19,0.5872759505322105,0.5780601736746336,2.789473684210526,2.789473684210526,0.0,2.789473684210526,2.1578947368421053,0.05263157894736842,0.1902255639097744,0.38078227308061385,0.5676721566253238,0.7592592592592592,2.210526315789474,2.210526315789474,1.631578947368421,0.3684210526315789,0.3684210526315789,0.3684210526315789,0.15789473684210525,0.15789473684210525,0.15789473684210525,0.05263157894736842,0.05263157894736842,0.0
E16a,van,0-8,dense,present,6,0.8109404643376669,0.7901597917079926,4.0,4.0,0.0,3.8333333333333335,3.5,0.0,0.05555555555555555,0.46257252991199493,0.8085697094599406,0.7638888888888888,3.1666666666666665,3.0,2.6666666666666665,0.6666666666666666,0.6666666666666666,0.6666666666666666,0.16666666666666666,0.16666666666666666,0.16666666666666666,0.0,0.0,0.0
E16a,van,0-8,middle,missing,28,0.616121099463531,0.6025986128619739,2.7142857142857144,2.7142857142857144,0.03571428571428571,2.7142857142857144,2.642857142857143,0.03571428571428571,0.024691358024691357,0.3787370158566369,0.608407113287184,0.7203703703703703,1.8571428571428572,1.8571428571428572,1.8571428571428572,0.7142857142857143,0.7142857142857143,0.6428571428571429,0.10714285714285714,0.10714285714285714,0.10714285714285714,0.03571428571428571,0.03571428571428571,0.03571428571428571
E16a,van,0-8,middle,present,10,0.8024787783622742,0.7864612698554992,3.3,3.3,0.0,3.3,3.3,0.0,0.0,0.5697899430990219,0.7764681696891784,0.7933333333333333,2.5,2.5,2.5,0.4,0.4,0.4,0.4,0.4,0.4,0.0,0.0,0.0
E16a,van,0-8,sparse,missing,3,0.5771068930625916,0.5648109515508016,4.666666666666667,4.666666666666667,0.0,4.333333333333333,4.333333333333333,0.0,0.0,0.3980564475059509,0.5203983386357626,0.6111111111111112,4.0,3.6666666666666665,3.6666666666666665,0.3333333333333333,0.3333333333333333,0.3333333333333333,0.0,0.0,0.0,0.3333333333333333,0.3333333333333333,0.3333333333333333
E16a,van,16-24,dense,missing,7,0.6884591749736241,0.6730146408081055,17.0,10.0,0.0,10.0,6.285714285714286,0.0,0.37142857142857144,0.3102090997355325,0.6837844167436872,0.7627551020408163,12.714285714285714,7.857142857142857,4.857142857142857,3.4285714285714284,1.7142857142857142,1.1428571428571428,0.7142857142857143,0.42857142857142855,0.2857142857142857,0.14285714285714285,0.0,0.0
E16a,van,16-24,dense,present,23,0.8387657740841741,0.8280131013497062,17.565217391304348,9.91304347826087,0.0,9.91304347826087,8.73913043478261,0.0,0.11956521739130435,0.40309654402992,0.8355162221452465,0.7851762971328189,12.869565217391305,7.739130434782608,6.869565217391305,3.5652173913043477,1.7826086956521738,1.4782608695652173,0.9130434782608695,0.391304347826087,0.391304347826087,0.21739130434782608,0.0,0.0
E16a,van,16-24,middle,missing,28,0.6802569074290139,0.6737007647752762,20.142857142857142,9.928571428571429,0.0,9.928571428571429,9.035714285714286,0.0,0.09285714285714286,0.32313283639294754,0.6680279182536262,0.7850198412698413,14.892857142857142,7.857142857142857,7.142857142857143,3.892857142857143,1.7857142857142858,1.6071428571428572,1.0,0.17857142857142858,0.17857142857142858,0.35714285714285715,0.10714285714285714,0.10714285714285714
E16a,van,16-24,middle,present,154,0.8747914557333116,0.8669624688563409,21.62987012987013,9.987012987012987,0.0,9.987012987012987,9.909090909090908,0.0,0.007792207792207792,0.5473491683989377,0.8655258788690938,0.802084621727479,16.344155844155843,8.012987012987013,7.9480519480519485,4.0,1.8246753246753247,1.8181818181818181,1.0324675324675325,0.14935064935064934,0.14285714285714285,0.2532467532467532,0.0,0.0
E16a,van,16-24,sparse,missing,4,0.6827033758163452,0.6827033758163452,27.0,10.0,0.0,10.0,10.0,0.0,0.0,0.3027557171881199,0.6802372485399246,0.825,20.0,8.25,8.25,6.0,1.75,1.75,0.75,0.0,0.0,0.25,0.0,0.0
E16a,van,16-24,sparse,present,72,0.8862820631927915,0.8761518191960123,24.194444444444443,10.0,0.0,10.0,10.0,0.0,0.0,0.5975314418060912,0.8636954211526446,0.7527777777777778,18.319444444444443,7.527777777777778,7.527777777777778,4.333333333333333,2.3333333333333335,2.3333333333333335,1.1666666666666667,0.1388888888888889,0.1388888888888889,0.375,0.0,0.0
E16a,van,24-32,dense,missing,1,0.6611036658287048,0.6611036658287048,30.0,10.0,0.0,10.0,2.0,0.0,0.8,0.433982640504837,0.585479736328125,1.0,21.0,10.0,2.0,8.0,0.0,0.0,1.0,0.0,0.0,0.0,0.0,0.0
E16a,van,24-32,dense,present,6,0.8186932901541392,0.8186932901541392,39.5,10.0,0.0,10.0,8.166666666666666,0.0,0.18333333333333335,0.5326406061649323,0.8172800838947296,0.912962962962963,30.166666666666668,9.0,7.333333333333333,7.333333333333333,0.8333333333333334,0.6666666666666666,1.8333333333333333,0.16666666666666666,0.16666666666666666,0.16666666666666666,0.0,0.0
E16a,van,24-32,middle,missing,12,0.6867265601952871,0.6800531297922134,40.916666666666664,10.0,0.0,10.0,10.0,0.0,0.0,0.3336423995594184,0.6800447752078375,0.7832491582491583,30.5,7.916666666666667,7.833333333333333,8.083333333333334,1.75,1.75,1.75,0.3333333333333333,0.4166666666666667,0.5833333333333334,0.0,0.0
E16a,van,24-32,middle,present,165,0.8876714124824061,0.8750593543052674,41.72727272727273,10.0,0.0,10.0,9.981818181818182,0.0,0.0018181818181818184,0.565517600738641,0.8719845338301225,0.7348653198653199,31.363636363636363,7.345454545454546,7.333333333333333,7.957575757575758,2.5515151515151517,2.5454545454545454,1.915151515151515,0.10303030303030303,0.10303030303030303,0.4909090909090909,0.0,0.0
E16a,van,24-32,sparse,missing,9,0.6807679401503669,0.6518190370665656,48.888888888888886,10.0,0.0,10.0,10.0,0.0,0.0,0.4011049187845654,0.6496549579832289,0.6666666666666666,34.666666666666664,6.666666666666667,6.666666666666667,11.333333333333334,2.7777777777777777,2.7777777777777777,2.3333333333333335,0.5555555555555556,0.5555555555555556,0.5555555555555556,0.0,0.0
E16a,van,24-32,sparse,present,128,0.9021272715181112,0.8873293560463935,46.03125,10.0,0.0,10.0,10.0,0.0,0.0,0.6680528675206006,0.8771013114601374,0.5375,34.53125,5.375,5.375,8.859375,4.265625,4.265625,2.0546875,0.359375,0.359375,0.5859375,0.0,0.0
E16a,van,8-16,dense,missing,30,0.6124736974636714,0.59271972378095,6.9,6.6,0.0,6.566666666666666,4.6,0.1,0.3195238095238095,0.310244874269874,0.5945394425480454,0.7085684891240447,5.266666666666667,5.0,3.3666666666666667,1.1666666666666667,1.1,0.9,0.43333333333333335,0.43333333333333335,0.3,0.03333333333333333,0.03333333333333333,0.03333333333333333
E16a,van,8-16,dense,present,20,0.8011261463165283,0.7955171018838882,7.1,7.05,0.0,6.95,5.55,0.0,0.20748015873015874,0.3995904564857483,0.7987273395061493,0.7952380952380953,5.4,5.3,4.35,1.3,1.25,0.85,0.35,0.35,0.3,0.05,0.05,0.05
E16a,van,8-16,middle,missing,51,0.656111932852689,0.6471641946072672,8.647058823529411,7.392156862745098,0.0,7.372549019607843,7.117647058823529,0.0,0.03006535947712418,0.32149150076450084,0.6401792402360954,0.772416744475568,6.509803921568627,5.705882352941177,5.588235294117647,1.6862745098039216,1.392156862745098,1.2745098039215685,0.37254901960784315,0.2549019607843137,0.23529411764705882,0.0784313725490196,0.0196078431372549,0.0196078431372549
E16a,van,8-16,middle,present,115,0.8470163407533066,0.8439241870589879,10.278260869565218,8.226086956521739,0.0,8.173913043478262,8.043478260869565,0.0,0.016590752242926155,0.4911421946857287,0.8402916856434034,0.7789710772319468,7.8,6.4,6.304347826086956,1.9130434782608696,1.4782608695652173,1.4521739130434783,0.4434782608695652,0.24347826086956523,0.23478260869565218,0.12173913043478261,0.05217391304347826,0.05217391304347826
E16a,van,8-16,sparse,missing,11,0.6600464392792095,0.6536472358486869,13.636363636363637,8.272727272727273,0.0,8.272727272727273,8.272727272727273,0.0,0.0,0.35496073013002216,0.6499292606657202,0.7621212121212121,9.909090909090908,6.545454545454546,6.545454545454546,2.8181818181818183,1.4545454545454546,1.4545454545454546,0.5454545454545454,0.18181818181818182,0.18181818181818182,0.36363636363636365,0.09090909090909091,0.09090909090909091
E16a,van,8-16,sparse,present,35,0.8423887372016907,0.8342008539608546,13.142857142857142,8.82857142857143,0.0,8.82857142857143,8.82857142857143,0.0,0.0,0.562879056589944,0.8262708902359008,0.7907482993197279,10.114285714285714,6.9714285714285715,6.9714285714285715,2.2857142857142856,1.5714285714285714,1.5714285714285714,0.5428571428571428,0.22857142857142856,0.22857142857142856,0.2,0.05714285714285714,0.05714285714285714
E21a,awning-tricycle,0-8,dense,missing,2,0.6054573357105255,0.6054573357105255,2.0,2.0,0.0,2.0,2.0,0.0,0.0,0.41181260347366333,0.5957246422767639,1.0,2.0,2.0,2.0,0.0,0.0,0.0,0.0,0.0,0.0,0.0,0.0,0.0
E21a,awning-tricycle,0-8,middle,missing,7,0.6116360894271305,0.6116360894271305,2.857142857142857,2.857142857142857,0.0,2.857142857142857,2.857142857142857,0.0,0.0,0.3731142495359693,0.5935466459819249,0.7142857142857143,2.142857142857143,2.142857142857143,2.142857142857143,0.7142857142857143,0.7142857142857143,0.7142857142857143,0.0,0.0,0.0,0.0,0.0,0.0
E21a,awning-tricycle,0-8,middle,present,5,0.7756344556808472,0.766911506652832,5.4,5.4,0.0,5.2,4.8,0.0,0.06666666666666667,0.4829476594924927,0.7731863260269165,0.8699999999999999,4.4,4.2,4.0,0.8,0.8,0.6,0.2,0.2,0.2,0.0,0.0,0.0
E21a,awning-tricycle,16-24,dense,missing,2,0.6899399161338806,0.5952689051628113,23.0,10.0,0.0,10.0,9.5,0.0,0.05,0.13491740077733988,0.6825245320796967,0.5833333333333333,17.5,6.0,5.5,4.0,3.0,3.0,1.0,1.0,1.0,0.5,0.0,0.0
E21a,awning-tricycle,16-24,dense,present,7,0.8615716951234,0.8197077257292611,24.714285714285715,10.0,0.0,10.0,9.571428571428571,0.0,0.042857142857142864,0.5242946020194462,0.8448896322931562,0.4992063492063492,18.571428571428573,5.142857142857143,4.714285714285714,4.428571428571429,3.857142857142857,3.857142857142857,1.2857142857142858,1.0,1.0,0.42857142857142855,0.0,0.0
E21a,awning-tricycle,16-24,middle,missing,23,0.6336785852909088,0.5919532737006312,23.52173913043478,10.0,0.0,10.0,9.608695652173912,0.0,0.0391304347826087,0.1967664053258688,0.6213282709536345,0.7096618357487923,17.347826086956523,7.086956521739131,6.826086956521739,4.565217391304348,2.3043478260869565,2.217391304347826,1.2608695652173914,0.6086956521739131,0.5652173913043478,0.34782608695652173,0.0,0.0
E21a,awning-tricycle,16-24,middle,present,34,0.8514319903710309,0.846217963625403,23.08823529411765,9.852941176470589,0.0,9.852941176470589,9.852941176470589,0.0,0.0,0.4348018379772411,0.8398610388531405,0.7065126050420169,17.352941176470587,6.970588235294118,6.970588235294118,4.411764705882353,2.5294117647058822,2.5294117647058822,1.1470588235294117,0.35294117647058826,0.35294117647058826,0.17647058823529413,0.0,0.0
E21a,awning-tricycle,16-24,sparse,present,32,0.8708253037184477,0.8555890638381243,32.84375,10.0,0.0,10.0,10.0,0.0,0.0,0.5202086404897273,0.8515083231031895,0.615625,24.4375,6.15625,6.15625,6.40625,3.5625,3.5625,1.71875,0.28125,0.28125,0.28125,0.0,0.0
E21a,awning-tricycle,24-32,dense,missing,2,0.6721755564212799,0.635007381439209,18.5,10.0,0.0,10.0,5.5,0.0,0.44999999999999996,0.2572001740336418,0.6623360514640808,0.4107142857142857,14.0,6.0,2.5,3.5,3.5,2.5,1.0,0.5,0.5,0.0,0.0,0.0
E21a,awning-tricycle,24-32,dense,present,4,0.88504658639431,0.6845643371343613,43.75,10.0,0.0,10.0,10.0,0.0,0.0,0.5439645312726498,0.8691673129796982,0.3,32.75,3.0,3.0,8.25,5.5,5.5,2.0,1.25,1.25,0.75,0.25,0.25
E21a,awning-tricycle,24-32,middle,missing,22,0.6612699438225139,0.6279812062328513,36.18181818181818,10.0,0.0,10.0,9.090909090909092,0.0,0.09090909090909091,0.24792495573108841,0.6539033746177499,0.672077922077922,26.818181818181817,6.818181818181818,6.181818181818182,7.363636363636363,2.590909090909091,2.409090909090909,1.5909090909090908,0.5909090909090909,0.5,0.4090909090909091,0.0,0.0
E21a,awning-tricycle,24-32,middle,present,27,0.8467287487453885,0.8056400352054172,44.0,10.0,0.0,10.0,9.703703703703704,0.0,0.02962962962962963,0.43922077229729406,0.8373396286257991,0.5126543209876543,32.81481481481482,5.0,4.925925925925926,8.666666666666666,4.296296296296297,4.074074074074074,2.0,0.7037037037037037,0.7037037037037037,0.5185185185185185,0.0,0.0
E21a,awning-tricycle,24-32,sparse,missing,12,0.6994097878535589,0.5955597907304764,38.75,10.0,0.0,10.0,10.0,0.0,0.0,0.23136637049416697,0.6954852342605591,0.5,29.583333333333332,5.0,5.0,7.083333333333333,4.333333333333333,4.333333333333333,1.6666666666666667,0.6666666666666666,0.6666666666666666,0.4166666666666667,0.0,0.0
E21a,awning-tricycle,24-32,sparse,present,51,0.8980073882084266,0.8513022018413917,50.98039215686274,10.0,0.0,10.0,10.0,0.0,0.0,0.5479548649460662,0.8749446787086188,0.3843137254901961,38.86274509803921,3.843137254901961,3.843137254901961,9.058823529411764,5.392156862745098,5.392156862745098,2.392156862745098,0.7647058823529411,0.7647058823529411,0.6666666666666666,0.0,0.0
E21a,awning-tricycle,8-16,dense,missing,7,0.6451496311596462,0.6451496311596462,7.428571428571429,6.142857142857143,0.0,6.142857142857143,5.142857142857143,0.0,0.1285714285714286,0.27987546580178396,0.60374002797263,0.7129251700680272,5.428571428571429,4.428571428571429,3.7142857142857144,1.4285714285714286,1.4285714285714286,1.1428571428571428,0.42857142857142855,0.2857142857142857,0.2857142857142857,0.14285714285714285,0.0,0.0
E21a,awning-tricycle,8-16,dense,present,7,0.8371449794088092,0.8204813855034965,11.142857142857142,9.142857142857142,0.0,9.142857142857142,8.428571428571429,0.0,0.073015873015873,0.4769356165613447,0.8279786705970764,0.75,7.857142857142857,7.0,6.285714285714286,2.7142857142857144,2.0,2.0,0.2857142857142857,0.14285714285714285,0.14285714285714285,0.2857142857142857,0.0,0.0
E21a,awning-tricycle,8-16,middle,missing,28,0.6673114619084767,0.6589802311999458,10.892857142857142,8.392857142857142,0.0,8.357142857142858,8.035714285714286,0.0,0.0336734693877551,0.30672699292855604,0.6564920523336956,0.7463718820861678,8.142857142857142,6.321428571428571,6.0,2.0714285714285716,1.6071428571428572,1.6071428571428572,0.5714285714285714,0.32142857142857145,0.32142857142857145,0.10714285714285714,0.10714285714285714,0.10714285714285714
E21a,awning-tricycle,8-16,middle,present,21,0.8336797186306545,0.8319755338487171,13.238095238095237,8.619047619047619,0.0,8.619047619047619,8.619047619047619,0.0,0.0,0.4395188774381365,0.8319271717752729,0.7736961451247165,10.333333333333334,6.714285714285714,6.714285714285714,2.5714285714285716,1.7142857142857142,1.7142857142857142,0.14285714285714285,0.09523809523809523,0.09523809523809523,0.19047619047619047,0.09523809523809523,0.09523809523809523
E21a,awning-tricycle,8-16,sparse,missing,1,0.7301756739616394,0.7301756739616394,7.0,7.0,0.0,7.0,7.0,0.0,0.0,0.3932279646396637,0.7277876138687134,0.8571428571428571,6.0,6.0,6.0,1.0,1.0,1.0,0.0,0.0,0.0,0.0,0.0,0.0
E21a,awning-tricycle,8-16,sparse,present,11,0.8284459601749073,0.8086698272011497,11.0,8.636363636363637,0.0,8.636363636363637,8.636363636363637,0.0,0.0,0.4604599990627982,0.8093239123171027,0.7354978354978354,8.363636363636363,6.363636363636363,6.363636363636363,2.1818181818181817,2.090909090909091,2.090909090909091,0.45454545454545453,0.18181818181818182,0.18181818181818182,0.0,0.0,0.0
E21a,bicycle,0-8,dense,missing,36,0.52024345099926,0.5123324286606576,2.361111111111111,2.361111111111111,0.05555555555555555,2.361111111111111,1.3611111111111112,0.3055555555555556,0.43102240896358546,0.3749810995906591,0.5006159891933203,0.892,1.9722222222222223,1.9722222222222223,1.1666666666666667,0.2777777777777778,0.2777777777777778,0.16666666666666666,0.027777777777777776,0.027777777777777776,0.0,0.08333333333333333,0.08333333333333333,0.027777777777777776
E21a,bicycle,0-8,dense,present,6,0.8214877645174662,0.8214877645174662,2.8333333333333335,2.8333333333333335,0.0,2.8333333333333335,2.3333333333333335,0.0,0.15277777777777776,0.47160570323467255,0.8137714465459188,0.8472222222222222,2.1666666666666665,2.1666666666666665,1.8333333333333333,0.5,0.5,0.3333333333333333,0.0,0.0,0.0,0.16666666666666666,0.16666666666666666,0.16666666666666666
E21a,bicycle,0-8,middle,missing,4,0.5545260235667229,0.5545260235667229,3.5,3.5,0.0,3.25,3.25,0.0,0.0,0.37988847494125366,0.5203036442399025,0.9375,3.25,3.0,3.0,0.0,0.0,0.0,0.25,0.25,0.25,0.0,0.0,0.0
E21a,bicycle,0-8,sparse,missing,3,0.6134466926256815,0.6134466926256815,4.0,4.0,0.0,4.0,4.0,0.0,0.0,0.4063116709391276,0.5941577553749084,0.7999999999999999,3.0,3.0,3.0,0.6666666666666666,0.6666666666666666,0.6666666666666666,0.3333333333333333,0.3333333333333333,0.3333333333333333,0.0,0.0,0.0
E21a,bicycle,16-24,dense,missing,49,0.6350234637455064,0.6212528548678573,17.918367346938776,9.918367346938776,0.0,9.918367346938776,6.673469387755102,0.0,0.33129251700680273,0.2724972374889315,0.6187204457059199,0.727680596047943,13.73469387755102,7.489795918367347,4.918367346938775,3.204081632653061,1.9591836734693877,1.3877551020408163,0.7959183673469388,0.46938775510204084,0.3673469387755102,0.1836734693877551,0.0,0.0
E21a,bicycle,16-24,dense,present,50,0.8346915709972381,0.8232064139842987,18.54,9.88,0.0,9.84,8.52,0.0,0.136,0.39825146079063417,0.8297292065620422,0.6782142857142857,13.82,6.84,5.8,3.68,2.4,2.18,0.82,0.56,0.5,0.22,0.04,0.04
E21a,bicycle,16-24,middle,missing,85,0.6694182343342725,0.6631300978800829,19.929411764705883,9.941176470588236,0.0,9.941176470588236,9.541176470588235,0.0,0.04058823529411765,0.2915665112874087,0.6575405555612901,0.7589962651727358,14.870588235294118,7.564705882352941,7.270588235294118,3.823529411764706,2.0,1.8941176470588235,0.9529411764705882,0.3411764705882353,0.3411764705882353,0.2823529411764706,0.03529411764705882,0.03529411764705882
E21a,bicycle,16-24,middle,present,128,0.8359067956916988,0.8237524144351482,21.203125,9.9296875,0.0,9.9296875,9.7578125,0.0,0.017274305555555557,0.42671029071789235,0.8263755431398749,0.7276222041847041,16.0390625,7.25,7.1171875,3.890625,2.21875,2.1796875,0.96875,0.390625,0.390625,0.3046875,0.0703125,0.0703125
E21a,bicycle,16-24,sparse,missing,23,0.6845260353192039,0.6767652695593627,19.043478260869566,10.0,0.0,10.0,10.0,0.0,0.0,0.2915159505994423,0.6578749508961387,0.8043478260869565,14.434782608695652,8.043478260869565,8.043478260869565,3.391304347826087,1.565217391304348,1.565217391304348,0.8695652173913043,0.30434782608695654,0.30434782608695654,0.34782608695652173,0.08695652173913043,0.08695652173913043
E21a,bicycle,16-24,sparse,present,57,0.8456560153710214,0.8341390009511981,23.63157894736842,10.0,0.0,10.0,10.0,0.0,0.0,0.4721480221079107,0.8386272944902119,0.7894736842105263,17.614035087719298,7.894736842105263,7.894736842105263,4.508771929824562,2.0,2.0,1.1403508771929824,0.10526315789473684,0.10526315789473684,0.3684210526315789,0.0,0.0
E21a,bicycle,24-32,dense,missing,9,0.648197333017985,0.6271599067582024,33.666666666666664,10.0,0.0,10.0,7.777777777777778,0.0,0.2222222222222222,0.3071491801076465,0.6380705204274919,0.7209876543209877,25.444444444444443,7.333333333333333,5.555555555555555,6.666666666666667,2.2222222222222223,1.8888888888888888,1.2222222222222223,0.4444444444444444,0.3333333333333333,0.3333333333333333,0.0,0.0
E21a,bicycle,24-32,dense,present,30,0.8473063548405965,0.8182864566644033,31.333333333333332,10.0,0.0,10.0,8.766666666666667,0.0,0.12333333333333334,0.5197485173741977,0.8325480937957763,0.5487169312169312,23.633333333333333,5.666666666666667,4.866666666666666,6.133333333333334,3.7666666666666666,3.4,1.3,0.5666666666666667,0.5,0.26666666666666666,0.0,0.0
E21a,bicycle,24-32,middle,missing,33,0.6746261020501455,0.6605894484303214,35.84848484848485,10.0,0.0,10.0,9.575757575757576,0.0,0.04242424242424242,0.33950613168152893,0.6607822703592705,0.7523689273689274,27.21212121212121,7.545454545454546,7.303030303030303,6.545454545454546,2.242424242424242,2.0606060606060606,1.5757575757575757,0.18181818181818182,0.18181818181818182,0.5151515151515151,0.030303030303030304,0.030303030303030304
E21a,bicycle,24-32,middle,present,115,0.8529357879058175,0.8409004455027373,37.29565217391304,10.0,0.0,10.0,9.895652173913044,0.0,0.010434782608695653,0.4825299369252246,0.8389580757721611,0.6747826086956521,28.243478260869566,6.756521739130434,6.6869565217391305,6.71304347826087,2.9304347826086956,2.8956521739130436,1.9391304347826086,0.3130434782608696,0.3130434782608696,0.4,0.0,0.0
E21a,bicycle,24-32,sparse,missing,8,0.6547614261507988,0.639519453048706,35.0,10.0,0.0,10.0,10.0,0.0,0.0,0.24646813981235025,0.6374353468418121,0.7,27.125,7.0,7.0,6.125,2.75,2.75,1.625,0.25,0.25,0.125,0.0,0.0
E21a,bicycle,24-32,sparse,present,70,0.8621303941522326,0.8493256287915366,41.47142857142857,10.0,0.0,10.0,10.0,0.0,0.0,0.5246350880180086,0.839336177280971,0.6585714285714286,30.742857142857144,6.585714285714285,6.585714285714285,8.042857142857143,3.242857142857143,3.242857142857143,2.1285714285714286,0.17142857142857143,0.17142857142857143,0.5571428571428572,0.0,0.0
E21a,bicycle,8-16,dense,missing,99,0.6000385829294571,0.5920388222944857,6.454545454545454,6.0606060606060606,0.0,5.97979797979798,3.808080808080808,0.050505050505050504,0.3775332691999359,0.33872178276168535,0.5779789803510017,0.6900793650793651,4.787878787878788,4.424242424242424,2.707070707070707,1.2727272727272727,1.1717171717171717,0.8484848484848485,0.3333333333333333,0.32323232323232326,0.24242424242424243,0.06060606060606061,0.06060606060606061,0.010101010101010102
E21a,bicycle,8-16,dense,present,72,0.8319921592871348,0.8211565497848723,7.930555555555555,7.333333333333333,0.0,7.333333333333333,5.388888888888889,0.013888888888888888,0.26230709876543207,0.47739175906483555,0.8217432230291232,0.7435222445785826,6.180555555555555,5.638888888888889,3.9583333333333335,1.3611111111111112,1.3055555555555556,1.1111111111111112,0.3333333333333333,0.3333333333333333,0.2916666666666667,0.05555555555555555,0.05555555555555555,0.027777777777777776
E21a,bicycle,8-16,middle,missing,93,0.6091951282434566,0.6058419128899933,8.408602150537634,7.741935483870968,0.0,7.634408602150538,6.333333333333333,0.0,0.16824116743471582,0.2718801893373971,0.5833898928537163,0.7463005632360471,6.311827956989247,5.78494623655914,4.688172043010753,1.5161290322580645,1.3440860215053763,1.2258064516129032,0.4731182795698925,0.40860215053763443,0.3333333333333333,0.10752688172043011,0.0967741935483871,0.08602150537634409
E21a,bicycle,8-16,middle,present,52,0.8296104073524475,0.8167135921808389,10.5,8.365384615384615,0.0,8.326923076923077,7.615384615384615,0.0,0.07633547008547009,0.450388749774832,0.8222040304770837,0.7208943833943834,7.9423076923076925,6.173076923076923,5.5,1.9807692307692308,1.6730769230769231,1.6346153846153846,0.4423076923076923,0.38461538461538464,0.38461538461538464,0.1346153846153846,0.09615384615384616,0.09615384615384616
E21a,bicycle,8-16,sparse,missing,17,0.6374249037574319,0.6336487882277545,9.117647058823529,8.117647058823529,0.0,8.058823529411764,8.058823529411764,0.0,0.0,0.28359588542405295,0.6302551171358894,0.7813725490196078,6.823529411764706,6.0588235294117645,6.0588235294117645,1.6470588235294117,1.4705882352941178,1.4705882352941178,0.5882352941176471,0.5294117647058824,0.5294117647058824,0.058823529411764705,0.0,0.0
E21a,bicycle,8-16,sparse,present,14,0.8233195160116468,0.818818633045469,9.571428571428571,8.071428571428571,0.0,8.071428571428571,8.071428571428571,0.0,0.0,0.41660895730767933,0.8224258550575801,0.7826530612244899,7.071428571428571,6.285714285714286,6.285714285714286,2.0714285714285716,1.5,1.5,0.42857142857142855,0.2857142857142857,0.2857142857142857,0.0,0.0,0.0
E21a,bus,0-8,dense,missing,2,0.7040048837661743,0.6337983310222626,3.0,3.0,0.0,3.0,3.0,0.0,0.0,0.2771848440170288,0.6992948055267334,0.6666666666666666,2.0,2.0,2.0,1.0,1.0,1.0,0.0,0.0,0.0,0.0,0.0,0.0
E21a,bus,0-8,middle,missing,5,0.5880876004695892,0.5667623579502106,3.4,3.4,0.0,2.8,2.8,0.0,0.0,0.3498441815376282,0.5728995442390442,0.6666666666666666,2.4,2.0,2.0,0.8,0.6,0.6,0.2,0.2,0.2,0.0,0.0,0.0
E21a,bus,0-8,middle,present,2,0.8033573627471924,0.8033573627471924,5.0,5.0,0.0,5.0,5.0,0.0,0.0,0.3661511540412903,0.7999669313430786,0.5833333333333333,3.0,3.0,3.0,1.0,1.0,1.0,1.0,1.0,1.0,0.0,0.0,0.0
E21a,bus,16-24,dense,missing,1,0.6756553053855896,0.6756553053855896,23.0,10.0,0.0,10.0,10.0,0.0,0.0,0.2765306234359741,0.6632932424545288,0.7,18.0,7.0,7.0,4.0,3.0,3.0,1.0,0.0,0.0,0.0,0.0,0.0
E21a,bus,16-24,middle,missing,11,0.6401392925869335,0.5585197399963032,19.0,10.0,0.0,10.0,9.909090909090908,0.0,0.009090909090909092,0.17647765678438268,0.6218643974174153,0.706060606060606,14.727272727272727,7.090909090909091,7.0,3.272727272727273,2.272727272727273,2.272727272727273,0.8181818181818182,0.5454545454545454,0.5454545454545454,0.18181818181818182,0.09090909090909091,0.09090909090909091
E21a,bus,16-24,middle,present,19,0.868546652166467,0.8453626758173892,23.736842105263158,10.0,0.0,10.0,10.0,0.0,0.0,0.5207156840907899,0.8584905549099571,0.6684210526315789,17.94736842105263,6.684210526315789,6.684210526315789,4.526315789473684,2.8947368421052633,2.8947368421052633,1.0,0.42105263157894735,0.42105263157894735,0.2631578947368421,0.0,0.0
E21a,bus,16-24,sparse,missing,3,0.6484614014625549,0.6415987809499105,28.0,10.0,0.0,10.0,10.0,0.0,0.0,0.39066848158836365,0.6273804306983948,0.7999999999999999,21.0,8.0,8.0,5.0,1.6666666666666667,1.6666666666666667,2.0,0.3333333333333333,0.3333333333333333,0.0,0.0,0.0
E21a,bus,16-24,sparse,present,11,0.8931987177241932,0.8559669960628856,37.45454545454545,10.0,0.0,10.0,10.0,0.0,0.0,0.504893185062842,0.8761043440211903,0.5636363636363636,28.454545454545453,5.636363636363637,5.636363636363637,7.2727272727272725,3.8181818181818183,3.8181818181818183,1.6363636363636365,0.5454545454545454,0.5454545454545454,0.09090909090909091,0.0,0.0
E21a,bus,24-32,middle,missing,1,0.3596116900444031,0.2711950242519378,38.0,10.0,0.0,10.0,10.0,0.0,0.0,0.0574224069714546,0.3498462438583374,0.7,30.0,7.0,7.0,6.0,3.0,3.0,2.0,0.0,0.0,0.0,0.0,0.0
E21a,bus,24-32,middle,present,22,0.9068503813310103,0.8775656873529608,37.95454545454545,10.0,0.0,10.0,10.0,0.0,0.0,0.621195720678026,0.8862923302433707,0.6454545454545454,29.09090909090909,6.454545454545454,6.454545454545454,7.0,3.3181818181818183,3.3181818181818183,1.5909090909090908,0.22727272727272727,0.22727272727272727,0.2727272727272727,0.0,0.0
E21a,bus,24-32,sparse,missing,2,0.6873111724853516,0.5033043026924133,65.0,10.0,0.0,10.0,10.0,0.0,0.0,0.13354758173227305,0.6795305609703064,0.3,48.0,3.0,3.0,13.0,5.0,5.0,3.0,2.0,2.0,1.0,0.0,0.0
E21a,bus,24-32,sparse,present,9,0.9270113574133979,0.8843534191449484,53.77777777777778,10.0,0.0,10.0,10.0,0.0,0.0,0.6660304400655959,0.8906653722127279,0.3333333333333333,40.0,3.3333333333333335,3.3333333333333335,11.0,5.111111111111111,5.111111111111111,2.111111111111111,1.5555555555555556,1.5555555555555556,0.6666666666666666,0.0,0.0
E21a,bus,8-16,dense,missing,2,0.5443461835384369,0.5154127180576324,10.5,9.0,0.0,8.5,8.0,0.0,0.05,0.17393215373158455,0.5389434844255447,0.873015873015873,9.0,7.5,7.0,1.0,1.0,1.0,0.5,0.0,0.0,0.0,0.0,0.0
E21a,bus,8-16,middle,missing,19,0.5674674432528647,0.5593404769897461,8.0,7.7894736842105265,0.0,7.473684210526316,7.421052631578948,0.0,0.0075187969924812,0.19559176815183538,0.5460186412459925,0.7496449456975773,6.2105263157894735,5.684210526315789,5.684210526315789,1.368421052631579,1.368421052631579,1.3157894736842106,0.42105263157894735,0.42105263157894735,0.42105263157894735,0.0,0.0,0.0
E21a,bus,8-16,middle,present,4,0.8445944935083389,0.8445944935083389,6.75,6.75,0.0,6.75,6.75,0.0,0.0,0.4503124728798866,0.8436736017465591,0.7142857142857143,5.0,5.0,5.0,1.0,1.0,1.0,0.5,0.5,0.5,0.25,0.25,0.25
E21a,bus,8-16,sparse,missing,1,0.5372431874275208,0.5372431874275208,7.0,7.0,0.0,6.0,6.0,0.0,0.0,0.1576305776834488,0.5299399495124817,0.8333333333333334,6.0,5.0,5.0,1.0,1.0,1.0,0.0,0.0,0.0,0.0,0.0,0.0
E21a,bus,8-16,sparse,present,2,0.844753086566925,0.7896323204040527,22.5,10.0,0.0,10.0,10.0,0.0,0.0,0.3968639224767685,0.8399743735790253,0.8,18.0,8.0,8.0,4.0,2.0,2.0,0.5,0.0,0.0,0.0,0.0,0.0
E21a,car,0-8,dense,missing,262,0.540474203820447,0.5280070759867894,2.145038167938931,2.145038167938931,0.04580152671755725,2.114503816793893,1.7595419847328244,0.10687022900763359,0.14606521323388794,0.3826714681986815,0.5193125761758822,0.7732498982498982,1.5801526717557253,1.5572519083969465,1.3091603053435115,0.45038167938931295,0.44656488549618323,0.35877862595419846,0.09541984732824428,0.0916030534351145,0.07633587786259542,0.019083969465648856,0.019083969465648856,0.015267175572519083
E21a,car,0-8,dense,present,49,0.8134276015417916,0.7983653150042709,2.7142857142857144,2.7142857142857144,0.0,2.63265306122449,2.489795918367347,0.0,0.04387755102040816,0.547500263063275,0.8086599549468683,0.8108843537414966,2.142857142857143,2.0816326530612246,1.9591836734693877,0.42857142857142855,0.40816326530612246,0.40816326530612246,0.10204081632653061,0.10204081632653061,0.10204081632653061,0.04081632653061224,0.04081632653061224,0.02040816326530612
E21a,car,0-8,middle,missing,216,0.621470468946629,0.6146272231169321,2.6481481481481484,2.6481481481481484,0.018518518518518517,2.6064814814814814,2.5833333333333335,0.018518518518518517,0.007468553459119497,0.4222841933940731,0.5977253952054834,0.743486073674753,1.9444444444444444,1.9074074074074074,1.8981481481481481,0.5416666666666666,0.5370370370370371,0.5324074074074074,0.12962962962962962,0.12962962962962962,0.12037037037037036,0.032407407407407406,0.032407407407407406,0.032407407407407406
E21a,car,0-8,middle,present,163,0.8193852916085647,0.8111273858444822,3.496932515337423,3.496932515337423,0.0,3.478527607361963,3.478527607361963,0.0,0.0,0.568687024292039,0.8148541757665528,0.7562956470931931,2.638036809815951,2.6196319018404908,2.6196319018404908,0.6748466257668712,0.6748466257668712,0.6748466257668712,0.1656441717791411,0.1656441717791411,0.1656441717791411,0.018404907975460124,0.018404907975460124,0.018404907975460124
E21a,car,0-8,sparse,missing,23,0.5411888532664465,0.532712088006994,2.4347826086956523,2.4347826086956523,0.08695652173913043,2.260869565217391,2.260869565217391,0.13043478260869565,0.0,0.4086062014102936,0.5746596679091454,0.7424999999999999,1.6956521739130435,1.6521739130434783,1.6521739130434783,0.6086956521739131,0.5652173913043478,0.5652173913043478,0.08695652173913043,0.043478260869565216,0.043478260869565216,0.043478260869565216,0.0,0.0
E21a,car,0-8,sparse,present,11,0.8418724157593467,0.8174059553579851,4.545454545454546,4.545454545454546,0.0,4.454545454545454,4.454545454545454,0.0,0.0,0.5971206182783301,0.8400292830033735,0.7777056277056276,3.6363636363636362,3.5454545454545454,3.5454545454545454,0.8181818181818182,0.8181818181818182,0.8181818181818182,0.09090909090909091,0.09090909090909091,0.09090909090909091,0.0,0.0,0.0
E21a,car,16-24,dense,missing,28,0.6718151420354843,0.6637523738401276,18.964285714285715,10.0,0.0,10.0,6.785714285714286,0.0,0.32142857142857145,0.3383142612874508,0.6577892393938133,0.7763605442176871,14.714285714285714,7.892857142857143,5.285714285714286,3.3214285714285716,1.75,1.2142857142857142,0.7857142857142857,0.32142857142857145,0.25,0.14285714285714285,0.03571428571428571,0.03571428571428571
E21a,car,16-24,dense,present,65,0.8444380806042597,0.8327074876198401,19.323076923076922,10.0,0.0,10.0,8.784615384615385,0.0,0.12153846153846154,0.4807720897289423,0.8378474189684941,0.7796070596070597,14.6,7.907692307692308,6.876923076923077,3.5692307692307694,1.8,1.6307692307692307,0.8769230769230769,0.27692307692307694,0.24615384615384617,0.27692307692307694,0.015384615384615385,0.03076923076923077
E21a,car,16-24,middle,missing,159,0.6728511456423586,0.6626723417133655,18.666666666666668,9.9874213836478,0.0,9.974842767295597,9.471698113207546,0.0,0.050314465408805034,0.3187946961876356,0.6596863480671397,0.7911924727962464,13.91194968553459,7.9245283018867925,7.515723270440252,3.6289308176100628,1.7610062893081762,1.6666666666666667,0.8553459119496856,0.23270440251572327,0.23270440251572327,0.27044025157232704,0.05660377358490566,0.05660377358490566
E21a,car,16-24,middle,present,1264,0.8716300860330274,0.8653870288141167,20.950949367088608,9.975474683544304,0.0,9.97389240506329,9.896360759493671,0.0,0.007805907172995781,0.6026951573683019,0.8586406813863712,0.8157786613878386,15.804588607594937,8.129746835443038,8.07990506329114,3.920886075949367,1.7238924050632911,1.701740506329114,0.9841772151898734,0.10996835443037975,0.10443037974683544,0.2412974683544304,0.010284810126582278,0.010284810126582278
E21a,car,16-24,sparse,missing,38,0.6735294343609559,0.6648075808035699,22.44736842105263,10.0,0.0,10.0,10.0,0.0,0.0,0.3392117641081935,0.6580451060282556,0.7947368421052632,16.86842105263158,7.947368421052632,7.947368421052632,4.394736842105263,1.736842105263158,1.736842105263158,1.0526315789473684,0.2631578947368421,0.2631578947368421,0.13157894736842105,0.05263157894736842,0.05263157894736842
E21a,car,16-24,sparse,present,583,0.8929877658446493,0.8852003991706089,26.643224699828473,9.994854202401372,0.0,9.994854202401372,9.994854202401372,0.0,0.0,0.7004473306379229,0.8641886498465955,0.7357755452095075,20.058319039451113,7.353344768439108,7.353344768439108,5.0120068610634645,2.5917667238421958,2.5917667238421958,1.2538593481989708,0.048027444253859346,0.048027444253859346,0.3190394511149228,0.0017152658662092624,0.0017152658662092624
E21a,car,24-32,dense,missing,14,0.6855379641056061,0.6467903022255216,38.92857142857143,10.0,0.0,10.0,8.071428571428571,0.0,0.19285714285714287,0.34396952337452336,0.6627005934715271,0.6843253968253968,29.642857142857142,7.285714285714286,6.0,7.642857142857143,2.2857142857142856,1.7142857142857142,1.2142857142857142,0.42857142857142855,0.35714285714285715,0.42857142857142855,0.0,0.0
E21a,car,24-32,dense,present,52,0.8573744251177862,0.8218012222876916,35.23076923076923,10.0,0.0,10.0,8.942307692307692,0.0,0.10576923076923077,0.505107871328409,0.8462098103303176,0.7195360195360195,27.0,7.3076923076923075,6.4423076923076925,6.403846153846154,2.423076923076923,2.230769230769231,1.4423076923076923,0.2692307692307692,0.2692307692307692,0.38461538461538464,0.0,0.0
E21a,car,24-32,middle,missing,64,0.6809262991882861,0.6663580853492022,35.953125,10.0,0.0,10.0,9.609375,0.0,0.0390625,0.37501047214027494,0.6671912726014853,0.812717013888889,26.71875,8.15625,7.8125,6.984375,1.59375,1.546875,1.84375,0.234375,0.234375,0.40625,0.015625,0.015625
E21a,car,24-32,middle,present,917,0.8921907234087895,0.884368273788086,38.291166848418754,10.0,0.0,10.0,9.97928026172301,0.0,0.0020719738276990187,0.6447350265643069,0.8751833435623311,0.7474369414663853,28.731733914940023,7.46782988004362,7.458015267175573,7.285714285714286,2.4591057797164666,2.451472191930207,1.8451472191930207,0.07197382769901854,0.06870229007633588,0.42857142857142855,0.0010905125408942203,0.0010905125408942203
E21a,car,24-32,sparse,missing,27,0.6907707629380403,0.67000044937487,41.7037037037037,10.0,0.0,10.0,10.0,0.0,0.0,0.358345120869301,0.6721136658279984,0.7333333333333334,31.703703703703702,7.333333333333333,7.333333333333333,7.444444444444445,2.4444444444444446,2.4444444444444446,1.9259259259259258,0.2222222222222222,0.2222222222222222,0.6296296296296297,0.0,0.0
E21a,car,24-32,sparse,present,965,0.908352863294473,0.9016121777228123,44.57305699481865,10.0,0.0,10.0,10.0,0.0,0.0,0.7242412408398841,0.8792551895497377,0.5519170984455959,33.42176165803109,5.519170984455958,5.519170984455958,8.421761658031087,4.155440414507772,4.155440414507772,2.157512953367876,0.32538860103626943,0.32538860103626943,0.572020725388601,0.0,0.0
E21a,car,8-16,dense,missing,219,0.6333809655550953,0.6208762220323902,5.926940639269406,5.767123287671233,0.0045662100456621,5.662100456621005,3.771689497716895,0.0136986301369863,0.3078818989369448,0.35238843104215684,0.6161811960240205,0.7269363609641387,4.337899543378995,4.1506849315068495,2.776255707762557,1.178082191780822,1.1232876712328768,0.7397260273972602,0.3013698630136986,0.2876712328767123,0.182648401826484,0.1095890410958904,0.1004566210045662,0.0730593607305936
E21a,car,8-16,dense,present,189,0.8262438174908754,0.8154923072252324,7.756613756613756,7.248677248677248,0.0,7.174603174603175,5.476190476190476,0.0,0.22916771646930376,0.44329965942435795,0.8232522206331687,0.7541001473541156,5.851851851851852,5.386243386243386,4.132275132275132,1.4232804232804233,1.3386243386243386,1.0476190476190477,0.4021164021164021,0.37037037037037035,0.2328042328042328,0.07936507936507936,0.07936507936507936,0.06349206349206349
E21a,car,8-16,middle,missing,381,0.6487543115934987,0.6420682177456032,7.745406824146982,7.091863517060368,0.0,6.971128608923885,6.380577427821522,0.0,0.07284401949756279,0.3270809603195021,0.6327640669239475,0.7567043702870475,5.829396325459317,5.2650918635170605,4.84251968503937,1.4435695538057742,1.2939632545931758,1.162729658792651,0.3858267716535433,0.34120734908136485,0.30708661417322836,0.08661417322834646,0.07086614173228346,0.06824146981627296
E21a,car,8-16,middle,present,961,0.848634537561379,0.8404929545493826,9.779396462018731,7.982310093652445,0.0,7.927159209157128,7.704474505723205,0.0,0.025443486447648777,0.549084150029829,0.8419765083896505,0.7622743339444692,7.345473465140478,6.0780437044745055,5.928199791883455,1.8678459937565037,1.4786680541103017,1.424557752341311,0.4588969823100936,0.30801248699271594,0.29136316337148804,0.10718002081165452,0.062434963579604576,0.060353798126951096
E21a,car,8-16,sparse,missing,39,0.6532191580686814,0.6396194115663186,8.692307692307692,7.487179487179487,0.0,7.487179487179487,7.487179487179487,0.0,0.0,0.3620271235704422,0.6399798362683027,0.7369556369556369,6.410256410256411,5.589743589743589,5.589743589743589,1.564102564102564,1.3846153846153846,1.3846153846153846,0.5128205128205128,0.358974358974359,0.358974358974359,0.20512820512820512,0.15384615384615385,0.15384615384615385
E21a,car,8-16,sparse,present,221,0.8589261686640088,0.8493897162411548,13.542986425339366,9.09049773755656,0.0,9.085972850678733,9.085972850678733,0.0,0.0,0.6380987980516788,0.8409569042300746,0.7669360051712992,10.149321266968325,7.013574660633484,7.013574660633484,2.570135746606335,1.7737556561085972,1.7737556561085972,0.6606334841628959,0.2669683257918552,0.2669683257918552,0.16289592760180996,0.03167420814479638,0.03167420814479638
E21a,motor,0-8,dense,missing,207,0.575656267683863,0.5658128835296862,2.657004830917874,2.657004830917874,0.06280193236714976,2.6280193236714977,2.028985507246377,0.13043478260869565,0.2221811004194424,0.4223393732060989,0.5649470312727822,0.7473544973544973,1.9903381642512077,1.9710144927536233,1.4927536231884058,0.5265700483091788,0.5217391304347826,0.42995169082125606,0.12560386473429952,0.12077294685990338,0.0966183574879227,0.014492753623188406,0.014492753623188406,0.00966183574879227
E21a,motor,0-8,dense,present,67,0.7997894651854216,0.7792314798084657,3.8805970149253732,3.8805970149253732,0.0,3.8805970149253732,3.208955223880597,0.0,0.14846008054963278,0.5056374055236134,0.7904933593166408,0.7321783937455578,2.9402985074626864,2.9402985074626864,2.3582089552238807,0.6865671641791045,0.6865671641791045,0.5970149253731343,0.19402985074626866,0.19402985074626866,0.19402985074626866,0.05970149253731343,0.05970149253731343,0.05970149253731343
E21a,motor,0-8,middle,missing,38,0.5823342855039396,0.5662829193629717,3.0789473684210527,3.0789473684210527,0.05263157894736842,3.0789473684210527,2.789473684210526,0.05263157894736842,0.06858465608465608,0.3730097239216168,0.5765067338943481,0.7097222222222223,2.236842105263158,2.236842105263158,1.9736842105263157,0.631578947368421,0.631578947368421,0.6052631578947368,0.15789473684210525,0.15789473684210525,0.15789473684210525,0.05263157894736842,0.05263157894736842,0.05263157894736842
E21a,motor,0-8,middle,present,14,0.7966752180031368,0.7779150860650199,4.0,4.0,0.0,4.0,3.7857142857142856,0.0,0.03571428571428571,0.4413565418549946,0.7949602561337608,0.775,3.0714285714285716,3.0714285714285716,2.9285714285714284,0.8571428571428571,0.8571428571428571,0.7857142857142857,0.07142857142857142,0.07142857142857142,0.07142857142857142,0.0,0.0,0.0
E21a,motor,0-8,sparse,missing,4,0.6119852140545845,0.6119852140545845,4.0,4.0,0.0,4.0,4.0,0.0,0.0,0.4213477298617363,0.6072697192430496,0.8809523809523809,3.5,3.5,3.5,0.0,0.0,0.0,0.5,0.5,0.5,0.0,0.0,0.0
E21a,motor,0-8,sparse,present,5,0.8060189843177795,0.8028602957725525,5.4,5.4,0.0,5.4,5.4,0.0,0.0,0.4279086858034134,0.803625512123108,0.7961904761904762,4.4,4.4,4.4,0.6,0.6,0.6,0.2,0.2,0.2,0.2,0.2,0.2
E21a,motor,16-24,dense,missing,59,0.689407416319443,0.6761458506018428,16.35593220338983,9.457627118644067,0.0,9.440677966101696,7.745762711864407,0.0,0.18186037126715093,0.3635766729712486,0.6741415105633817,0.6883606036148409,12.35593220338983,6.779661016949152,5.3559322033898304,3.0508474576271185,2.1864406779661016,1.9152542372881356,0.7796610169491526,0.4576271186440678,0.4576271186440678,0.1694915254237288,0.01694915254237288,0.01694915254237288
E21a,motor,16-24,dense,present,270,0.8585020592919103,0.8426432541123143,21.237037037037037,9.862962962962962,0.0,9.85925925925926,9.174074074074074,0.0,0.07049823633156967,0.515659849566442,0.8449438198849007,0.6368267689101023,15.922222222222222,6.348148148148148,5.792592592592593,4.037037037037037,2.8703703703703702,2.7444444444444445,0.9962962962962963,0.5962962962962963,0.6,0.2814814814814815,0.044444444444444446,0.037037037037037035
E21a,motor,16-24,middle,missing,198,0.6576709149762837,0.650395999502654,19.53030303030303,9.88888888888889,0.0,9.868686868686869,9.368686868686869,0.0,0.05155323071989738,0.316347928924693,0.6396283456171402,0.7632796216129549,14.782828282828282,7.606060606060606,7.1767676767676765,3.5707070707070705,1.9242424242424243,1.8636363636363635,0.9595959595959596,0.30303030303030304,0.29797979797979796,0.21717171717171718,0.03535353535353535,0.030303030303030304
E21a,motor,16-24,middle,present,538,0.8502207677603655,0.8401122540789466,23.265799256505577,9.949814126394052,0.0,9.949814126394052,9.860594795539033,0.0,0.009417596034696406,0.4984807610705661,0.8366685175098008,0.6973014800152347,17.50371747211896,6.938661710037175,6.869888475836431,4.4200743494423795,2.600371747211896,2.579925650557621,1.0743494423791822,0.39776951672862454,0.39776951672862454,0.26765799256505574,0.013011152416356878,0.013011152416356878
E21a,motor,16-24,sparse,missing,58,0.6836503199462233,0.6703828162160413,22.56896551724138,9.862068965517242,0.0,9.862068965517242,9.862068965517242,0.0,0.0,0.3452599633099704,0.6677736388198261,0.7613300492610837,16.810344827586206,7.517241379310345,7.517241379310345,4.620689655172414,2.1551724137931036,2.1551724137931036,0.9655172413793104,0.1896551724137931,0.1896551724137931,0.1724137931034483,0.0,0.0
E21a,motor,16-24,sparse,present,253,0.8605353818109385,0.8479515944309386,24.193675889328063,9.996047430830039,0.0,9.996047430830039,9.996047430830039,0.0,0.0,0.5383046947920276,0.8426028572523547,0.7267457180500659,18.158102766798418,7.264822134387352,7.264822134387352,4.565217391304348,2.4901185770750986,2.4901185770750986,1.1660079051383399,0.23715415019762845,0.23715415019762845,0.30434782608695654,0.003952569169960474,0.003952569169960474
E21a,motor,24-32,dense,missing,20,0.6842003881931304,0.6383377179503441,30.35,10.0,0.0,10.0,7.95,0.0,0.205,0.3195606037974357,0.6629020601511002,0.6001190476190477,23.4,6.15,4.7,5.4,3.05,2.55,1.15,0.65,0.6,0.4,0.15,0.1
E21a,motor,24-32,dense,present,140,0.8597263834306172,0.8095659494400025,38.92142857142857,10.0,0.0,10.0,9.664285714285715,0.0,0.03357142857142857,0.5457660572869437,0.8465390707765307,0.4366787775716347,29.064285714285713,4.421428571428572,4.15,7.5,4.635714285714286,4.578571428571428,1.8571428571428572,0.9428571428571428,0.9357142857142857,0.5,0.0,0.0
E21a,motor,24-32,middle,missing,57,0.6718882447794864,0.6549939894885347,40.05263157894737,10.0,0.0,10.0,9.701754385964913,0.0,0.02982456140350877,0.35849444411302867,0.6529779585829952,0.6730854915065441,30.36842105263158,6.719298245614035,6.526315789473684,7.385964912280702,2.807017543859649,2.719298245614035,1.8596491228070176,0.47368421052631576,0.43859649122807015,0.43859649122807015,0.0,0.017543859649122806
E21a,motor,24-32,middle,present,400,0.8626666696369648,0.8382412455976009,40.4175,9.9975,0.0,9.9975,9.9825,0.0,0.0015555555555555557,0.5482688416913152,0.8427517074346542,0.5693470002220002,30.2125,5.68,5.675,7.78,3.6,3.5925,1.95,0.715,0.7125,0.475,0.0025,0.0025
E21a,motor,24-32,sparse,missing,27,0.6697741636523494,0.6289804235652641,44.18518518518518,10.0,0.0,10.0,10.0,0.0,0.0,0.3168414901528094,0.6445405858534353,0.6777777777777778,33.629629629629626,6.777777777777778,6.777777777777778,8.222222222222221,2.8518518518518516,2.8518518518518516,1.8518518518518519,0.3333333333333333,0.3333333333333333,0.48148148148148145,0.037037037037037035,0.037037037037037035
E21a,motor,24-32,sparse,present,245,0.8715781562182368,0.8572385515485491,43.522448979591836,10.0,0.0,10.0,10.0,0.0,0.0,0.5686111122673871,0.8498193169126705,0.6016326530612245,32.779591836734696,6.016326530612245,6.016326530612245,8.13469387755102,3.669387755102041,3.669387755102041,2.057142857142857,0.3142857142857143,0.3142857142857143,0.5510204081632653,0.0,0.0
E21a,motor,8-16,dense,missing,298,0.6486871677557094,0.6388337980180778,7.184563758389261,6.442953020134228,0.006711409395973154,6.375838926174497,4.604026845637584,0.040268456375838924,0.2872653903903904,0.37421195623236936,0.6293618996347581,0.7288475413475414,5.476510067114094,4.798657718120805,3.3422818791946307,1.2751677852348993,1.2046979865771812,0.9697986577181208,0.3221476510067114,0.28187919463087246,0.2214765100671141,0.11073825503355705,0.09060402684563758,0.07046979865771812
E21a,motor,8-16,dense,present,391,0.8332091585144668,0.8161865577978247,9.785166240409207,8.10230179028133,0.0,8.092071611253196,6.524296675191816,0.0025575447570332483,0.19722526691836156,0.4880727729354149,0.8261683986355097,0.6892694342694343,7.3938618925831205,5.900255754475704,4.547314578005115,1.813299232736573,1.6956521739130435,1.5294117647058822,0.4680306905370844,0.4143222506393862,0.3836317135549872,0.10997442455242967,0.08184143222506395,0.0639386189258312
E21a,motor,8-16,middle,missing,276,0.6366701831204303,0.6274208345490954,9.177536231884059,7.746376811594203,0.0036231884057971015,7.684782608695652,7.115942028985507,0.0036231884057971015,0.07577344877344877,0.2943171008337627,0.6149521691690791,0.7358975468975468,6.909420289855072,5.72463768115942,5.242753623188406,1.75,1.536231884057971,1.4746376811594204,0.4166666666666667,0.35144927536231885,0.32971014492753625,0.10144927536231885,0.07246376811594203,0.06884057971014493
E21a,motor,8-16,middle,present,272,0.8244927102590308,0.8149052163695588,12.0,8.886029411764707,0.0,8.856617647058824,8.375,0.0,0.05355392156862745,0.44563608227626367,0.8160875091219649,0.7153098739495798,9.091911764705882,6.4375,5.992647058823529,2.2205882352941178,1.8970588235294117,1.8676470588235294,0.5625,0.4485294117647059,0.4485294117647059,0.125,0.07352941176470588,0.0661764705882353
E21a,motor,8-16,sparse,missing,43,0.6471752316452736,0.6433870182480923,9.093023255813954,7.744186046511628,0.0,7.651162790697675,7.651162790697675,0.0,0.0,0.3190746823715609,0.6331986296315526,0.7474898486526393,6.8604651162790695,5.744186046511628,5.744186046511628,1.697674418604651,1.4883720930232558,1.4883720930232558,0.4883720930232558,0.3953488372093023,0.3953488372093023,0.046511627906976744,0.023255813953488372,0.023255813953488372
E21a,motor,8-16,sparse,present,98,0.839333291564669,0.8327310565783053,11.755102040816327,8.795918367346939,0.0,8.795918367346939,8.795918367346939,0.0,0.0,0.47942662938516967,0.8343267373892725,0.76392938127632,8.806122448979592,6.744897959183674,6.744897959183674,2.2448979591836733,1.6734693877551021,1.6734693877551021,0.5612244897959183,0.32653061224489793,0.32653061224489793,0.14285714285714285,0.05102040816326531,0.05102040816326531
E21a,pedestrian,0-8,dense,missing,286,0.4837795863305772,0.4722824706793665,2.36013986013986,2.36013986013986,0.08391608391608392,2.2587412587412588,1.7517482517482517,0.16433566433566432,0.20122265122265123,0.3573058239383054,0.47091475373063874,0.7385236102809325,1.7517482517482517,1.6853146853146854,1.3426573426573427,0.458041958041958,0.44405594405594406,0.3111888111888112,0.12237762237762238,0.10839160839160839,0.07692307692307693,0.027972027972027972,0.02097902097902098,0.02097902097902098
E21a,pedestrian,0-8,dense,present,8,0.8362975344061852,0.820327490568161,4.75,4.75,0.0,4.625,3.25,0.0,0.20753968253968252,0.45409703627228737,0.8351670205593109,0.8050595238095238,3.625,3.5,2.625,1.0,1.0,0.625,0.125,0.125,0.0,0.0,0.0,0.0
E21a,pedestrian,0-8,middle,missing,249,0.5397982461205927,0.5340163519523708,2.566265060240964,2.566265060240964,0.07630522088353414,2.4538152610441766,2.4176706827309236,0.09236947791164658,0.014896755162241888,0.33277860452710434,0.514427019479999,0.7175726927939318,1.8795180722891567,1.819277108433735,1.7911646586345382,0.5261044176706827,0.4899598393574297,0.4859437751004016,0.11646586345381527,0.10441767068273092,0.10040160642570281,0.04417670682730924,0.040160642570281124,0.040160642570281124
E21a,pedestrian,0-8,middle,present,33,0.8098087924899477,0.8046357252381064,3.5757575757575757,3.5757575757575757,0.0,3.5757575757575757,3.5454545454545454,0.0,0.006060606060606061,0.44383403613711847,0.7955734820076914,0.6862914862914863,2.5454545454545454,2.5454545454545454,2.5454545454545454,0.696969696969697,0.696969696969697,0.696969696969697,0.24242424242424243,0.24242424242424243,0.24242424242424243,0.09090909090909091,0.09090909090909091,0.06060606060606061
E21a,pedestrian,0-8,sparse,missing,31,0.5968645887990152,0.5968496011149499,3.032258064516129,3.032258064516129,0.03225806451612903,3.032258064516129,3.032258064516129,0.03225806451612903,0.0,0.38977278098464013,0.5753140422205131,0.6666666666666666,2.064516129032258,2.064516129032258,2.064516129032258,0.8387096774193549,0.8387096774193549,0.8387096774193549,0.12903225806451613,0.12903225806451613,0.12903225806451613,0.0,0.0,0.0
E21a,pedestrian,0-8,sparse,present,16,0.8054480701684952,0.7975994721055031,3.0625,3.0625,0.0,3.0625,3.0625,0.0,0.0,0.5416680220514536,0.8034883216023445,0.8125,2.375,2.375,2.375,0.5625,0.5625,0.5625,0.125,0.125,0.125,0.0,0.0,0.0
E21a,pedestrian,16-24,dense,missing,90,0.6616888397269779,0.6565125087896982,16.1,9.722222222222221,0.0,9.71111111111111,6.7555555555555555,0.0,0.3096913580246914,0.3433906153672271,0.6431491593519847,0.8146869488536156,12.266666666666667,8.133333333333333,5.666666666666667,2.8555555555555556,1.3,0.8777777777777778,0.7666666666666667,0.2111111111111111,0.14444444444444443,0.2111111111111111,0.06666666666666667,0.06666666666666667
E21a,pedestrian,16-24,dense,present,216,0.845186786795104,0.8365999007666552,18.40740740740741,9.87962962962963,0.0,9.87037037037037,8.74074074074074,0.0,0.11368312757201647,0.46254522374106777,0.8385448028092031,0.8297214873603763,13.875,8.25,7.296296296296297,3.449074074074074,1.3888888888888888,1.2453703703703705,0.8287037037037037,0.18981481481481483,0.16203703703703703,0.25462962962962965,0.041666666666666664,0.037037037037037035
E21a,pedestrian,16-24,middle,missing,366,0.6734481201471527,0.6686617006532481,18.726775956284154,9.836065573770492,0.0,9.816939890710383,9.349726775956285,0.0,0.048037557463786976,0.3206176549664449,0.6615033215675198,0.8565432821580363,14.112021857923498,8.412568306010929,8.024590163934427,3.57103825136612,1.221311475409836,1.1475409836065573,0.8497267759562842,0.15027322404371585,0.14754098360655737,0.19398907103825136,0.03278688524590164,0.030054644808743168
E21a,pedestrian,16-24,middle,present,1177,0.8549913262146048,0.8475679781037868,20.419711129991505,9.95412064570943,0.0,9.949872557349194,9.843670348343245,0.0,0.010733503256867742,0.5173975088417581,0.8443135762984406,0.8521900642546353,15.36873406966865,8.481733220050977,8.401869158878505,3.884451996601529,1.3559898045879355,1.3313508920985557,0.9039932030586236,0.09685641461342395,0.0951571792693288,0.2625318606627018,0.015293118096856415,0.015293118096856415
E21a,pedestrian,16-24,sparse,missing,72,0.6814089810682668,0.6780476888848675,22.666666666666668,9.930555555555555,0.0,9.930555555555555,9.930555555555555,0.0,0.0,0.37489416621004534,0.6624427512288094,0.8771604938271605,17.055555555555557,8.722222222222221,8.722222222222221,4.319444444444445,1.1111111111111112,1.1111111111111112,1.0138888888888888,0.08333333333333333,0.08333333333333333,0.2777777777777778,0.013888888888888888,0.013888888888888888
E21a,pedestrian,16-24,sparse,present,547,0.8668131521022734,0.8592543721852834,23.02376599634369,9.978062157221206,0.0,9.974405850091408,9.974405850091408,0.0,0.0,0.5908564769099356,0.8489202397179124,0.8161791590493601,17.343692870201096,8.144424131627057,8.144424131627057,4.340036563071298,1.7605118829981719,1.7605118829981719,1.093235831809872,0.062157221206581355,0.062157221206581355,0.24680073126142596,0.007312614259597806,0.007312614259597806
E21a,pedestrian,24-32,dense,missing,7,0.6934472152165004,0.679075803075518,38.714285714285715,10.0,0.0,10.0,6.142857142857143,0.0,0.38571428571428573,0.49293926783970426,0.6495319775172642,0.8305555555555556,29.0,8.142857142857142,5.285714285714286,7.571428571428571,1.8571428571428572,0.8571428571428571,1.7142857142857142,0.0,0.0,0.42857142857142855,0.0,0.0
E21a,pedestrian,24-32,dense,present,65,0.8526932771389301,0.8432721798236553,36.92307692307692,10.0,0.0,10.0,8.353846153846154,0.0,0.1646153846153846,0.5084403365850448,0.8395027059775132,0.8522399822399823,27.953846153846154,8.661538461538461,7.2153846153846155,6.769230769230769,1.2923076923076924,1.0923076923076922,1.7846153846153847,0.046153846153846156,0.046153846153846156,0.4153846153846154,0.0,0.0
E21a,pedestrian,24-32,middle,missing,127,0.6860310815450713,0.6786577220507494,37.07874015748032,10.0,0.0,10.0,9.086614173228346,0.007874015748031496,0.09133858267716535,0.3827017397871093,0.6703272398029055,0.8798122952884858,28.173228346456693,8.826771653543307,8.078740157480315,6.748031496062992,1.110236220472441,0.9606299212598425,1.7165354330708662,0.05511811023622047,0.03937007874015748,0.4409448818897638,0.007874015748031496,0.007874015748031496
E21a,pedestrian,24-32,middle,present,605,0.8674141446420969,0.8581959887969592,38.553719008264466,10.0,0.0,10.0,9.895867768595041,0.0,0.010413223140495868,0.5491362146109589,0.8485069731050287,0.8176229830775286,29.02809917355372,8.173553719008265,8.097520661157025,7.267768595041322,1.7570247933884298,1.7338842975206612,1.8330578512396694,0.06942148760330578,0.06446280991735537,0.42479338842975206,0.0,0.0
E21a,pedestrian,24-32,sparse,missing,41,0.6815055695975699,0.6688765352819024,40.68292682926829,10.0,0.0,10.0,10.0,0.0,0.0,0.3914898108781838,0.6473010713007392,0.8707317073170733,31.414634146341463,8.707317073170731,8.707317073170731,7.146341463414634,1.2926829268292683,1.2926829268292683,1.7560975609756098,0.0,0.0,0.36585365853658536,0.0,0.0
E21a,pedestrian,24-32,sparse,present,471,0.8785528071113959,0.8670453944277106,42.97664543524416,10.0,0.0,10.0,10.0,0.0,0.0,0.6233990412608833,0.8481186889032902,0.6912951167728238,32.33545647558386,6.912951167728238,6.912951167728238,8.093418259023355,2.8386411889596603,2.8386411889596603,2.040339702760085,0.2484076433121019,0.2484076433121019,0.5074309978768577,0.0,0.0
E21a,pedestrian,8-16,dense,missing,545,0.6090733239136704,0.5980303039791387,6.045871559633028,5.812844036697248,0.011009174311926606,5.6935779816513765,4.273394495412844,0.03302752293577982,0.23221882929131998,0.3323747803911467,0.5871507886274305,0.7455701635492906,4.565137614678899,4.361467889908257,3.2660550458715596,1.0954128440366973,0.998165137614679,0.744954128440367,0.3155963302752294,0.26972477064220185,0.20917431192660552,0.06972477064220184,0.06422018348623854,0.05321100917431193
E21a,pedestrian,8-16,dense,present,367,0.825068204052117,0.8119995684162472,7.487738419618529,7.0,0.0,6.956403269754769,5.918256130790191,0.0027247956403269754,0.13538774274469095,0.43134646402682114,0.8209162740433802,0.7682300167955906,5.662125340599455,5.32425068119891,4.5422343324250685,1.3869209809264305,1.2397820163487738,1.0354223433242506,0.33787465940054495,0.3079019073569482,0.2615803814713896,0.1008174386920981,0.08446866485013624,0.07901907356948229
E21a,pedestrian,8-16,middle,missing,928,0.627441812836533,0.6225860982908514,7.675646551724138,6.867456896551724,0.003232758620689655,6.689655172413793,6.334051724137931,0.00646551724137931,0.050608551501408645,0.29705236537266855,0.611871012455204,0.7662194849016974,5.676724137931035,5.150862068965517,4.897629310344827,1.5172413793103448,1.1842672413793103,1.0948275862068966,0.39762931034482757,0.2963362068965517,0.2855603448275862,0.08405172413793104,0.05818965517241379,0.05603448275862069
E21a,pedestrian,8-16,middle,present,980,0.831030751004511,0.8226691686681339,9.543877551020408,7.927551020408163,0.0020408163265306124,7.85,7.68265306122449,0.0020408163265306124,0.02175925925925926,0.4499624782681831,0.826976672637682,0.7799079754601227,7.208163265306123,6.186734693877551,6.0653061224489795,1.779591836734694,1.316326530612245,1.279591836734694,0.4346938775510204,0.28469387755102044,0.27653061224489794,0.12142857142857143,0.06224489795918367,0.061224489795918366
E21a,pedestrian,8-16,sparse,missing,216,0.6568813971071331,0.6486071746934343,8.458333333333334,7.263888888888889,0.0,7.175925925925926,7.175925925925926,0.0,0.0,0.34559522734747994,0.6439035999140253,0.7675227807172251,6.314814814814815,5.560185185185185,5.560185185185185,1.6296296296296295,1.2777777777777777,1.2777777777777777,0.46296296296296297,0.3194444444444444,0.3194444444444444,0.05092592592592592,0.018518518518518517,0.018518518518518517
E21a,pedestrian,8-16,sparse,present,303,0.835767120614697,0.8260550011109205,10.564356435643564,8.346534653465346,0.0,8.3003300330033,8.3003300330033,0.0,0.0,0.4900678922929386,0.8286980123016308,0.7817643669128818,8.0,6.597359735973598,6.597359735973598,1.9273927392739274,1.3564356435643565,1.3564356435643565,0.5214521452145214,0.2739273927392739,0.2739273927392739,0.11551155115511551,0.07260726072607261,0.07260726072607261
E21a,people,0-8,dense,missing,434,0.5147892994814754,0.506247415486294,2.725806451612903,2.725806451612903,0.052995391705069124,2.69815668202765,1.3894009216589862,0.28110599078341014,0.4747758761206194,0.39430120851410233,0.5094953064395574,0.7806852869352869,2.02073732718894,2.0023041474654377,1.0529953917050692,0.5046082949308756,0.4976958525345622,0.24193548387096775,0.1543778801843318,0.15207373271889402,0.06682027649769585,0.04608294930875576,0.04608294930875576,0.027649769585253458
E21a,people,0-8,dense,present,40,0.8119325116276741,0.8022684678435326,4.525,4.525,0.0,4.45,3.175,0.0,0.2752678571428572,0.5122031964361667,0.809537336230278,0.7908333333333333,3.35,3.325,2.525,0.9,0.875,0.45,0.15,0.15,0.15,0.125,0.1,0.05
E21a,people,0-8,middle,missing,67,0.5621030392931469,0.5574367718020482,3.791044776119403,3.791044776119403,0.014925373134328358,3.746268656716418,3.3134328358208953,0.029850746268656716,0.1073112073112073,0.2894737013257466,0.5240729993352523,0.7378021978021978,2.8208955223880596,2.791044776119403,2.462686567164179,0.6865671641791045,0.6865671641791045,0.6119402985074627,0.2537313432835821,0.23880597014925373,0.208955223880597,0.029850746268656716,0.029850746268656716,0.029850746268656716
E21a,people,0-8,middle,present,6,0.809487541516622,0.7717165251572927,3.5,3.5,0.0,3.3333333333333335,3.1666666666666665,0.0,0.03333333333333333,0.4774087319771449,0.8075490395228068,0.7722222222222221,2.3333333333333335,2.3333333333333335,2.3333333333333335,1.0,0.8333333333333334,0.6666666666666666,0.16666666666666666,0.16666666666666666,0.16666666666666666,0.0,0.0,0.0
E21a,people,0-8,sparse,missing,3,0.6305335958798727,0.6185034314791361,2.3333333333333335,2.3333333333333335,0.0,2.3333333333333335,2.3333333333333335,0.0,0.0,0.4735390245914459,0.5922595858573914,0.7222222222222222,1.6666666666666667,1.6666666666666667,1.6666666666666667,0.6666666666666666,0.6666666666666666,0.6666666666666666,0.0,0.0,0.0,0.0,0.0,0.0
E21a,people,16-24,dense,missing,100,0.6516068372130394,0.6466301020979881,17.43,9.58,0.0,9.56,6.67,0.02,0.3087539682539683,0.35099299183609534,0.6267106198534673,0.8662900874635568,13.07,8.2,5.9,3.38,1.08,0.6,0.75,0.14,0.07,0.23,0.14,0.1
E21a,people,16-24,dense,present,319,0.8442290630833856,0.8396506677600657,20.219435736677116,9.927899686520377,0.0,9.927899686520377,8.774294670846395,0.0,0.1178024083196497,0.4998182672598519,0.8338172929040317,0.9114071752002786,15.225705329153605,8.912225705329154,8.03448275862069,3.7648902821316614,0.7962382445141066,0.5924764890282131,0.9749216300940439,0.16614420062695925,0.10344827586206896,0.25391849529780564,0.05329153605015674,0.0438871473354232
E21a,people,16-24,middle,missing,266,0.6557559282483911,0.651101492065236,20.31203007518797,9.857142857142858,0.0,9.849624060150376,9.225563909774436,0.0,0.06482724668814895,0.30891645401436135,0.6390151948408973,0.8992063492063492,15.37593984962406,8.800751879699249,8.31203007518797,3.6842105263157894,0.8984962406015038,0.7781954887218046,1.0225563909774436,0.11654135338345864,0.10150375939849623,0.22932330827067668,0.03383458646616541,0.03383458646616541
E21a,people,16-24,middle,present,609,0.8406088466714756,0.8362810876960629,24.175697865353037,9.963875205254515,0.0,9.960591133004925,9.753694581280788,0.0,0.021018062397372743,0.49104533245410825,0.827761685026103,0.931289851363743,18.211822660098523,9.254515599343186,9.108374384236454,4.510673234811166,0.6091954022988506,0.5615763546798029,1.1822660098522169,0.06896551724137931,0.05747126436781609,0.270935960591133,0.027914614121510674,0.026272577996715927
E21a,people,16-24,sparse,missing,46,0.6745958321768305,0.667773579125819,22.630434782608695,9.978260869565217,0.0,9.934782608695652,9.934782608695652,0.0,0.0,0.30729443741881324,0.650091088336447,0.8966183574879227,16.891304347826086,8.91304347826087,8.91304347826087,4.217391304347826,0.9347826086956522,0.9347826086956522,1.1521739130434783,0.06521739130434782,0.06521739130434782,0.3695652173913043,0.021739130434782608,0.021739130434782608
E21a,people,16-24,sparse,present,129,0.8566848506299101,0.8515745932741683,24.2015503875969,10.0,0.0,10.0,10.0,0.0,0.0,0.47616312392922333,0.8428812655367592,0.875968992248062,18.48062015503876,8.75968992248062,8.75968992248062,4.372093023255814,1.1627906976744187,1.1627906976744187,1.0387596899224807,0.07751937984496124,0.07751937984496124,0.31007751937984496,0.0,0.0
E21a,people,24-32,dense,missing,23,0.673447134702102,0.6729912317317465,28.956521739130434,10.0,0.0,10.0,8.043478260869565,0.0,0.1956521739130435,0.3578300485792367,0.6572623537934345,0.945479641131815,21.82608695652174,9.347826086956522,7.565217391304348,5.304347826086956,0.5652173913043478,0.391304347826087,1.5217391304347827,0.08695652173913043,0.08695652173913043,0.30434782608695654,0.0,0.0
E21a,people,24-32,dense,present,114,0.8608447559047163,0.8520001308959827,36.14035087719298,10.0,0.0,10.0,9.280701754385966,0.0,0.0719298245614035,0.5428297836006734,0.8512747350491976,0.9462510442773602,27.42105263157895,9.385964912280702,8.807017543859649,6.62280701754386,0.5350877192982456,0.40350877192982454,1.6403508771929824,0.06140350877192982,0.05263157894736842,0.45614035087719296,0.017543859649122806,0.017543859649122806
E21a,people,24-32,middle,missing,106,0.6642086458093716,0.6610240053455785,38.0,10.0,0.0,10.0,9.537735849056604,0.0,0.046226415094339626,0.34730489931578906,0.646293395532752,0.9553758610362384,28.650943396226417,9.481132075471699,9.122641509433961,7.084905660377358,0.46226415094339623,0.37735849056603776,1.8113207547169812,0.02830188679245283,0.009433962264150943,0.4528301886792453,0.02830188679245283,0.02830188679245283
E21a,people,24-32,middle,present,381,0.863225353202169,0.8572692602012414,40.63779527559055,10.0,0.0,10.0,9.923884514435695,0.0,0.007611548556430447,0.5317823887653551,0.8489641145145487,0.9382221161748721,30.601049868766403,9.372703412073491,9.307086614173228,7.6587926509186355,0.6010498687664042,0.5905511811023622,1.8871391076115485,0.026246719160104987,0.026246719160104987,0.49081364829396323,0.0,0.0
E21a,people,24-32,sparse,missing,19,0.6796203569362038,0.6609428885735964,44.10526315789474,10.0,0.0,10.0,10.0,0.0,0.0,0.34088782574001114,0.6578676763333773,0.8368421052631579,33.10526315789474,8.368421052631579,8.368421052631579,8.210526315789474,1.4736842105263157,1.4736842105263157,2.263157894736842,0.15789473684210525,0.15789473684210525,0.5263157894736842,0.0,0.0
E21a,people,24-32,sparse,present,106,0.8612536231301865,0.8528636896385337,44.87735849056604,10.0,0.0,10.0,10.0,0.0,0.0,0.5027906052627653,0.8419266770470817,0.8094339622641509,33.79245283018868,8.09433962264151,8.09433962264151,8.433962264150944,1.830188679245283,1.830188679245283,2.0283018867924527,0.0660377358490566,0.0660377358490566,0.6226415094339622,0.009433962264150943,0.009433962264150943
E21a,people,8-16,dense,missing,596,0.6121962564753606,0.6065862337564862,7.181208053691275,6.51510067114094,0.0,6.481543624161074,3.728187919463087,0.13087248322147652,0.4532478427612656,0.36156007347639557,0.595931209544888,0.7767428142428142,5.419463087248322,5.041946308724833,3.0083892617449663,1.3456375838926173,1.1090604026845639,0.5251677852348994,0.34395973154362414,0.2684563758389262,0.14093959731543623,0.07214765100671142,0.06208053691275168,0.053691275167785234
E21a,people,8-16,dense,present,510,0.8227060226833119,0.81610927511664,9.915686274509804,7.966666666666667,0.0,7.952941176470588,5.864705882352941,0.0058823529411764705,0.2735340802987862,0.49569492779775015,0.8160020682586016,0.8411374238297314,7.4411764705882355,6.327450980392157,5.007843137254902,1.9039215686274509,1.2392156862745098,0.6490196078431373,0.44901960784313727,0.2980392156862745,0.1450980392156863,0.12156862745098039,0.08823529411764706,0.06274509803921569
E21a,people,8-16,middle,missing,392,0.6008567195385695,0.5964570387209557,9.395408163265307,7.900510204081633,0.0,7.839285714285714,6.920918367346939,0.002551020408163265,0.11885426789763524,0.26902678495039567,0.5753542077358421,0.8079385377339341,7.0688775510204085,6.26530612244898,5.668367346938775,1.7857142857142858,1.2091836734693877,0.951530612244898,0.4489795918367347,0.29846938775510207,0.2423469387755102,0.09183673469387756,0.0663265306122449,0.058673469387755105
E21a,people,8-16,middle,present,261,0.8280122092857215,0.8224708115917513,13.383141762452107,9.122605363984674,0.0,9.114942528735632,8.46743295019157,0.0,0.07529951955239311,0.436827410055303,0.8187480532346557,0.8597245028279511,10.122605363984674,7.793103448275862,7.398467432950191,2.528735632183908,1.0344827586206897,0.8352490421455939,0.5210727969348659,0.18007662835249041,0.13409961685823754,0.210727969348659,0.10727969348659004,0.09961685823754789
E21a,people,8-16,sparse,missing,46,0.659544935045035,0.6529119448817294,8.891304347826088,7.521739130434782,0.0,7.521739130434782,7.521739130434782,0.0,0.0,0.2979899385701055,0.6291694867870082,0.7733954451345756,6.630434782608695,5.891304347826087,5.891304347826087,1.7173913043478262,1.326086956521739,1.326086956521739,0.4782608695652174,0.2826086956521739,0.2826086956521739,0.06521739130434782,0.021739130434782608,0.021739130434782608
E21a,people,8-16,sparse,present,58,0.8195318004180645,0.8144986896679319,10.482758620689655,8.5,0.0,8.431034482758621,8.431034482758621,0.0,0.0,0.3965857958999173,0.808871041084158,0.7969348659003831,7.844827586206897,6.827586206896552,6.827586206896552,2.0517241379310347,1.3448275862068966,1.3448275862068966,0.46551724137931033,0.2413793103448276,0.2413793103448276,0.1206896551724138,0.017241379310344827,0.017241379310344827
E21a,tricycle,0-8,dense,missing,15,0.5730166375637055,0.5699292480945587,2.466666666666667,2.466666666666667,0.0,2.3333333333333335,2.0,0.13333333333333333,0.16,0.43822683279330915,0.583950033554664,0.7948717948717948,1.9333333333333333,1.8666666666666667,1.6666666666666667,0.26666666666666666,0.2,0.13333333333333333,0.26666666666666666,0.26666666666666666,0.2,0.0,0.0,0.0
E21a,tricycle,0-8,dense,present,3,0.8344999154408773,0.8278080821037292,4.666666666666667,4.666666666666667,0.0,4.666666666666667,4.666666666666667,0.0,0.0,0.43463335434595746,0.833440879980723,0.719047619047619,3.6666666666666665,3.6666666666666665,3.6666666666666665,0.6666666666666666,0.6666666666666666,0.6666666666666666,0.3333333333333333,0.3333333333333333,0.3333333333333333,0.0,0.0,0.0
E21a,tricycle,0-8,middle,missing,10,0.6341256141662598,0.6320513725280762,2.9,2.9,0.0,2.9,2.9,0.0,0.0,0.38952543437480924,0.6057634979486466,0.669047619047619,2.2,2.2,2.2,0.6,0.6,0.6,0.1,0.1,0.1,0.0,0.0,0.0
E21a,tricycle,0-8,middle,present,10,0.7977816581726074,0.7540355443954467,4.0,4.0,0.0,3.9,3.9,0.0,0.0,0.4962210923433304,0.7954035222530365,0.6890476190476191,2.6,2.6,2.6,0.9,0.9,0.9,0.3,0.2,0.2,0.2,0.2,0.2
E21a,tricycle,0-8,sparse,missing,3,0.6085724731286367,0.6085724731286367,5.666666666666667,5.666666666666667,0.0,5.666666666666667,5.666666666666667,0.0,0.0,0.3226971278587977,0.6037977735201517,0.7555555555555555,4.333333333333333,4.333333333333333,4.333333333333333,1.0,1.0,1.0,0.3333333333333333,0.3333333333333333,0.3333333333333333,0.0,0.0,0.0
E21a,tricycle,16-24,dense,missing,9,0.6767286062240601,0.6142706208758884,26.77777777777778,10.0,0.0,10.0,8.11111111111111,0.0,0.18888888888888888,0.30810990184545517,0.6513746215237511,0.5239858906525573,19.77777777777778,5.0,4.0,5.666666666666667,4.111111111111111,3.2222222222222223,1.1111111111111112,0.8888888888888888,0.8888888888888888,0.2222222222222222,0.0,0.0
E21a,tricycle,16-24,dense,present,29,0.8773760507846701,0.8460994650577677,22.517241379310345,10.0,0.0,10.0,9.758620689655173,0.0,0.024137931034482762,0.5149279503986753,0.8688760728671633,0.5840038314176245,17.0,5.931034482758621,5.689655172413793,4.241379310344827,3.413793103448276,3.413793103448276,0.9655172413793104,0.6551724137931034,0.6551724137931034,0.3103448275862069,0.0,0.0
E21a,tricycle,16-24,middle,missing,27,0.6552379837742558,0.6337569013789848,27.25925925925926,10.0,0.0,10.0,9.851851851851851,0.0,0.014814814814814815,0.2761826620057777,0.6418058022304818,0.6858906525573192,20.48148148148148,6.814814814814815,6.814814814814815,5.148148148148148,2.7777777777777777,2.6666666666666665,1.3333333333333333,0.4074074074074074,0.37037037037037035,0.2962962962962963,0.0,0.0
E21a,tricycle,16-24,middle,present,73,0.8476905406337895,0.8300810831866853,28.52054794520548,10.0,0.0,10.0,9.95890410958904,0.0,0.004109589041095891,0.4707271634307626,0.8385751206580907,0.6135983118859831,21.0,6.1506849315068495,6.109589041095891,5.698630136986301,3.219178082191781,3.219178082191781,1.452054794520548,0.6164383561643836,0.6164383561643836,0.3698630136986301,0.0136986301369863,0.0136986301369863
E21a,tricycle,16-24,sparse,missing,16,0.6817000135779381,0.6563543118536472,33.1875,10.0,0.0,10.0,10.0,0.0,0.0,0.351024379953742,0.6611474305391312,0.525,25.3125,5.25,5.25,6.125,3.9375,3.9375,1.4375,0.75,0.75,0.3125,0.0625,0.0625
E21a,tricycle,16-24,sparse,present,54,0.856158255426972,0.8329728378189935,33.166666666666664,10.0,0.0,10.0,10.0,0.0,0.0,0.5125042169734284,0.8285580509238772,0.587037037037037,24.962962962962962,5.87037037037037,5.87037037037037,6.296296296296297,3.5555555555555554,3.5555555555555554,1.537037037037037,0.5555555555555556,0.5555555555555556,0.37037037037037035,0.018518518518518517,0.018518518518518517
E21a,tricycle,24-32,dense,missing,5,0.5755616009235383,0.4722305953502655,42.4,10.0,0.0,10.0,9.2,0.0,0.08,0.24897373914718623,0.5542803883552552,0.3477777777777778,31.6,3.4,3.2,7.8,5.6,5.0,2.4,1.0,1.0,0.6,0.0,0.0
E21a,tricycle,24-32,dense,present,23,0.8678845555885978,0.7505574368912241,45.91304347826087,10.0,0.0,10.0,9.869565217391305,0.0,0.013043478260869568,0.5056650107321532,0.8404733253561932,0.2672705314009662,34.69565217391305,2.739130434782609,2.652173913043478,8.652173913043478,5.782608695652174,5.739130434782608,2.0869565217391304,1.4782608695652173,1.4782608695652173,0.4782608695652174,0.0,0.0
E21a,tricycle,24-32,middle,missing,20,0.6458351001143455,0.5743668951094151,42.8,10.0,0.0,10.0,9.7,0.0,0.03,0.25077504143118856,0.6276599436998367,0.6025,32.0,6.15,5.95,7.95,3.25,3.15,2.4,0.6,0.6,0.45,0.0,0.0
E21a,tricycle,24-32,middle,present,67,0.8735368278489184,0.8004160114188692,50.04477611940298,10.0,0.0,10.0,10.0,0.0,0.0,0.48859409987926483,0.8599677041395387,0.40857832051861903,37.71641791044776,4.08955223880597,4.08955223880597,9.417910447761194,4.850746268656716,4.850746268656716,2.2388059701492535,1.0298507462686568,1.0298507462686568,0.6716417910447762,0.029850746268656716,0.029850746268656716
E21a,tricycle,24-32,sparse,missing,17,0.6705425171291127,0.6019038259983063,57.76470588235294,10.0,0.0,10.0,10.0,0.0,0.0,0.2771873320726787,0.6557151534978081,0.5,43.64705882352941,5.0,5.0,10.941176470588236,4.176470588235294,4.176470588235294,2.411764705882353,0.8235294117647058,0.8235294117647058,0.7647058823529411,0.0,0.0
E21a,tricycle,24-32,sparse,present,89,0.8691485041982672,0.8001115851187974,50.8876404494382,10.0,0.0,10.0,10.0,0.0,0.0,0.514281192020084,0.8594740836807852,0.4123595505617978,38.438202247191015,4.123595505617978,4.123595505617978,9.382022471910112,4.943820224719101,4.943820224719101,2.4269662921348316,0.9325842696629213,0.9325842696629213,0.6404494382022472,0.0,0.0
E21a,tricycle,8-16,dense,missing,20,0.6446424648165703,0.6283457458019257,6.65,6.2,0.0,6.2,5.45,0.0,0.09714285714285713,0.3270634680986404,0.6253770023584366,0.7112103174603175,4.75,4.35,3.8,1.4,1.35,1.25,0.5,0.5,0.4,0.0,0.0,0.0
E21a,tricycle,8-16,dense,present,41,0.8323570867864097,0.8186564590872788,10.560975609756097,8.390243902439025,0.0,8.317073170731707,7.926829268292683,0.0,0.06234998064266357,0.4556960725202793,0.8223856585781749,0.7433313975996902,8.21951219512195,6.2439024390243905,5.926829268292683,1.7804878048780488,1.7073170731707317,1.6341463414634145,0.4634146341463415,0.3170731707317073,0.3170731707317073,0.0975609756097561,0.04878048780487805,0.04878048780487805
E21a,tricycle,8-16,middle,missing,23,0.6370527524015178,0.628535799358202,12.08695652173913,8.956521739130435,0.0,8.826086956521738,8.521739130434783,0.0,0.03152173913043479,0.2690750162886536,0.6222758098788883,0.7992753623188406,9.391304347826088,7.0,6.826086956521739,2.1739130434782608,1.5217391304347827,1.391304347826087,0.34782608695652173,0.21739130434782608,0.21739130434782608,0.17391304347826086,0.08695652173913043,0.08695652173913043
E21a,tricycle,8-16,middle,present,35,0.8291533981050764,0.8109370180538722,10.82857142857143,8.0,0.0,8.0,7.9714285714285715,0.0,0.002857142857142857,0.435210639664105,0.8202968682561602,0.7307709750566893,7.942857142857143,5.914285714285715,5.885714285714286,2.3714285714285714,1.7428571428571429,1.7428571428571429,0.42857142857142855,0.3142857142857143,0.3142857142857143,0.08571428571428572,0.02857142857142857,0.02857142857142857
E21a,tricycle,8-16,sparse,missing,16,0.6583680026233196,0.6407099384814501,11.875,9.25,0.0,9.25,9.25,0.0,0.0,0.24250656832009548,0.6433241628110409,0.7789186507936507,9.4375,7.1875,7.1875,1.8125,1.5625,1.5625,0.375,0.375,0.375,0.25,0.125,0.125
E21a,tricycle,8-16,sparse,present,16,0.842232272028923,0.8200009800493717,14.1875,9.3125,0.0,9.3125,9.3125,0.0,0.0,0.3950598668307066,0.8349884077906609,0.7296130952380953,10.625,6.875,6.875,2.8125,2.0625,2.0625,0.625,0.3125,0.3125,0.125,0.0625,0.0625
E21a,truck,0-8,dense,missing,3,0.5651893516381582,0.5651893516381582,2.3333333333333335,2.3333333333333335,0.0,2.3333333333333335,2.3333333333333335,0.0,0.0,0.29908708731333417,0.5616951684157053,0.7222222222222222,1.6666666666666667,1.6666666666666667,1.6666666666666667,0.6666666666666666,0.6666666666666666,0.6666666666666666,0.0,0.0,0.0,0.0,0.0,0.0
E21a,truck,0-8,dense,present,2,0.7918513417243958,0.7918513417243958,2.0,2.0,0.0,2.0,2.0,0.0,0.0,0.5407222807407379,0.7891842424869537,0.8333333333333333,1.5,1.5,1.5,0.0,0.0,0.0,0.5,0.5,0.5,0.0,0.0,0.0
E21a,truck,0-8,middle,missing,4,0.6650118231773376,0.6650118231773376,3.25,3.25,0.0,3.0,3.0,0.0,0.0,0.3950502909719944,0.6585097014904022,0.7333333333333333,2.25,2.0,2.0,0.75,0.75,0.75,0.0,0.0,0.0,0.25,0.25,0.25
E21a,truck,0-8,middle,present,3,0.8054420153299967,0.7706958850224813,4.0,4.0,0.0,4.0,4.0,0.0,0.0,0.5882710814476013,0.7947819828987122,0.7000000000000001,3.0,3.0,3.0,1.0,1.0,1.0,0.0,0.0,0.0,0.0,0.0,0.0
E21a,truck,16-24,dense,present,3,0.8384199937184652,0.8061115940411886,16.0,10.0,0.0,10.0,10.0,0.0,0.0,0.36834394931793213,0.8178482453028361,0.7333333333333334,12.0,7.333333333333333,7.333333333333333,2.3333333333333335,2.0,2.0,1.6666666666666667,0.6666666666666666,0.6666666666666666,0.0,0.0,0.0
E21a,truck,16-24,middle,missing,21,0.6186665523619879,0.5777050157388052,19.238095238095237,10.0,0.0,10.0,9.666666666666666,0.0,0.03333333333333334,0.23870928479092457,0.6006940844513121,0.7824074074074074,14.666666666666666,7.809523809523809,7.523809523809524,3.380952380952381,1.8571428571428572,1.8095238095238095,1.0476190476190477,0.3333333333333333,0.3333333333333333,0.14285714285714285,0.0,0.0
E21a,truck,16-24,middle,present,40,0.8527243003249169,0.8257386103272438,25.825,10.0,0.0,10.0,9.975,0.0,0.0025,0.46189085524529216,0.8386555716395379,0.7066666666666667,19.675,7.075,7.05,4.675,2.5,2.5,1.15,0.425,0.425,0.325,0.0,0.0
E21a,truck,16-24,sparse,missing,8,0.618636965751648,0.5962487086653709,25.375,10.0,0.0,10.0,10.0,0.0,0.0,0.16451670415699476,0.6104422844946384,0.725,19.375,7.25,7.25,4.125,2.0,2.0,1.25,0.75,0.75,0.625,0.0,0.0
E21a,truck,16-24,sparse,present,43,0.876925318740135,0.8654491859813069,30.186046511627907,10.0,0.0,10.0,10.0,0.0,0.0,0.5899112539929013,0.8545244294543599,0.6558139534883721,22.930232558139537,6.558139534883721,6.558139534883721,5.511627906976744,3.116279069767442,3.116279069767442,1.3255813953488371,0.32558139534883723,0.32558139534883723,0.4186046511627907,0.0,0.0
E21a,truck,24-32,dense,missing,1,0.5300264954566956,0.5300264954566956,40.0,10.0,0.0,10.0,7.0,0.0,0.3,0.2036928683519363,0.4847033321857452,0.4285714285714285,27.0,5.0,3.0,10.0,4.0,3.0,2.0,1.0,1.0,1.0,0.0,0.0
E21a,truck,24-32,middle,missing,11,0.630577260797674,0.5837327973409132,36.63636363636363,10.0,0.0,10.0,8.909090909090908,0.0,0.10909090909090911,0.28353870321403846,0.6210100217299028,0.7002886002886003,26.818181818181817,7.181818181818182,6.2727272727272725,7.545454545454546,2.272727272727273,2.090909090909091,1.9090909090909092,0.45454545454545453,0.45454545454545453,0.36363636363636365,0.09090909090909091,0.09090909090909091
E21a,truck,24-32,middle,present,33,0.8650772625749762,0.8530142397591562,37.878787878787875,10.0,0.0,10.0,9.727272727272727,0.0,0.027272727272727275,0.4708883121158137,0.8480041135441173,0.6736531986531986,28.545454545454547,6.696969696969697,6.515151515151516,7.03030303030303,2.9696969696969697,2.878787878787879,1.9393939393939394,0.3333333333333333,0.3333333333333333,0.36363636363636365,0.0,0.0
E21a,truck,24-32,sparse,missing,4,0.5611363798379898,0.5607900470495224,33.0,10.0,0.0,10.0,10.0,0.0,0.0,0.23275960609316823,0.5443357229232788,0.7749999999999999,25.5,7.75,7.75,5.5,1.75,1.75,1.5,0.5,0.5,0.5,0.0,0.0
E21a,truck,24-32,sparse,present,34,0.8947127391310299,0.8444456799941904,51.0,10.0,0.0,10.0,10.0,0.0,0.0,0.5934875169221092,0.8653348123326021,0.41470588235294115,38.64705882352941,4.147058823529412,4.147058823529412,9.294117647058824,5.0588235294117645,5.0588235294117645,2.411764705882353,0.7941176470588235,0.7941176470588235,0.6470588235294118,0.0,0.0
E21a,truck,8-16,dense,missing,8,0.6310526616871357,0.612909335643053,9.125,8.0,0.0,8.0,5.75,0.0,0.23645833333333333,0.2848228085786104,0.6224332936108112,0.7297619047619047,7.0,6.0,4.25,1.375,1.25,0.875,0.5,0.5,0.5,0.25,0.25,0.125
E21a,truck,8-16,dense,present,3,0.8317447702089945,0.8207768797874451,16.0,10.0,0.0,10.0,9.333333333333334,0.0,0.06666666666666667,0.38402941823005676,0.8297692735989889,0.8583333333333334,11.666666666666666,8.666666666666666,8.0,3.6666666666666665,1.0,1.0,0.6666666666666666,0.3333333333333333,0.3333333333333333,0.0,0.0,0.0
E21a,truck,8-16,middle,missing,30,0.6369455426931381,0.6263464291890463,9.833333333333334,8.066666666666666,0.0,7.866666666666666,7.6,0.0,0.03259259259259259,0.24142491072416303,0.618507315715154,0.790542328042328,7.633333333333334,6.166666666666667,5.933333333333334,1.7666666666666666,1.3333333333333333,1.3,0.3,0.26666666666666666,0.26666666666666666,0.13333333333333333,0.1,0.1
E21a,truck,8-16,middle,present,31,0.8452985094439599,0.8247770993940292,11.064516129032258,9.0,0.0,8.903225806451612,8.806451612903226,0.0,0.01129032258064516,0.4487753717168685,0.8406039380258129,0.7720174091141834,8.32258064516129,6.870967741935484,6.806451612903226,2.193548387096774,1.6774193548387097,1.6451612903225807,0.4838709677419355,0.3225806451612903,0.3225806451612903,0.06451612903225806,0.03225806451612903,0.03225806451612903
E21a,truck,8-16,sparse,missing,3,0.7023613055547079,0.7023613055547079,6.0,6.0,0.0,6.0,6.0,0.0,0.0,0.36997968951861065,0.6970810095469157,0.7904761904761904,4.666666666666667,4.666666666666667,4.666666666666667,1.0,1.0,1.0,0.3333333333333333,0.3333333333333333,0.3333333333333333,0.0,0.0,0.0
E21a,truck,8-16,sparse,present,4,0.8399902731180191,0.8399902731180191,8.5,7.25,0.0,7.25,7.25,0.0,0.0,0.5205311998724937,0.8388652801513672,0.7791666666666667,6.5,5.75,5.75,1.25,1.0,1.0,0.5,0.25,0.25,0.25,0.25,0.25
E21a,van,0-8,dense,missing,19,0.5983508809616691,0.5798828413611964,2.6315789473684212,2.6315789473684212,0.0,2.6315789473684212,2.1578947368421053,0.05263157894736842,0.18646616541353384,0.3917064401838515,0.5740616901053323,0.7777777777777778,2.1052631578947367,2.1052631578947367,1.6842105263157894,0.3157894736842105,0.3157894736842105,0.3157894736842105,0.15789473684210525,0.15789473684210525,0.15789473684210525,0.05263157894736842,0.05263157894736842,0.0
E21a,van,0-8,dense,present,6,0.8211372097333273,0.7924606204032898,4.5,4.5,0.0,4.333333333333333,3.3333333333333335,0.0,0.15079365079365079,0.4683801233768463,0.8189510007699331,0.7083333333333334,3.5,3.3333333333333335,2.3333333333333335,0.8333333333333334,0.8333333333333334,0.8333333333333334,0.16666666666666666,0.16666666666666666,0.16666666666666666,0.0,0.0,0.0
E21a,van,0-8,middle,missing,26,0.6057758044738036,0.5955848453136591,2.8076923076923075,2.8076923076923075,0.038461538461538464,2.8076923076923075,2.769230769230769,0.038461538461538464,0.013333333333333332,0.3891104203462601,0.59504714012146,0.7233333333333333,1.9615384615384615,1.9615384615384615,1.9615384615384615,0.7307692307692307,0.7307692307692307,0.6923076923076923,0.07692307692307693,0.07692307692307693,0.07692307692307693,0.038461538461538464,0.038461538461538464,0.038461538461538464
E21a,van,0-8,middle,present,12,0.7997618118921915,0.7819435795148214,3.0,3.0,0.0,3.0,2.9166666666666665,0.0,0.027777777777777776,0.5308020760615667,0.7790166984001795,0.775,2.1666666666666665,2.1666666666666665,2.1666666666666665,0.4166666666666667,0.4166666666666667,0.3333333333333333,0.4166666666666667,0.4166666666666667,0.4166666666666667,0.0,0.0,0.0
E21a,van,0-8,sparse,missing,3,0.6056805650393168,0.6056805650393168,4.666666666666667,4.666666666666667,0.0,4.333333333333333,4.333333333333333,0.0,0.0,0.41782336433728534,0.543378214041392,0.6111111111111112,4.0,3.6666666666666665,3.6666666666666665,0.3333333333333333,0.3333333333333333,0.3333333333333333,0.0,0.0,0.0,0.3333333333333333,0.3333333333333333,0.3333333333333333
E21a,van,16-24,dense,missing,10,0.6665890455245972,0.6625369906425476,17.6,10.0,0.0,10.0,7.6,0.0,0.24,0.27680102959275243,0.6563782513141632,0.7752272727272727,13.0,7.7,5.8,3.6,2.1,1.5,0.8,0.2,0.3,0.2,0.0,0.0
E21a,van,16-24,dense,present,20,0.838675457239151,0.8326614946126938,17.35,9.9,0.0,9.9,8.3,0.0,0.1625,0.4241844154894352,0.8356224656105041,0.7945833333333334,12.75,7.75,6.55,3.5,1.8,1.45,0.9,0.35,0.3,0.2,0.0,0.0
E21a,van,16-24,middle,missing,24,0.6722158292929331,0.66800423959891,20.416666666666668,9.916666666666666,0.0,9.916666666666666,9.166666666666666,0.0,0.078125,0.3015783950686454,0.663249135017395,0.765922619047619,15.208333333333334,7.708333333333333,7.125,3.8333333333333335,1.9583333333333333,1.7916666666666667,1.0416666666666667,0.16666666666666666,0.16666666666666666,0.3333333333333333,0.08333333333333333,0.08333333333333333
E21a,van,16-24,middle,present,158,0.8737420145469376,0.8657229380517066,21.550632911392405,9.987341772151899,0.0,9.981012658227849,9.930379746835444,0.0,0.005063291139240506,0.5465941170725641,0.8625526058522961,0.811726441631505,16.259493670886076,8.10126582278481,8.063291139240507,4.006329113924051,1.7468354430379747,1.740506329113924,1.0253164556962024,0.12658227848101267,0.12025316455696203,0.25949367088607594,0.006329113924050633,0.006329113924050633
E21a,van,16-24,sparse,missing,3,0.7162174185117086,0.7162174185117086,27.0,10.0,0.0,10.0,10.0,0.0,0.0,0.4250750740369161,0.7154019872347513,0.9,20.0,9.0,9.0,5.333333333333333,1.0,1.0,1.3333333333333333,0.0,0.0,0.3333333333333333,0.0,0.0
E21a,van,16-24,sparse,present,73,0.8850132014653455,0.8702471982942869,24.232876712328768,10.0,0.0,10.0,10.0,0.0,0.0,0.5963214778736846,0.8584779517291343,0.7493150684931508,18.34246575342466,7.493150684931507,7.493150684931507,4.383561643835616,2.3835616438356166,2.3835616438356166,1.1369863013698631,0.1232876712328767,0.1232876712328767,0.3698630136986301,0.0,0.0
E21a,van,24-32,dense,missing,1,0.646973729133606,0.646973729133606,30.0,10.0,0.0,10.0,0.0,1.0,1.0,,,,21.0,8.0,0.0,8.0,2.0,0.0,1.0,0.0,0.0,0.0,0.0,0.0
E21a,van,24-32,dense,present,6,0.8403031826019287,0.8372881015141805,39.5,10.0,0.0,10.0,8.5,0.0,0.15,0.4939241210619609,0.8383375108242035,0.8546296296296297,30.166666666666668,8.666666666666666,7.333333333333333,7.333333333333333,1.3333333333333333,1.1666666666666667,1.8333333333333333,0.0,0.0,0.16666666666666666,0.0,0.0
E21a,van,24-32,middle,missing,10,0.6976034224033356,0.662673932313919,38.5,10.0,0.0,10.0,10.0,0.0,0.0,0.3309822037816047,0.6729360461235047,0.86,29.0,8.6,8.6,7.2,1.2,1.2,1.8,0.2,0.2,0.5,0.0,0.0
E21a,van,24-32,middle,present,167,0.8885767049418238,0.8794406834476722,41.862275449101794,10.0,0.0,10.0,9.988023952095809,0.0,0.0011976047904191617,0.5766863755123344,0.8713169497644117,0.7274057944716628,31.44311377245509,7.263473053892215,7.263473053892215,8.011976047904191,2.6167664670658684,2.5988023952095807,1.910179640718563,0.11976047904191617,0.12574850299401197,0.49700598802395207,0.0,0.0
E21a,van,24-32,sparse,missing,4,0.6737799495458603,0.631499744951725,61.75,10.0,0.0,10.0,10.0,0.0,0.0,0.28138928115367884,0.6214677169919014,0.65,44.75,6.5,6.5,12.75,2.75,2.75,3.75,0.75,0.75,0.5,0.0,0.0
E21a,van,24-32,sparse,present,133,0.9005786556946603,0.8856169944419,45.75187969924812,10.0,0.0,10.0,10.0,0.0,0.0,0.6631488099806291,0.8743856199701926,0.5458646616541353,34.233082706766915,5.458646616541353,5.458646616541353,8.909774436090226,4.2105263157894735,4.2105263157894735,2.0225563909774436,0.3308270676691729,0.3308270676691729,0.5864661654135338,0.0,0.0
E21a,van,8-16,dense,missing,34,0.6204927809098187,0.6082844348514781,6.852941176470588,6.588235294117647,0.0,6.529411764705882,4.5,0.029411764705882353,0.3193860877684407,0.3269490265485012,0.5959793934316346,0.7529581529581529,5.294117647058823,5.029411764705882,3.3529411764705883,1.088235294117647,1.0294117647058822,0.8235294117647058,0.4117647058823529,0.4117647058823529,0.29411764705882354,0.058823529411764705,0.058823529411764705,0.029411764705882353
E21a,van,8-16,dense,present,16,0.8314545005559921,0.8226229920983315,7.25,7.1875,0.0,7.0,6.0625,0.0,0.13043154761904763,0.4127635257318616,0.8256831280887127,0.7466765873015873,5.375,5.1875,4.5,1.5,1.4375,1.1875,0.375,0.375,0.375,0.0,0.0,0.0
E21a,van,8-16,middle,missing,46,0.6576574801102929,0.6484712666791418,9.23913043478261,7.543478260869565,0.0,7.478260869565218,7.1521739130434785,0.0,0.03972567287784679,0.33156450068497134,0.638748516207156,0.7747498274672189,7.0,5.869565217391305,5.630434782608695,1.7826086956521738,1.3695652173913044,1.2826086956521738,0.34782608695652173,0.1956521739130435,0.1956521739130435,0.10869565217391304,0.043478260869565216,0.043478260869565216
E21a,van,8-16,middle,present,120,0.8456600407759348,0.840964659055074,9.983333333333333,8.133333333333333,0.0,8.091666666666667,7.966666666666667,0.0,0.015482804232804234,0.49072518944740295,0.8411751881241798,0.7790410052910054,7.558333333333334,6.35,6.258333333333334,1.8666666666666667,1.4583333333333333,1.4333333333333333,0.45,0.23333333333333334,0.225,0.10833333333333334,0.05,0.05
E21a,van,8-16,sparse,missing,12,0.6547187020381292,0.6460854162772497,11.583333333333334,7.666666666666667,0.0,7.666666666666667,7.666666666666667,0.0,0.0,0.36389730374018353,0.6469544569651285,0.7734126984126984,8.583333333333334,6.166666666666667,6.166666666666667,2.1666666666666665,1.0833333333333333,1.0833333333333333,0.5833333333333334,0.3333333333333333,0.3333333333333333,0.25,0.08333333333333333,0.08333333333333333
E21a,van,8-16,sparse,present,34,0.844130442422979,0.8377858277629403,13.852941176470589,9.058823529411764,0.0,9.058823529411764,9.058823529411764,0.0,0.0,0.5550327765591004,0.8280865409794975,0.7817226890756303,10.588235294117647,7.0588235294117645,7.0588235294117645,2.5,1.7647058823529411,1.7647058823529411,0.5294117647058824,0.17647058823529413,0.17647058823529413,0.23529411764705882,0.058823529411764705,0.058823529411764705
